{
 "type": "FeatureCollection",
 "features": [
  {
   "type": "Feature",
   "properties": {
    "colour": "#e542de",
    "duration": "01:20",
    "from": "Whitefield (Kadugodi)",
    "interval": "10",
    "interval:conditional": "8 @ (Mo-Sa 10:57-15:21; Su 10:33-20:01; PH 07:14-20:01); 15 @ (Mo-Sa 22:01-00:00; Su,PH 22:45-00:00); 20 @ (Mo-Sa 05:00-05:20); 14 @ (Su,PH 22:31-22:45)",
    "name": "Purple Line (Whitefield (Kadugodi) → Challaghatta)",
    "name:kn": "ನೇರಳೆ ಪಥ (ವೈಟ್‌ಫೀಲ್ಡ್ (ಕಾಡುಗೋಡಿ) -> ಚಲ್ಲಘಟ್ಟ)",
    "network": "Namma Metro",
    "network:wikidata": "Q279343",
    "opening_hours": "Mo 04:15-00:00; Tu-Sa,PH 05:00-00:00; Su 07:00-00:00",
    "operator": "BMRCL",
    "public_transport:version": "2",
    "ref": "Purple",
    "route": "subway",
    "to": "Challaghatta",
    "type": "route",
    "wikidata": "Q7261433",
    "wikipedia": "en:Purple Line (Namma Metro)",
    "@id": "relation/1798771"
   },
   "geometry": {
    "type": "LineString",
    "coordinates": [
     [
      77.4606635,
      12.8967793
     ],
     [
      77.4610021,
      12.8970943
     ],
     [
      77.4612476,
      12.897289
     ],
     [
      77.4617361,
      12.8976766
     ],
     [
      77.4621519,
      12.8979418
     ],
     [
      77.4630087,
      12.8984882
     ],
     [
      77.4647337,
      12.8995756
     ],
     [
      77.4655545,
      12.9001351
     ],
     [
      77.4663316,
      12.9006051
     ],
     [
      77.4688749,
      12.9019787
     ],
     [
      77.4691442,
      12.9021746
     ],
     [
      77.4695975,
      12.9026627
     ],
     [
      77.4699844,
      12.9032765
     ],
     [
      77.4706463,
      12.9043691
     ],
     [
      77.4708057,
      12.9046297
     ],
     [
      77.4709934,
      12.904846
     ],
     [
      77.4712438,
      12.9050568
     ],
     [
      77.4719986,
      12.9055984
     ],
     [
      77.4732453,
      12.9065872
     ],
     [
      77.4733498,
      12.9066587
     ],
     [
      77.4734576,
      12.9067256
     ],
     [
      77.4735684,
      12.9067876
     ],
     [
      77.4736922,
      12.9068495
     ],
     [
      77.473819,
      12.9069053
     ],
     [
      77.4739485,
      12.906955
     ],
     [
      77.4748905,
      12.9071541
     ],
     [
      77.47535,
      12.9072512
     ],
     [
      77.475485,
      12.9073125
     ],
     [
      77.4756449,
      12.9073791
     ],
     [
      77.4757168,
      12.9074198
     ],
     [
      77.4758223,
      12.9074713
     ],
     [
      77.4759815,
      12.9075723
     ],
     [
      77.4765871,
      12.9078971
     ],
     [
      77.4773244,
      12.908365
     ],
     [
      77.4774569,
      12.9084276
     ],
     [
      77.4775925,
      12.9084834
     ],
     [
      77.4777308,
      12.9085324
     ],
     [
      77.4778906,
      12.9085796
     ],
     [
      77.4780529,
      12.9086177
     ],
     [
      77.4782172,
      12.9086465
     ],
     [
      77.4786989,
      12.9087271
     ],
     [
      77.4788066,
      12.9087528
     ],
     [
      77.4789912,
      12.9088108
     ],
     [
      77.4799941,
      12.9091915
     ],
     [
      77.480085,
      12.9092287
     ],
     [
      77.4802192,
      12.9092929
     ],
     [
      77.4804171,
      12.9094134
     ],
     [
      77.480538,
      12.9094887
     ],
     [
      77.4806546,
      12.9095755
     ],
     [
      77.4807777,
      12.9096767
     ],
     [
      77.480906,
      12.9097715
     ],
     [
      77.4810392,
      12.9098598
     ],
     [
      77.4811769,
      12.9099411
     ],
     [
      77.4813188,
      12.9100155
     ],
     [
      77.4814644,
      12.9100825
     ],
     [
      77.4816133,
      12.9101421
     ],
     [
      77.4817579,
      12.9101918
     ],
     [
      77.4819048,
      12.9102345
     ],
     [
      77.4820538,
      12.9102701
     ],
     [
      77.4822043,
      12.9102985
     ],
     [
      77.4823561,
      12.9103196
     ],
     [
      77.4824726,
      12.9103301
     ],
     [
      77.4825087,
      12.9103333
     ],
     [
      77.4826619,
      12.9103397
     ],
     [
      77.4833364,
      12.9103182
     ],
     [
      77.4834406,
      12.9103047
     ],
     [
      77.4835455,
      12.9102997
     ],
     [
      77.4836505,
      12.9103032
     ],
     [
      77.4837549,
      12.9103151
     ],
     [
      77.4838578,
      12.9103355
     ],
     [
      77.4839587,
      12.9103642
     ],
     [
      77.4840568,
      12.9104009
     ],
     [
      77.4841514,
      12.9104454
     ],
     [
      77.4842419,
      12.9104975
     ],
     [
      77.48433,
      12.9105585
     ],
     [
      77.4844125,
      12.9106266
     ],
     [
      77.4844887,
      12.9107014
     ],
     [
      77.484558,
      12.9107822
     ],
     [
      77.4846201,
      12.9108685
     ],
     [
      77.4846743,
      12.9109596
     ],
     [
      77.4847203,
      12.911055
     ],
     [
      77.4847578,
      12.9111538
     ],
     [
      77.4847791,
      12.9112209
     ],
     [
      77.4849447,
      12.9117663
     ],
     [
      77.4850722,
      12.9122301
     ],
     [
      77.4852492,
      12.9125922
     ],
     [
      77.4853752,
      12.9127687
     ],
     [
      77.4855423,
      12.9129277
     ],
     [
      77.485942,
      12.9132335
     ],
     [
      77.4863108,
      12.913508
     ],
     [
      77.487301,
      12.9142275
     ],
     [
      77.4878613,
      12.9146648
     ],
     [
      77.4883209,
      12.9150235
     ],
     [
      77.488822,
      12.915393
     ],
     [
      77.4890965,
      12.91565
     ],
     [
      77.489274,
      12.9158176
     ],
     [
      77.489703,
      12.9162052
     ],
     [
      77.4901348,
      12.9165478
     ],
     [
      77.4904548,
      12.9169158
     ],
     [
      77.490686,
      12.9174184
     ],
     [
      77.4912563,
      12.918592
     ],
     [
      77.4915169,
      12.9189942
     ],
     [
      77.4920534,
      12.9195589
     ],
     [
      77.4925756,
      12.9199621
     ],
     [
      77.4928438,
      12.9202183
     ],
     [
      77.4934017,
      12.9209189
     ],
     [
      77.4935286,
      12.9211223
     ],
     [
      77.4936949,
      12.9213628
     ],
     [
      77.4939167,
      12.9215568
     ],
     [
      77.4944424,
      12.9218914
     ],
     [
      77.4960835,
      12.9227353
     ],
     [
      77.496839,
      12.9230443
     ],
     [
      77.4972909,
      12.9232522
     ],
     [
      77.4975874,
      12.92346
     ],
     [
      77.4980924,
      12.9239667
     ],
     [
      77.4983713,
      12.9242399
     ],
     [
      77.4992082,
      12.9250594
     ],
     [
      77.5002864,
      12.9260424
     ],
     [
      77.5009374,
      12.9265292
     ],
     [
      77.5025341,
      12.9277312
     ],
     [
      77.5030169,
      12.9281756
     ],
     [
      77.5034353,
      12.9286462
     ],
     [
      77.5039146,
      12.9290597
     ],
     [
      77.5040245,
      12.929119
     ],
     [
      77.5042975,
      12.9292088
     ],
     [
      77.505068,
      12.9294623
     ],
     [
      77.5052986,
      12.9295768
     ],
     [
      77.5055432,
      12.9297291
     ],
     [
      77.5057921,
      12.9299725
     ],
     [
      77.5060051,
      12.9302992
     ],
     [
      77.50618,
      12.9306292
     ],
     [
      77.5064287,
      12.9310983
     ],
     [
      77.5065682,
      12.9312394
     ],
     [
      77.5068417,
      12.9314486
     ],
     [
      77.5084517,
      12.9325419
     ],
     [
      77.5085803,
      12.9326653
     ],
     [
      77.5087501,
      12.9328269
     ],
     [
      77.5105363,
      12.9344608
     ],
     [
      77.5107598,
      12.9346992
     ],
     [
      77.5110468,
      12.934922
     ],
     [
      77.5115524,
      12.9351281
     ],
     [
      77.5124194,
      12.935405
     ],
     [
      77.512825,
      12.9355454
     ],
     [
      77.5135063,
      12.9358029
     ],
     [
      77.5138383,
      12.9359304
     ],
     [
      77.5142394,
      12.9360102
     ],
     [
      77.515099,
      12.9360598
     ],
     [
      77.5155147,
      12.9360899
     ],
     [
      77.5165502,
      12.9362351
     ],
     [
      77.5167819,
      12.9362619
     ],
     [
      77.5170146,
      12.9362804
     ],
     [
      77.5172131,
      12.9362892
     ],
     [
      77.5172477,
      12.9362907
     ],
     [
      77.5174542,
      12.9362928
     ],
     [
      77.5176606,
      12.9362884
     ],
     [
      77.5178878,
      12.9362903
     ],
     [
      77.5180816,
      12.9362903
     ],
     [
      77.5183635,
      12.9362743
     ],
     [
      77.5185293,
      12.9362847
     ],
     [
      77.5186947,
      12.9363064
     ],
     [
      77.5188419,
      12.9363423
     ],
     [
      77.5190245,
      12.9363917
     ],
     [
      77.5196666,
      12.9366362
     ],
     [
      77.5205792,
      12.9369532
     ],
     [
      77.5209059,
      12.9372049
     ],
     [
      77.5211697,
      12.9375428
     ],
     [
      77.5214636,
      12.9378843
     ],
     [
      77.5217637,
      12.938153
     ],
     [
      77.5221858,
      12.9384214
     ],
     [
      77.5228544,
      12.9388705
     ],
     [
      77.5229778,
      12.9389489
     ],
     [
      77.5234942,
      12.9394256
     ],
     [
      77.5240969,
      12.9400848
     ],
     [
      77.5247066,
      12.9409313
     ],
     [
      77.5248621,
      12.9411822
     ],
     [
      77.525127,
      12.9416608
     ],
     [
      77.525377,
      12.9420299
     ],
     [
      77.5257428,
      12.9425861
     ],
     [
      77.5263536,
      12.9434117
     ],
     [
      77.52669,
      12.9440211
     ],
     [
      77.5270012,
      12.9444027
     ],
     [
      77.527324,
      12.9447781
     ],
     [
      77.5275383,
      12.9449727
     ],
     [
      77.5277588,
      12.9451812
     ],
     [
      77.5279673,
      12.9453585
     ],
     [
      77.5283438,
      12.9456786
     ],
     [
      77.5287581,
      12.945976
     ],
     [
      77.5289894,
      12.9461185
     ],
     [
      77.529269,
      12.9462909
     ],
     [
      77.5300896,
      12.9466619
     ],
     [
      77.5309019,
      12.9470179
     ],
     [
      77.5326658,
      12.9475653
     ],
     [
      77.5341284,
      12.9479608
     ],
     [
      77.5344399,
      12.9480489
     ],
     [
      77.5347744,
      12.948174
     ],
     [
      77.5349885,
      12.9482851
     ],
     [
      77.5360304,
      12.948934
     ],
     [
      77.536344,
      12.9491907
     ],
     [
      77.5369484,
      12.9497616
     ],
     [
      77.5371611,
      12.9500166
     ],
     [
      77.5372921,
      12.9502855
     ],
     [
      77.5373384,
      12.9504502
     ],
     [
      77.5373769,
      12.9506392
     ],
     [
      77.537387,
      12.9508561
     ],
     [
      77.5373746,
      12.9510423
     ],
     [
      77.5373698,
      12.9510652
     ],
     [
      77.5373429,
      12.9511939
     ],
     [
      77.5372034,
      12.951556
     ],
     [
      77.5370399,
      12.9520466
     ],
     [
      77.536701,
      12.9531515
     ],
     [
      77.5366429,
      12.9532588
     ],
     [
      77.5365873,
      12.9533407
     ],
     [
      77.5364109,
      12.9535492
     ],
     [
      77.5349689,
      12.955013
     ],
     [
      77.5348492,
      12.9551974
     ],
     [
      77.5347535,
      12.9554062
     ],
     [
      77.5346636,
      12.9557194
     ],
     [
      77.5345338,
      12.9562288
     ],
     [
      77.534422,
      12.9567218
     ],
     [
      77.5343458,
      12.9570156
     ],
     [
      77.534128,
      12.9575852
     ],
     [
      77.5339086,
      12.958056
     ],
     [
      77.5337686,
      12.9583367
     ],
     [
      77.5334011,
      12.9592056
     ],
     [
      77.5332286,
      12.9596465
     ],
     [
      77.5331278,
      12.9599497
     ],
     [
      77.5330913,
      12.960157
     ],
     [
      77.5330947,
      12.96036
     ],
     [
      77.5331364,
      12.9605831
     ],
     [
      77.5331932,
      12.9608092
     ],
     [
      77.5333598,
      12.9612203
     ],
     [
      77.5335932,
      12.9618581
     ],
     [
      77.5353741,
      12.965844
     ],
     [
      77.5359522,
      12.9670023
     ],
     [
      77.5362194,
      12.9675838
     ],
     [
      77.5364583,
      12.9681721
     ],
     [
      77.5367153,
      12.9688614
     ],
     [
      77.536883,
      12.9693528
     ],
     [
      77.5369872,
      12.9696583
     ],
     [
      77.5374285,
      12.9709391
     ],
     [
      77.5377307,
      12.9717735
     ],
     [
      77.5378241,
      12.972
     ],
     [
      77.5379138,
      12.9721832
     ],
     [
      77.5380255,
      12.9723654
     ],
     [
      77.5382076,
      12.9725915
     ],
     [
      77.5383747,
      12.9727569
     ],
     [
      77.5385995,
      12.972932
     ],
     [
      77.5389007,
      12.9730979
     ],
     [
      77.5394049,
      12.9732386
     ],
     [
      77.5418227,
      12.973744
     ],
     [
      77.5433912,
      12.9740582
     ],
     [
      77.5440739,
      12.9741358
     ],
     [
      77.5445572,
      12.9741757
     ],
     [
      77.5456189,
      12.9741737
     ],
     [
      77.5466357,
      12.9741725
     ],
     [
      77.5468189,
      12.9741756
     ],
     [
      77.5471055,
      12.9742069
     ],
     [
      77.5473599,
      12.9742658
     ],
     [
      77.5475645,
      12.9743179
     ],
     [
      77.5477387,
      12.9743694
     ],
     [
      77.5478798,
      12.9744092
     ],
     [
      77.5480832,
      12.9744634
     ],
     [
      77.5482622,
      12.9744942
     ],
     [
      77.5483811,
      12.9745003
     ],
     [
      77.54854,
      12.9744884
     ],
     [
      77.5487278,
      12.9744489
     ],
     [
      77.5488918,
      12.9744183
     ],
     [
      77.5490457,
      12.9743346
     ],
     [
      77.5492779,
      12.9742069
     ],
     [
      77.5495751,
      12.9740195
     ],
     [
      77.5497685,
      12.973891
     ],
     [
      77.5498946,
      12.9738326
     ],
     [
      77.5500453,
      12.9737908
     ],
     [
      77.5502114,
      12.973756
     ],
     [
      77.5503893,
      12.9737538
     ],
     [
      77.5505523,
      12.9737735
     ],
     [
      77.5507393,
      12.9738229
     ],
     [
      77.5509456,
      12.9739394
     ],
     [
      77.5514175,
      12.9743037
     ],
     [
      77.5522132,
      12.9749216
     ],
     [
      77.5524125,
      12.9750661
     ],
     [
      77.5525761,
      12.9751733
     ],
     [
      77.5527639,
      12.9752935
     ],
     [
      77.5529758,
      12.9753929
     ],
     [
      77.5531555,
      12.9754608
     ],
     [
      77.5533754,
      12.9755052
     ],
     [
      77.5535363,
      12.9755288
     ],
     [
      77.5538177,
      12.9755571
     ],
     [
      77.5542442,
      12.9755689
     ],
     [
      77.5546484,
      12.9755787
     ],
     [
      77.5549444,
      12.9755941
     ],
     [
      77.5553564,
      12.975608
     ],
     [
      77.5556391,
      12.9756176
     ],
     [
      77.5559117,
      12.9756205
     ],
     [
      77.5562067,
      12.9756257
     ],
     [
      77.5564974,
      12.9756385
     ],
     [
      77.5568745,
      12.9756535
     ],
     [
      77.5572138,
      12.9756783
     ],
     [
      77.5575517,
      12.9756979
     ],
     [
      77.5577569,
      12.9757071
     ],
     [
      77.558182,
      12.9757384
     ],
     [
      77.5585374,
      12.9757606
     ],
     [
      77.558929,
      12.9757802
     ],
     [
      77.5591932,
      12.9757776
     ],
     [
      77.559672,
      12.9757685
     ],
     [
      77.5600596,
      12.9757646
     ],
     [
      77.5603759,
      12.9757464
     ],
     [
      77.5606269,
      12.9757201
     ],
     [
      77.5611258,
      12.9756992
     ],
     [
      77.5617293,
      12.9756678
     ],
     [
      77.5623185,
      12.9756026
     ],
     [
      77.5626742,
      12.9755937
     ],
     [
      77.562966,
      12.9756099
     ],
     [
      77.5634133,
      12.9756402
     ],
     [
      77.5651602,
      12.9758317
     ],
     [
      77.5653792,
      12.9758581
     ],
     [
      77.5659372,
      12.975905
     ],
     [
      77.5667188,
      12.975968
     ],
     [
      77.5669073,
      12.9759774
     ],
     [
      77.5691203,
      12.9759798
     ],
     [
      77.5702903,
      12.9759013
     ],
     [
      77.5712892,
      12.9757916
     ],
     [
      77.5728057,
      12.9756704
     ],
     [
      77.5741231,
      12.9755728
     ],
     [
      77.5746028,
      12.9754592
     ],
     [
      77.5757114,
      12.9752435
     ],
     [
      77.5761213,
      12.9751329
     ],
     [
      77.5781058,
      12.9743183
     ],
     [
      77.5803872,
      12.9733066
     ],
     [
      77.5808769,
      12.9730628
     ],
     [
      77.5811489,
      12.9729807
     ],
     [
      77.5813667,
      12.9729783
     ],
     [
      77.5815531,
      12.9730134
     ],
     [
      77.5817526,
      12.9731112
     ],
     [
      77.5819804,
      12.9732091
     ],
     [
      77.5823634,
      12.9734266
     ],
     [
      77.5828866,
      12.9737301
     ],
     [
      77.5842326,
      12.9745014
     ],
     [
      77.5849855,
      12.9749481
     ],
     [
      77.5851813,
      12.9750422
     ],
     [
      77.586462,
      12.9756035
     ],
     [
      77.5865498,
      12.9756398
     ],
     [
      77.5872296,
      12.9759106
     ],
     [
      77.5878889,
      12.9761897
     ],
     [
      77.5903103,
      12.9774668
     ],
     [
      77.5906246,
      12.9776261
     ],
     [
      77.590833,
      12.9777625
     ],
     [
      77.5911088,
      12.9779727
     ],
     [
      77.5919999,
      12.9789626
     ],
     [
      77.5932441,
      12.9805777
     ],
     [
      77.5937604,
      12.9809826
     ],
     [
      77.594111,
      12.9812295
     ],
     [
      77.5945549,
      12.9814841
     ],
     [
      77.5947035,
      12.9815352
     ],
     [
      77.5948692,
      12.9815792
     ],
     [
      77.5951726,
      12.9815871
     ],
     [
      77.5954462,
      12.9815552
     ],
     [
      77.5955274,
      12.9815424
     ],
     [
      77.5957078,
      12.9815113
     ],
     [
      77.5959769,
      12.9814444
     ],
     [
      77.5963182,
      12.9813464
     ],
     [
      77.5966655,
      12.9812185
     ],
     [
      77.597562,
      12.9808954
     ],
     [
      77.5984083,
      12.980656
     ],
     [
      77.5986276,
      12.980572
     ],
     [
      77.599748,
      12.9801376
     ],
     [
      77.5999234,
      12.9800694
     ],
     [
      77.600073,
      12.9799772
     ],
     [
      77.6002246,
      12.979846
     ],
     [
      77.6003258,
      12.9797387
     ],
     [
      77.6004282,
      12.9796079
     ],
     [
      77.6005564,
      12.9794355
     ],
     [
      77.600684,
      12.9792724
     ],
     [
      77.6007978,
      12.9790971
     ],
     [
      77.6009417,
      12.9788195
     ],
     [
      77.6013929,
      12.9775725
     ],
     [
      77.6015458,
      12.9772188
     ],
     [
      77.6017306,
      12.976942
     ],
     [
      77.6019036,
      12.9767963
     ],
     [
      77.6021549,
      12.9766516
     ],
     [
      77.6023598,
      12.976562
     ],
     [
      77.6026037,
      12.9764969
     ],
     [
      77.6030191,
      12.9764004
     ],
     [
      77.6050209,
      12.9759353
     ],
     [
      77.605299,
      12.9758684
     ],
     [
      77.6056543,
      12.9757829
     ],
     [
      77.6062979,
      12.9756285
     ],
     [
      77.6079815,
      12.975212
     ],
     [
      77.6082395,
      12.9751438
     ],
     [
      77.6084978,
      12.9750458
     ],
     [
      77.6088569,
      12.9749315
     ],
     [
      77.6092507,
      12.9748314
     ],
     [
      77.6112904,
      12.9743468
     ],
     [
      77.6115725,
      12.9742823
     ],
     [
      77.6119082,
      12.9742013
     ],
     [
      77.6123712,
      12.9740763
     ],
     [
      77.6127428,
      12.9739738
     ],
     [
      77.617013,
      12.9729953
     ],
     [
      77.6184067,
      12.9726754
     ],
     [
      77.6186065,
      12.9726416
     ],
     [
      77.618827,
      12.972616
     ],
     [
      77.6191252,
      12.9725959
     ],
     [
      77.6195914,
      12.9726226
     ],
     [
      77.6199919,
      12.9726435
     ],
     [
      77.620255,
      12.9726626
     ],
     [
      77.6205889,
      12.9726882
     ],
     [
      77.6208499,
      12.9727195
     ],
     [
      77.6213265,
      12.9728353
     ],
     [
      77.6217152,
      12.9729616
     ],
     [
      77.6220537,
      12.9730936
     ],
     [
      77.6225043,
      12.9733037
     ],
     [
      77.6249491,
      12.9747815
     ],
     [
      77.6252884,
      12.9750071
     ],
     [
      77.6258797,
      12.9754185
     ],
     [
      77.6260529,
      12.9756054
     ],
     [
      77.6262116,
      12.9758296
     ],
     [
      77.6264096,
      12.9760818
     ],
     [
      77.626705,
      12.9764915
     ],
     [
      77.6272588,
      12.977322
     ],
     [
      77.6274857,
      12.9775419
     ],
     [
      77.627759,
      12.9777517
     ],
     [
      77.6280838,
      12.9779386
     ],
     [
      77.6283756,
      12.9781203
     ],
     [
      77.6286152,
      12.9782476
     ],
     [
      77.6288118,
      12.9783641
     ],
     [
      77.6289832,
      12.9784271
     ],
     [
      77.6291733,
      12.978454
     ],
     [
      77.629437,
      12.9784287
     ],
     [
      77.6326489,
      12.9781337
     ],
     [
      77.63294,
      12.9781272
     ],
     [
      77.6377533,
      12.9782793
     ],
     [
      77.6386592,
      12.9783079
     ],
     [
      77.6396955,
      12.9783297
     ],
     [
      77.6399797,
      12.9783623
     ],
     [
      77.6401849,
      12.9784331
     ],
     [
      77.6403775,
      12.9785573
     ],
     [
      77.6405051,
      12.9786697
     ],
     [
      77.640639,
      12.9788307
     ],
     [
      77.6407645,
      12.9790996
     ],
     [
      77.6408039,
      12.9792985
     ],
     [
      77.6408122,
      12.9794969
     ],
     [
      77.6407834,
      12.9800045
     ],
     [
      77.6406176,
      12.9829264
     ],
     [
      77.6406041,
      12.9834974
     ],
     [
      77.6406296,
      12.983678
     ],
     [
      77.6406736,
      12.9838442
     ],
     [
      77.6407672,
      12.9840551
     ],
     [
      77.6409056,
      12.9841889
     ],
     [
      77.6410628,
      12.9843491
     ],
     [
      77.6412897,
      12.9844707
     ],
     [
      77.6426566,
      12.9850191
     ],
     [
      77.6433944,
      12.9853151
     ],
     [
      77.6449072,
      12.9859128
     ],
     [
      77.6455186,
      12.9861495
     ],
     [
      77.6462539,
      12.9864565
     ],
     [
      77.6473381,
      12.9868684
     ],
     [
      77.6476006,
      12.987009
     ],
     [
      77.6478547,
      12.9871768
     ],
     [
      77.6480295,
      12.9874063
     ],
     [
      77.6480803,
      12.9874735
     ],
     [
      77.6481296,
      12.9875455
     ],
     [
      77.648176,
      12.9876159
     ],
     [
      77.648224,
      12.9876996
     ],
     [
      77.6482633,
      12.9877736
     ],
     [
      77.6482996,
      12.9878535
     ],
     [
      77.6483341,
      12.9879367
     ],
     [
      77.6483727,
      12.9880503
     ],
     [
      77.6486167,
      12.9888934
     ],
     [
      77.6486432,
      12.9889625
     ],
     [
      77.6486728,
      12.989039
     ],
     [
      77.6487117,
      12.9891275
     ],
     [
      77.6487499,
      12.9892025
     ],
     [
      77.6487923,
      12.9892812
     ],
     [
      77.6488414,
      12.989358
     ],
     [
      77.6488982,
      12.9894379
     ],
     [
      77.6489727,
      12.9895235
     ],
     [
      77.6490383,
      12.9895861
     ],
     [
      77.649107,
      12.9896466
     ],
     [
      77.6491794,
      12.9896991
     ],
     [
      77.6492708,
      12.9897611
     ],
     [
      77.6493669,
      12.9898126
     ],
     [
      77.6494829,
      12.9898627
     ],
     [
      77.6495952,
      12.9899017
     ],
     [
      77.6497371,
      12.9899426
     ],
     [
      77.6499792,
      12.9900105
     ],
     [
      77.650399,
      12.9901211
     ],
     [
      77.6506271,
      12.9901858
     ],
     [
      77.651179,
      12.9903448
     ],
     [
      77.652392,
      12.9906745
     ],
     [
      77.6530525,
      12.990854
     ],
     [
      77.6531588,
      12.9908839
     ],
     [
      77.6536176,
      12.9910128
     ],
     [
      77.6537983,
      12.9910636
     ],
     [
      77.6541185,
      12.991153
     ],
     [
      77.65431,
      12.9912094
     ],
     [
      77.6544559,
      12.9912621
     ],
     [
      77.6545903,
      12.9913217
     ],
     [
      77.6546919,
      12.9913775
     ],
     [
      77.6547893,
      12.9914404
     ],
     [
      77.6548821,
      12.9915174
     ],
     [
      77.6551351,
      12.991748
     ],
     [
      77.6553877,
      12.9919939
     ],
     [
      77.6555428,
      12.9921447
     ],
     [
      77.6557319,
      12.9923046
     ],
     [
      77.655866,
      12.9924154
     ],
     [
      77.6560012,
      12.9925169
     ],
     [
      77.6561167,
      12.9925892
     ],
     [
      77.6563674,
      12.9927537
     ],
     [
      77.656603,
      12.9929013
     ],
     [
      77.6569151,
      12.9930836
     ],
     [
      77.6571496,
      12.9932143
     ],
     [
      77.6580135,
      12.9936992
     ],
     [
      77.6590839,
      12.9943055
     ],
     [
      77.6597545,
      12.9946521
     ],
     [
      77.6603537,
      12.9949586
     ],
     [
      77.660941,
      12.9952562
     ],
     [
      77.6611438,
      12.9953501
     ],
     [
      77.6613231,
      12.9954238
     ],
     [
      77.6614195,
      12.9954531
     ],
     [
      77.6615806,
      12.995495
     ],
     [
      77.6617584,
      12.9955362
     ],
     [
      77.6618749,
      12.9955597
     ],
     [
      77.6619956,
      12.9955698
     ],
     [
      77.6621445,
      12.9955802
     ],
     [
      77.6623239,
      12.9955872
     ],
     [
      77.6625089,
      12.9955826
     ],
     [
      77.6626262,
      12.9955725
     ],
     [
      77.6627361,
      12.9955593
     ],
     [
      77.6628594,
      12.9955363
     ],
     [
      77.6630589,
      12.9954928
     ],
     [
      77.6633536,
      12.9954111
     ],
     [
      77.6633788,
      12.9954064
     ],
     [
      77.6634597,
      12.9953915
     ],
     [
      77.6639571,
      12.9952986
     ],
     [
      77.6640402,
      12.9952845
     ],
     [
      77.6642351,
      12.995272
     ],
     [
      77.66444,
      12.9952675
     ],
     [
      77.6646389,
      12.995273
     ],
     [
      77.664851,
      12.9952827
     ],
     [
      77.6650278,
      12.9953008
     ],
     [
      77.6651895,
      12.9953282
     ],
     [
      77.6653486,
      12.9953574
     ],
     [
      77.6654861,
      12.9953881
     ],
     [
      77.6658958,
      12.9955049
     ],
     [
      77.6662499,
      12.9956073
     ],
     [
      77.6666321,
      12.9957325
     ],
     [
      77.6674281,
      12.9960274
     ],
     [
      77.6679336,
      12.9962416
     ],
     [
      77.6681911,
      12.9963566
     ],
     [
      77.6684788,
      12.996496
     ],
     [
      77.6686459,
      12.9965736
     ],
     [
      77.6688175,
      12.9966494
     ],
     [
      77.668943,
      12.9967094
     ],
     [
      77.6690977,
      12.9967564
     ],
     [
      77.6693234,
      12.9968243
     ],
     [
      77.6694928,
      12.9968729
     ],
     [
      77.6696163,
      12.9968978
     ],
     [
      77.6697376,
      12.9969215
     ],
     [
      77.6698791,
      12.9969274
     ],
     [
      77.6699698,
      12.9969228
     ],
     [
      77.6700655,
      12.9969262
     ],
     [
      77.6701625,
      12.9969267
     ],
     [
      77.670269,
      12.9969393
     ],
     [
      77.6704098,
      12.996982
     ],
     [
      77.670889,
      12.9972048
     ],
     [
      77.6713393,
      12.9974231
     ],
     [
      77.671807,
      12.9976526
     ],
     [
      77.6720651,
      12.9977741
     ],
     [
      77.6722184,
      12.9978515
     ],
     [
      77.6725529,
      12.9980144
     ],
     [
      77.6727326,
      12.9981007
     ],
     [
      77.6732405,
      12.9983497
     ],
     [
      77.673625,
      12.9985414
     ],
     [
      77.6739379,
      12.9986939
     ],
     [
      77.6743078,
      12.9988744
     ],
     [
      77.6745484,
      12.9989813
     ],
     [
      77.6749532,
      12.9991862
     ],
     [
      77.6752501,
      12.9993221
     ],
     [
      77.6754647,
      12.9994295
     ],
     [
      77.6760165,
      12.9996776
     ],
     [
      77.6762081,
      12.9997609
     ],
     [
      77.6763723,
      12.9998046
     ],
     [
      77.6765217,
      12.9998284
     ],
     [
      77.6766417,
      12.9998419
     ],
     [
      77.6768299,
      12.9998537
     ],
     [
      77.6773791,
      12.9998651
     ],
     [
      77.6778421,
      12.9998836
     ],
     [
      77.6782501,
      12.9998924
     ],
     [
      77.6791508,
      12.9999283
     ],
     [
      77.6799069,
      12.9999771
     ],
     [
      77.6803133,
      13.0000252
     ],
     [
      77.6806338,
      13.0000722
     ],
     [
      77.6808602,
      13.0001129
     ],
     [
      77.6811676,
      13.0001916
     ],
     [
      77.6813792,
      13.0002565
     ],
     [
      77.6816144,
      13.0003469
     ],
     [
      77.6817815,
      13.0003809
     ],
     [
      77.6818737,
      13.0003866
     ],
     [
      77.6819646,
      13.000386
     ],
     [
      77.6824202,
      13.0003647
     ],
     [
      77.682599,
      13.000359
     ],
     [
      77.6829502,
      13.0003544
     ],
     [
      77.6838214,
      13.0003582
     ],
     [
      77.6845514,
      13.0003346
     ],
     [
      77.6854795,
      13.0002719
     ],
     [
      77.6862037,
      13.0002144
     ],
     [
      77.6863601,
      13.0001853
     ],
     [
      77.6865577,
      13.000136
     ],
     [
      77.6867224,
      13.0000773
     ],
     [
      77.6868208,
      13.0000229
     ],
     [
      77.687,
      12.9999136
     ],
     [
      77.6872444,
      12.9997544
     ],
     [
      77.6876574,
      12.999446
     ],
     [
      77.6878861,
      12.9992379
     ],
     [
      77.6881617,
      12.9989338
     ],
     [
      77.6886254,
      12.9984448
     ],
     [
      77.6888698,
      12.9982177
     ],
     [
      77.6894921,
      12.9978988
     ],
     [
      77.6903796,
      12.9974569
     ],
     [
      77.6907431,
      12.9972816
     ],
     [
      77.6914823,
      12.9969528
     ],
     [
      77.6921457,
      12.9966967
     ],
     [
      77.6937139,
      12.9961687
     ],
     [
      77.6945185,
      12.9958237
     ],
     [
      77.6947063,
      12.9957349
     ],
     [
      77.695232,
      12.9954997
     ],
     [
      77.6955535,
      12.99541
     ],
     [
      77.6958757,
      12.9953638
     ],
     [
      77.6969915,
      12.9952278
     ],
     [
      77.6979196,
      12.9950815
     ],
     [
      77.6980781,
      12.9950378
     ],
     [
      77.6982007,
      12.994987
     ],
     [
      77.6988493,
      12.9947486
     ],
     [
      77.6991698,
      12.9946268
     ],
     [
      77.7000108,
      12.9943583
     ],
     [
      77.7002222,
      12.9943092
     ],
     [
      77.7006596,
      12.9942076
     ],
     [
      77.7013469,
      12.9940503
     ],
     [
      77.7015918,
      12.9939889
     ],
     [
      77.7021063,
      12.993826
     ],
     [
      77.7026603,
      12.9936762
     ],
     [
      77.702999,
      12.9935869
     ],
     [
      77.7032966,
      12.9935165
     ],
     [
      77.703632,
      12.9934317
     ],
     [
      77.7037157,
      12.9934103
     ],
     [
      77.7042378,
      12.993256
     ],
     [
      77.7044713,
      12.9931926
     ],
     [
      77.7047836,
      12.9931124
     ],
     [
      77.7052202,
      12.9930178
     ],
     [
      77.7056082,
      12.9929816
     ],
     [
      77.7060558,
      12.9929704
     ],
     [
      77.7068911,
      12.9929255
     ],
     [
      77.7075238,
      12.9928995
     ],
     [
      77.7085889,
      12.9928606
     ],
     [
      77.7094205,
      12.9928222
     ],
     [
      77.7100348,
      12.9928145
     ],
     [
      77.7103669,
      12.9928119
     ],
     [
      77.7105796,
      12.9928092
     ],
     [
      77.710798,
      12.99279
     ],
     [
      77.7112384,
      12.992683
     ],
     [
      77.7115914,
      12.992607
     ],
     [
      77.7121025,
      12.9924501
     ],
     [
      77.7127915,
      12.9922343
     ],
     [
      77.7133551,
      12.9919834
     ],
     [
      77.7135442,
      12.9918709
     ],
     [
      77.7136617,
      12.9917563
     ],
     [
      77.713819,
      12.9914749
     ],
     [
      77.7138888,
      12.9913501
     ],
     [
      77.7139002,
      12.9911631
     ],
     [
      77.7139108,
      12.9909934
     ],
     [
      77.7139123,
      12.9908379
     ],
     [
      77.7139043,
      12.9907235
     ],
     [
      77.7138915,
      12.9906047
     ],
     [
      77.7138331,
      12.9904612
     ],
     [
      77.7137176,
      12.990294
     ],
     [
      77.7135586,
      12.9901617
     ],
     [
      77.7132745,
      12.9899771
     ],
     [
      77.7128079,
      12.9896897
     ],
     [
      77.712253,
      12.9893718
     ],
     [
      77.7118453,
      12.9891327
     ],
     [
      77.7113181,
      12.9888208
     ],
     [
      77.7104193,
      12.9883115
     ],
     [
      77.7099132,
      12.9880405
     ],
     [
      77.7096804,
      12.9878986
     ],
     [
      77.7094985,
      12.9877548
     ],
     [
      77.7092611,
      12.9875285
     ],
     [
      77.709128,
      12.9873311
     ],
     [
      77.709003,
      12.9871169
     ],
     [
      77.708657,
      12.9865126
     ],
     [
      77.7085306,
      12.9861865
     ],
     [
      77.7083993,
      12.9858203
     ],
     [
      77.7083398,
      12.9855473
     ],
     [
      77.7082865,
      12.985235
     ],
     [
      77.7082684,
      12.9849389
     ],
     [
      77.7082503,
      12.9846851
     ],
     [
      77.7082151,
      12.9843032
     ],
     [
      77.7082196,
      12.9841232
     ],
     [
      77.7082356,
      12.9836319
     ],
     [
      77.7082622,
      12.9830457
     ],
     [
      77.7082728,
      12.9829257
     ],
     [
      77.7082862,
      12.9827976
     ],
     [
      77.7083024,
      12.9826328
     ],
     [
      77.7084234,
      12.9820637
     ],
     [
      77.7086129,
      12.9813697
     ],
     [
      77.7088149,
      12.9806449
     ],
     [
      77.7089169,
      12.980285
     ],
     [
      77.708992,
      12.9800198
     ],
     [
      77.7092334,
      12.9791939
     ],
     [
      77.7093413,
      12.9789214
     ],
     [
      77.7094418,
      12.9787361
     ],
     [
      77.7094817,
      12.9786833
     ],
     [
      77.7096132,
      12.9785288
     ],
     [
      77.709764,
      12.9784331
     ],
     [
      77.7099149,
      12.978352
     ],
     [
      77.7100378,
      12.9783069
     ],
     [
      77.7102015,
      12.9782504
     ],
     [
      77.710287,
      12.9782281
     ],
     [
      77.7104473,
      12.9782074
     ],
     [
      77.710742,
      12.9782041
     ],
     [
      77.7111972,
      12.9781466
     ],
     [
      77.7120314,
      12.9780405
     ],
     [
      77.7123254,
      12.9780033
     ],
     [
      77.7131725,
      12.9778967
     ],
     [
      77.7145125,
      12.9777202
     ],
     [
      77.7149061,
      12.977661
     ],
     [
      77.715061,
      12.9776292
     ],
     [
      77.7158014,
      12.9775263
     ],
     [
      77.7163397,
      12.9774383
     ],
     [
      77.716667,
      12.9774048
     ],
     [
      77.7175168,
      12.977325
     ],
     [
      77.7185912,
      12.9772614
     ],
     [
      77.7198403,
      12.9771469
     ],
     [
      77.721651,
      12.9769499
     ],
     [
      77.7226598,
      12.9768472
     ],
     [
      77.7228115,
      12.9768276
     ],
     [
      77.7229506,
      12.9767991
     ],
     [
      77.7230798,
      12.9767743
     ],
     [
      77.7231681,
      12.9767585
     ],
     [
      77.7232637,
      12.9767414
     ],
     [
      77.7235906,
      12.9766976
     ],
     [
      77.7243495,
      12.9766126
     ],
     [
      77.7255885,
      12.9765149
     ],
     [
      77.7261093,
      12.9764606
     ],
     [
      77.7262479,
      12.9764607
     ],
     [
      77.7263672,
      12.9764711
     ],
     [
      77.7264837,
      12.9764929
     ],
     [
      77.7265932,
      12.9765259
     ],
     [
      77.7267153,
      12.9765765
     ],
     [
      77.7267928,
      12.9766158
     ],
     [
      77.7268573,
      12.9766569
     ],
     [
      77.7269227,
      12.9767058
     ],
     [
      77.726986,
      12.9767665
     ],
     [
      77.7270693,
      12.9768498
     ],
     [
      77.7271321,
      12.9769283
     ],
     [
      77.7271929,
      12.9770224
     ],
     [
      77.7272568,
      12.9771445
     ],
     [
      77.7272893,
      12.9772253
     ],
     [
      77.7273208,
      12.9773463
     ],
     [
      77.7273398,
      12.9774713
     ],
     [
      77.7273582,
      12.9780451
     ],
     [
      77.7273692,
      12.9783549
     ],
     [
      77.7273782,
      12.978592
     ],
     [
      77.7273684,
      12.978808
     ],
     [
      77.7273378,
      12.9793403
     ],
     [
      77.7273309,
      12.9795468
     ],
     [
      77.7273354,
      12.9796888
     ],
     [
      77.727359,
      12.9799936
     ],
     [
      77.7273877,
      12.9801595
     ],
     [
      77.7274295,
      12.9803512
     ],
     [
      77.7274963,
      12.9807354
     ],
     [
      77.7275514,
      12.9810198
     ],
     [
      77.7276813,
      12.9815671
     ],
     [
      77.727777,
      12.9819994
     ],
     [
      77.7278298,
      12.9822191
     ],
     [
      77.7278902,
      12.9824329
     ],
     [
      77.7280957,
      12.9829329
     ],
     [
      77.7282764,
      12.983274
     ],
     [
      77.7284809,
      12.9835682
     ],
     [
      77.7287039,
      12.9838597
     ],
     [
      77.7290455,
      12.9842791
     ],
     [
      77.7295243,
      12.9848511
     ],
     [
      77.7297323,
      12.9850841
     ],
     [
      77.7299941,
      12.9853615
     ],
     [
      77.7302323,
      12.9855751
     ],
     [
      77.7304264,
      12.985721
     ],
     [
      77.7306081,
      12.9858402
     ],
     [
      77.7314935,
      12.9863465
     ],
     [
      77.7317138,
      12.98648
     ],
     [
      77.7318687,
      12.986603
     ],
     [
      77.731955,
      12.9866817
     ],
     [
      77.7320834,
      12.9868116
     ],
     [
      77.7321671,
      12.9869178
     ],
     [
      77.732512,
      12.9874124
     ],
     [
      77.7327049,
      12.9876042
     ],
     [
      77.7328002,
      12.9876726
     ],
     [
      77.7328857,
      12.987724
     ],
     [
      77.7329743,
      12.9877694
     ],
     [
      77.7331483,
      12.9878407
     ],
     [
      77.7333139,
      12.9878802
     ],
     [
      77.7334369,
      12.9878925
     ],
     [
      77.7335902,
      12.9878866
     ],
     [
      77.7339609,
      12.9878427
     ],
     [
      77.7349683,
      12.9876844
     ],
     [
      77.7352886,
      12.987641
     ],
     [
      77.7355424,
      12.9876152
     ],
     [
      77.7358363,
      12.9875913
     ],
     [
      77.7366575,
      12.9875886
     ],
     [
      77.7370019,
      12.9875915
     ],
     [
      77.7372451,
      12.9875935
     ],
     [
      77.7380977,
      12.9875875
     ],
     [
      77.7388219,
      12.9875932
     ],
     [
      77.7392131,
      12.9875963
     ],
     [
      77.7399579,
      12.9875824
     ],
     [
      77.7400572,
      12.9875744
     ],
     [
      77.7401435,
      12.9875654
     ],
     [
      77.7403078,
      12.9875335
     ],
     [
      77.7439291,
      12.9866079
     ],
     [
      77.7452784,
      12.9862578
     ],
     [
      77.7455102,
      12.9861916
     ],
     [
      77.7458334,
      12.9860795
     ],
     [
      77.7465715,
      12.9857936
     ],
     [
      77.7470097,
      12.9856238
     ],
     [
      77.7481414,
      12.9852024
     ],
     [
      77.7489784,
      12.984907
     ],
     [
      77.7498704,
      12.9846042
     ],
     [
      77.7509219,
      12.9842344
     ],
     [
      77.7510922,
      12.984197
     ],
     [
      77.7512613,
      12.9841756
     ],
     [
      77.7514017,
      12.9841669
     ],
     [
      77.7515485,
      12.9841747
     ],
     [
      77.751711,
      12.9842038
     ],
     [
      77.7518697,
      12.9842473
     ],
     [
      77.7520432,
      12.9843111
     ],
     [
      77.7521693,
      12.9843658
     ],
     [
      77.7523407,
      12.9844606
     ],
     [
      77.7524924,
      12.9845633
     ],
     [
      77.7526407,
      12.9846943
     ],
     [
      77.7527826,
      12.984846
     ],
     [
      77.7529214,
      12.9850355
     ],
     [
      77.7530953,
      12.9853592
     ],
     [
      77.753314,
      12.9858857
     ],
     [
      77.7536657,
      12.986735
     ],
     [
      77.7538642,
      12.9872074
     ],
     [
      77.7541783,
      12.987924
     ],
     [
      77.754268,
      12.9881407
     ],
     [
      77.7547782,
      12.9893615
     ],
     [
      77.7548917,
      12.9896483
     ],
     [
      77.7550219,
      12.9898961
     ],
     [
      77.7551473,
      12.9901079
     ],
     [
      77.7552675,
      12.9902928
     ],
     [
      77.7553975,
      12.9904727
     ],
     [
      77.7564014,
      12.9917949
     ],
     [
      77.7567758,
      12.9922837
     ],
     [
      77.7568644,
      12.9924126
     ],
     [
      77.7569353,
      12.9925285
     ],
     [
      77.7569867,
      12.9926106
     ],
     [
      77.7570506,
      12.9927415
     ],
     [
      77.7570973,
      12.9928452
     ],
     [
      77.7571491,
      12.9929885
     ],
     [
      77.7574622,
      12.9939881
     ],
     [
      77.7575148,
      12.9941581
     ],
     [
      77.7578215,
      12.99519
     ],
     [
      77.7580968,
      12.9962173
     ]
    ]
   }
  },
  {
   "type": "Feature",
   "properties": {
    "colour": "#009933",
    "duration": "01:01",
    "from": "Silk Institute",
    "interval": "10",
    "name": "Green Line (Silk Institute -> Madavara)",
    "name:kn": "ಹಸಿರು ಪಥ (ರೇಷ್ಮೆ ಸಂಸ್ಥೆ -> ಮದವರ)",
    "network": "Namma Metro",
    "opening_hours": "Mo 04:15-00:00; Tu-Sa,PH 05:00-00:00; Su 07:00-00:00",
    "operator": "BMRCL",
    "public_transport:version": "2",
    "ref": "Green",
    "route": "subway",
    "to": "Madavara",
    "type": "route",
    "wikidata": "Q17054000",
    "wikipedia": "en:Green Line (Namma Metro)",
    "@id": "relation/1798772"
   },
   "geometry": {
    "type": "LineString",
    "coordinates": [
     [
      77.4695571,
      13.0582256
     ],
     [
      77.4707097,
      13.0579101
     ],
     [
      77.4713966,
      13.0577388
     ],
     [
      77.4721715,
      13.0575456
     ],
     [
      77.4728018,
      13.0574004
     ],
     [
      77.4739686,
      13.0571315
     ],
     [
      77.47461,
      13.0569763
     ],
     [
      77.4754639,
      13.0567696
     ],
     [
      77.4774152,
      13.0563084
     ],
     [
      77.4792951,
      13.055537
     ],
     [
      77.4812655,
      13.0547459
     ],
     [
      77.4821314,
      13.0544297
     ],
     [
      77.4837157,
      13.0538599
     ],
     [
      77.4849319,
      13.0534146
     ],
     [
      77.4879101,
      13.0523412
     ],
     [
      77.4891773,
      13.0518845
     ],
     [
      77.4897513,
      13.0516589
     ],
     [
      77.4914983,
      13.0510274
     ],
     [
      77.4923976,
      13.0507092
     ],
     [
      77.4932451,
      13.0504879
     ],
     [
      77.4941333,
      13.050185
     ],
     [
      77.4944407,
      13.0500685
     ],
     [
      77.4954053,
      13.0497029
     ],
     [
      77.4979193,
      13.0487754
     ],
     [
      77.4983257,
      13.0486216
     ],
     [
      77.4992977,
      13.0482536
     ],
     [
      77.4995448,
      13.0481601
     ],
     [
      77.5001342,
      13.0479383
     ],
     [
      77.5012499,
      13.0475284
     ],
     [
      77.5017632,
      13.0473337
     ],
     [
      77.5028722,
      13.0469353
     ],
     [
      77.5051339,
      13.0461228
     ],
     [
      77.5082155,
      13.0452307
     ],
     [
      77.5088219,
      13.0449141
     ],
     [
      77.5109106,
      13.0438356
     ],
     [
      77.5113446,
      13.0436394
     ],
     [
      77.5125345,
      13.0432196
     ],
     [
      77.5161933,
      13.0419772
     ],
     [
      77.5164823,
      13.0418398
     ],
     [
      77.5183668,
      13.0401276
     ],
     [
      77.5184913,
      13.0400359
     ],
     [
      77.5197223,
      13.0393735
     ],
     [
      77.5206012,
      13.0389638
     ],
     [
      77.5232156,
      13.0375474
     ],
     [
      77.5245629,
      13.0368135
     ],
     [
      77.5249635,
      13.0365953
     ],
     [
      77.5254867,
      13.0362716
     ],
     [
      77.5262264,
      13.0358697
     ],
     [
      77.5265808,
      13.0356901
     ],
     [
      77.5269572,
      13.035543
     ],
     [
      77.5272283,
      13.0354574
     ],
     [
      77.5283536,
      13.0351655
     ],
     [
      77.5297884,
      13.0347828
     ],
     [
      77.5300641,
      13.0346863
     ],
     [
      77.5305909,
      13.0344526
     ],
     [
      77.5309624,
      13.0342751
     ],
     [
      77.5331801,
      13.0329814
     ],
     [
      77.5354031,
      13.0316757
     ],
     [
      77.5365756,
      13.0308784
     ],
     [
      77.5378173,
      13.030084
     ],
     [
      77.5387127,
      13.0295646
     ],
     [
      77.5401865,
      13.0287531
     ],
     [
      77.5404372,
      13.028613
     ],
     [
      77.5416236,
      13.027948
     ],
     [
      77.5424486,
      13.0274783
     ],
     [
      77.5431767,
      13.0270655
     ],
     [
      77.5433472,
      13.0269586
     ],
     [
      77.5435285,
      13.0268336
     ],
     [
      77.5436384,
      13.0267681
     ],
     [
      77.5438186,
      13.0266707
     ],
     [
      77.5464536,
      13.0251476
     ],
     [
      77.5472973,
      13.0246844
     ],
     [
      77.5480444,
      13.0242502
     ],
     [
      77.5484213,
      13.0240342
     ],
     [
      77.5497052,
      13.0232981
     ],
     [
      77.5509692,
      13.0225645
     ],
     [
      77.5511295,
      13.0224627
     ],
     [
      77.5512561,
      13.0223689
     ],
     [
      77.5514347,
      13.0222195
     ],
     [
      77.5515537,
      13.0220931
     ],
     [
      77.5516508,
      13.0219851
     ],
     [
      77.5517426,
      13.0218423
     ],
     [
      77.5519638,
      13.0214864
     ],
     [
      77.5522394,
      13.0209847
     ],
     [
      77.5526834,
      13.020135
     ],
     [
      77.5530333,
      13.0194632
     ],
     [
      77.5530947,
      13.0193244
     ],
     [
      77.5531584,
      13.0191069
     ],
     [
      77.5533602,
      13.0182884
     ],
     [
      77.5536515,
      13.0172278
     ],
     [
      77.5537593,
      13.0168162
     ],
     [
      77.5537946,
      13.016635
     ],
     [
      77.5538212,
      13.0164221
     ],
     [
      77.5538646,
      13.016001
     ],
     [
      77.5539359,
      13.0155717
     ],
     [
      77.5539915,
      13.0147178
     ],
     [
      77.5540473,
      13.01386
     ],
     [
      77.5540452,
      13.0137652
     ],
     [
      77.5540379,
      13.0136706
     ],
     [
      77.5540249,
      13.0135744
     ],
     [
      77.5540064,
      13.0134791
     ],
     [
      77.553974,
      13.0133898
     ],
     [
      77.5538951,
      13.0132485
     ],
     [
      77.5537332,
      13.0130746
     ],
     [
      77.5535729,
      13.0128999
     ],
     [
      77.5534018,
      13.0127758
     ],
     [
      77.5531108,
      13.0126195
     ],
     [
      77.5523559,
      13.012208
     ],
     [
      77.5505966,
      13.0112384
     ],
     [
      77.550424,
      13.01114
     ],
     [
      77.5503229,
      13.0110845
     ],
     [
      77.5501246,
      13.0109595
     ],
     [
      77.5500206,
      13.0108812
     ],
     [
      77.5499341,
      13.0108102
     ],
     [
      77.5498385,
      13.0107285
     ],
     [
      77.5497379,
      13.0106221
     ],
     [
      77.5496361,
      13.0105148
     ],
     [
      77.5495449,
      13.0104075
     ],
     [
      77.5494364,
      13.010262
     ],
     [
      77.5493548,
      13.0101362
     ],
     [
      77.5492727,
      13.010009
     ],
     [
      77.5491877,
      13.0098431
     ],
     [
      77.549106,
      13.0096621
     ],
     [
      77.5490567,
      13.0095354
     ],
     [
      77.548977,
      13.0092803
     ],
     [
      77.5489144,
      13.0089404
     ],
     [
      77.5487834,
      13.0080774
     ],
     [
      77.5487742,
      13.008017
     ],
     [
      77.5487458,
      13.0078314
     ],
     [
      77.5486772,
      13.0073828
     ],
     [
      77.5486356,
      13.007029
     ],
     [
      77.5486354,
      13.0066782
     ],
     [
      77.5486726,
      13.0061888
     ],
     [
      77.548786,
      13.0056562
     ],
     [
      77.5488855,
      13.0050354
     ],
     [
      77.549318,
      13.0025387
     ],
     [
      77.5494289,
      13.0017902
     ],
     [
      77.5496166,
      13.0005232
     ],
     [
      77.5499063,
      12.998868
     ],
     [
      77.5499885,
      12.9985131
     ],
     [
      77.5501042,
      12.9982713
     ],
     [
      77.550291,
      12.9980759
     ],
     [
      77.5504835,
      12.9979306
     ],
     [
      77.550724,
      12.9978291
     ],
     [
      77.5509707,
      12.9977641
     ],
     [
      77.551219,
      12.9977618
     ],
     [
      77.551525,
      12.9978128
     ],
     [
      77.5521786,
      12.9979765
     ],
     [
      77.5530735,
      12.9982149
     ],
     [
      77.5554252,
      12.9986586
     ],
     [
      77.5558951,
      12.9986475
     ],
     [
      77.5562821,
      12.9985959
     ],
     [
      77.5568746,
      12.9984697
     ],
     [
      77.5573949,
      12.9983631
     ],
     [
      77.5578664,
      12.9982312
     ],
     [
      77.5580134,
      12.9981787
     ],
     [
      77.5582913,
      12.9980827
     ],
     [
      77.5586179,
      12.9979829
     ],
     [
      77.5588265,
      12.9979053
     ],
     [
      77.5597716,
      12.9975536
     ],
     [
      77.5600538,
      12.9974486
     ],
     [
      77.5601011,
      12.997431
     ],
     [
      77.5603557,
      12.9973061
     ],
     [
      77.560491,
      12.9972417
     ],
     [
      77.5605338,
      12.9972213
     ],
     [
      77.5605839,
      12.9971974
     ],
     [
      77.5608255,
      12.9970825
     ],
     [
      77.5612529,
      12.9968791
     ],
     [
      77.5613793,
      12.9968257
     ],
     [
      77.5615079,
      12.9967713
     ],
     [
      77.5615853,
      12.9967427
     ],
     [
      77.5617957,
      12.9966846
     ],
     [
      77.561949,
      12.9966597
     ],
     [
      77.5622695,
      12.9966216
     ],
     [
      77.5632993,
      12.9964948
     ],
     [
      77.5639029,
      12.996372
     ],
     [
      77.5641984,
      12.9963069
     ],
     [
      77.5643161,
      12.9962847
     ],
     [
      77.5644341,
      12.9962655
     ],
     [
      77.5645564,
      12.9962489
     ],
     [
      77.5646787,
      12.9962355
     ],
     [
      77.5647401,
      12.9962295
     ],
     [
      77.5648039,
      12.996229
     ],
     [
      77.5648653,
      12.9962338
     ],
     [
      77.564924,
      12.9962436
     ],
     [
      77.5654983,
      12.9963501
     ],
     [
      77.5656097,
      12.9963696
     ],
     [
      77.565721,
      12.9963842
     ],
     [
      77.5658378,
      12.9963943
     ],
     [
      77.565958,
      12.9963972
     ],
     [
      77.5661165,
      12.9963717
     ],
     [
      77.5662729,
      12.9963312
     ],
     [
      77.5664602,
      12.9962488
     ],
     [
      77.5666128,
      12.9961518
     ],
     [
      77.5668326,
      12.9959165
     ],
     [
      77.5677037,
      12.9946858
     ],
     [
      77.5684697,
      12.9936033
     ],
     [
      77.569016,
      12.9927535
     ],
     [
      77.5695702,
      12.9919928
     ],
     [
      77.5698224,
      12.9916413
     ],
     [
      77.5706929,
      12.9904282
     ],
     [
      77.5710307,
      12.9899678
     ],
     [
      77.5713265,
      12.9895809
     ],
     [
      77.5715698,
      12.9892051
     ],
     [
      77.5717311,
      12.9888445
     ],
     [
      77.571799,
      12.9886144
     ],
     [
      77.5718612,
      12.988324
     ],
     [
      77.571893,
      12.9877738
     ],
     [
      77.571907,
      12.987532
     ],
     [
      77.5719286,
      12.9870435
     ],
     [
      77.5719804,
      12.985722
     ],
     [
      77.5719198,
      12.9835008
     ],
     [
      77.5718723,
      12.9817925
     ],
     [
      77.5718808,
      12.9814936
     ],
     [
      77.5719113,
      12.9804185
     ],
     [
      77.5719366,
      12.9803127
     ],
     [
      77.5719987,
      12.9801257
     ],
     [
      77.5720722,
      12.9800028
     ],
     [
      77.5722095,
      12.979757
     ],
     [
      77.5726049,
      12.9789913
     ],
     [
      77.5726933,
      12.9788053
     ],
     [
      77.5727682,
      12.9784921
     ],
     [
      77.5727665,
      12.9779567
     ],
     [
      77.5728693,
      12.9768266
     ],
     [
      77.5728675,
      12.9759557
     ],
     [
      77.5728362,
      12.9739887
     ],
     [
      77.572863,
      12.973619
     ],
     [
      77.572966,
      12.9733038
     ],
     [
      77.574565,
      12.9696892
     ],
     [
      77.5746584,
      12.9692943
     ],
     [
      77.5746522,
      12.9690112
     ],
     [
      77.5745467,
      12.9674726
     ],
     [
      77.5745314,
      12.9669249
     ],
     [
      77.5744965,
      12.9656803
     ],
     [
      77.5745637,
      12.965027
     ],
     [
      77.5746969,
      12.9645179
     ],
     [
      77.5748073,
      12.9641222
     ],
     [
      77.5748479,
      12.9638914
     ],
     [
      77.5748758,
      12.9636285
     ],
     [
      77.5748889,
      12.9633717
     ],
     [
      77.574848,
      12.9623062
     ],
     [
      77.5746404,
      12.960896
     ],
     [
      77.5744411,
      12.9596791
     ],
     [
      77.5741875,
      12.9589753
     ],
     [
      77.5740919,
      12.9586479
     ],
     [
      77.5736915,
      12.9575528
     ],
     [
      77.5736458,
      12.9574278
     ],
     [
      77.5735929,
      12.9572075
     ],
     [
      77.5735716,
      12.9569798
     ],
     [
      77.5735755,
      12.956753
     ],
     [
      77.5736269,
      12.9559424
     ],
     [
      77.5736533,
      12.9535219
     ],
     [
      77.5736525,
      12.9528067
     ],
     [
      77.5736516,
      12.9520728
     ],
     [
      77.5736697,
      12.9505263
     ],
     [
      77.573682,
      12.9494784
     ],
     [
      77.5737034,
      12.9493497
     ],
     [
      77.5737394,
      12.9491926
     ],
     [
      77.5738056,
      12.9490352
     ],
     [
      77.5739095,
      12.9488596
     ],
     [
      77.5739893,
      12.9487534
     ],
     [
      77.5741048,
      12.9486504
     ],
     [
      77.5742193,
      12.9485691
     ],
     [
      77.5743433,
      12.9485063
     ],
     [
      77.5745464,
      12.9484359
     ],
     [
      77.5748232,
      12.9483849
     ],
     [
      77.5751762,
      12.948341
     ],
     [
      77.5754527,
      12.9483139
     ],
     [
      77.5757248,
      12.9482868
     ],
     [
      77.5760156,
      12.9482635
     ],
     [
      77.5763642,
      12.9482449
     ],
     [
      77.5789727,
      12.9482654
     ],
     [
      77.5791613,
      12.948229
     ],
     [
      77.5793679,
      12.9481519
     ],
     [
      77.5795852,
      12.9480153
     ],
     [
      77.5797395,
      12.9478707
     ],
     [
      77.5798441,
      12.9477061
     ],
     [
      77.5799135,
      12.9475749
     ],
     [
      77.5799445,
      12.947461
     ],
     [
      77.5799729,
      12.9473129
     ],
     [
      77.5799811,
      12.9470624
     ],
     [
      77.5799954,
      12.9465339
     ],
     [
      77.5800029,
      12.9436046
     ],
     [
      77.5800146,
      12.9424055
     ],
     [
      77.5800124,
      12.9401622
     ],
     [
      77.5800249,
      12.9396162
     ],
     [
      77.5800349,
      12.9382617
     ],
     [
      77.5800519,
      12.9359693
     ],
     [
      77.5800679,
      12.9331216
     ],
     [
      77.5801145,
      12.9303034
     ],
     [
      77.580123,
      12.9295065
     ],
     [
      77.5801845,
      12.9271516
     ],
     [
      77.5801911,
      12.9263728
     ],
     [
      77.5802034,
      12.924913
     ],
     [
      77.5802113,
      12.9243613
     ],
     [
      77.5802245,
      12.9234454
     ],
     [
      77.5802388,
      12.9221295
     ],
     [
      77.5802479,
      12.9213321
     ],
     [
      77.5802534,
      12.9208536
     ],
     [
      77.580258,
      12.9203732
     ],
     [
      77.5802622,
      12.9199257
     ],
     [
      77.5802809,
      12.918443
     ],
     [
      77.5802768,
      12.9183085
     ],
     [
      77.5802655,
      12.9181716
     ],
     [
      77.5802471,
      12.9180814
     ],
     [
      77.5802211,
      12.9179771
     ],
     [
      77.5801789,
      12.9178535
     ],
     [
      77.580145,
      12.9177842
     ],
     [
      77.5800991,
      12.9177049
     ],
     [
      77.5800359,
      12.9176132
     ],
     [
      77.5799706,
      12.9175415
     ],
     [
      77.5798978,
      12.9174707
     ],
     [
      77.5798167,
      12.9174029
     ],
     [
      77.579714,
      12.9173397
     ],
     [
      77.579619,
      12.9172933
     ],
     [
      77.5795407,
      12.9172595
     ],
     [
      77.5794152,
      12.917224
     ],
     [
      77.5792865,
      12.9172025
     ],
     [
      77.5791361,
      12.9171844
     ],
     [
      77.5790067,
      12.9171768
     ],
     [
      77.5788562,
      12.917173
     ],
     [
      77.5786797,
      12.9171791
     ],
     [
      77.5785092,
      12.9172002
     ],
     [
      77.5783468,
      12.9172317
     ],
     [
      77.5781816,
      12.9172743
     ],
     [
      77.5780315,
      12.9173179
     ],
     [
      77.5778226,
      12.9174023
     ],
     [
      77.5776465,
      12.9174738
     ],
     [
      77.5774406,
      12.9175473
     ],
     [
      77.5772682,
      12.9175981
     ],
     [
      77.5770881,
      12.9176285
     ],
     [
      77.5768953,
      12.9176335
     ],
     [
      77.57545,
      12.9176614
     ],
     [
      77.5750984,
      12.917667
     ],
     [
      77.5749239,
      12.9176675
     ],
     [
      77.5747769,
      12.9176469
     ],
     [
      77.5746072,
      12.9176025
     ],
     [
      77.5744747,
      12.9175564
     ],
     [
      77.5742407,
      12.9174208
     ],
     [
      77.5740862,
      12.9172966
     ],
     [
      77.5739348,
      12.9171061
     ],
     [
      77.5738422,
      12.9169112
     ],
     [
      77.5737887,
      12.916734
     ],
     [
      77.5735786,
      12.9152242
     ],
     [
      77.5734907,
      12.9147163
     ],
     [
      77.573425,
      12.9143028
     ],
     [
      77.573355,
      12.9139574
     ],
     [
      77.5731529,
      12.913153
     ],
     [
      77.5730017,
      12.9126873
     ],
     [
      77.5729497,
      12.9124092
     ],
     [
      77.5728905,
      12.9120289
     ],
     [
      77.5728481,
      12.9116775
     ],
     [
      77.572843,
      12.9114356
     ],
     [
      77.572861,
      12.911005
     ],
     [
      77.572921,
      12.9089528
     ],
     [
      77.5729608,
      12.9084528
     ],
     [
      77.5730009,
      12.9081508
     ],
     [
      77.5731076,
      12.907476
     ],
     [
      77.5731942,
      12.9066391
     ],
     [
      77.5732567,
      12.9062153
     ],
     [
      77.5732777,
      12.9059583
     ],
     [
      77.5733039,
      12.9057687
     ],
     [
      77.573324,
      12.905547
     ],
     [
      77.5733281,
      12.9053065
     ],
     [
      77.5733013,
      12.9049074
     ],
     [
      77.5732431,
      12.9043354
     ],
     [
      77.5732129,
      12.9040672
     ],
     [
      77.5731913,
      12.9038476
     ],
     [
      77.5731964,
      12.9036239
     ],
     [
      77.5732242,
      12.9034761
     ],
     [
      77.5733968,
      12.9023713
     ],
     [
      77.5734285,
      12.9020662
     ],
     [
      77.5734206,
      12.901783
     ],
     [
      77.5733877,
      12.9015041
     ],
     [
      77.5733132,
      12.9011852
     ],
     [
      77.5730606,
      12.900289
     ],
     [
      77.5730001,
      12.9000953
     ],
     [
      77.5728764,
      12.8996998
     ],
     [
      77.5728266,
      12.8996243
     ],
     [
      77.5727109,
      12.8993729
     ],
     [
      77.5725098,
      12.8990196
     ],
     [
      77.5716123,
      12.8977831
     ],
     [
      77.5713357,
      12.8974456
     ],
     [
      77.5712031,
      12.8972838
     ],
     [
      77.5707838,
      12.8968182
     ],
     [
      77.5700982,
      12.8960662
     ],
     [
      77.5695014,
      12.8953963
     ],
     [
      77.5691826,
      12.8950328
     ],
     [
      77.5689049,
      12.8947313
     ],
     [
      77.568739,
      12.8945512
     ],
     [
      77.5684836,
      12.8942948
     ],
     [
      77.5681834,
      12.8939934
     ],
     [
      77.5674511,
      12.8932593
     ],
     [
      77.5666881,
      12.8925495
     ],
     [
      77.5661016,
      12.8920248
     ],
     [
      77.5655425,
      12.8915315
     ],
     [
      77.5644985,
      12.8906079
     ],
     [
      77.5644175,
      12.8905334
     ],
     [
      77.56399,
      12.8901336
     ],
     [
      77.5635756,
      12.8897696
     ],
     [
      77.563453,
      12.88968
     ],
     [
      77.5626569,
      12.8889872
     ],
     [
      77.5617694,
      12.8882147
     ],
     [
      77.5614885,
      12.8879918
     ],
     [
      77.5611925,
      12.8877897
     ],
     [
      77.5603788,
      12.88719
     ],
     [
      77.5599148,
      12.8869721
     ],
     [
      77.5592685,
      12.8867306
     ],
     [
      77.5590458,
      12.886653
     ],
     [
      77.5579607,
      12.8863237
     ],
     [
      77.5577176,
      12.8862546
     ],
     [
      77.5568522,
      12.8859513
     ],
     [
      77.55622,
      12.8857738
     ],
     [
      77.5559741,
      12.8857011
     ],
     [
      77.5549066,
      12.8853251
     ],
     [
      77.5540649,
      12.8850632
     ],
     [
      77.5528945,
      12.8847268
     ],
     [
      77.552751,
      12.8846862
     ],
     [
      77.5511008,
      12.8841925
     ],
     [
      77.5503421,
      12.8839638
     ],
     [
      77.5495864,
      12.8837618
     ],
     [
      77.5480706,
      12.8833904
     ],
     [
      77.5477258,
      12.8832908
     ],
     [
      77.5474312,
      12.8831497
     ],
     [
      77.5471932,
      12.8830179
     ],
     [
      77.5470635,
      12.8829135
     ],
     [
      77.5469621,
      12.8827822
     ],
     [
      77.5467672,
      12.8824172
     ],
     [
      77.546472,
      12.8817117
     ],
     [
      77.5455484,
      12.8794332
     ],
     [
      77.544745,
      12.8775389
     ],
     [
      77.5443724,
      12.8766467
     ],
     [
      77.5441355,
      12.8761796
     ],
     [
      77.5438829,
      12.8758573
     ],
     [
      77.5436239,
      12.8755869
     ],
     [
      77.5433762,
      12.8753726
     ],
     [
      77.5428899,
      12.87509
     ],
     [
      77.5423292,
      12.8748596
     ],
     [
      77.5412452,
      12.8743595
     ],
     [
      77.5409512,
      12.8741849
     ],
     [
      77.5406556,
      12.8739925
     ],
     [
      77.5403027,
      12.8737045
     ],
     [
      77.5400375,
      12.8734447
     ],
     [
      77.5397813,
      12.8731745
     ],
     [
      77.5388458,
      12.8720205
     ],
     [
      77.5383625,
      12.8714243
     ],
     [
      77.5378154,
      12.8707415
     ],
     [
      77.5366932,
      12.8693333
     ],
     [
      77.5365505,
      12.8691536
     ],
     [
      77.5349726,
      12.8670801
     ],
     [
      77.5342028,
      12.8660725
     ],
     [
      77.5329858,
      12.86452
     ],
     [
      77.5328249,
      12.8643442
     ],
     [
      77.5324592,
      12.8639986
     ],
     [
      77.5320502,
      12.8636562
     ],
     [
      77.5314042,
      12.8632224
     ],
     [
      77.530782,
      12.8628075
     ],
     [
      77.5304644,
      12.8625697
     ],
     [
      77.5302337,
      12.8622294
     ],
     [
      77.5299083,
      12.8616919
     ],
     [
      77.5297796,
      12.8614541
     ],
     [
      77.529439,
      12.8608811
     ],
     [
      77.5292783,
      12.8606096
     ],
     [
      77.5292129,
      12.8605063
     ],
     [
      77.5291687,
      12.8604364
     ],
     [
      77.5290782,
      12.8602847
     ],
     [
      77.5279612,
      12.8584399
     ],
     [
      77.5276455,
      12.8580226
     ]
    ]
   }
  },
  {
   "type": "Feature",
   "properties": {
    "colour": "#e542de",
    "duration": "01:20",
    "from": "Challaghatta",
    "interval": "10",
    "interval:conditional": "8 @ (Mo-Sa 12:20-16:36; Su 12:00-21:28; PH 08:56-21:28); 15 @ (Mo-Sa 05:20-06:00,23:05-00:00; Su 07:00-07:50,23:05-00:00; PH 23:05-00:00); 11 @ (Mo-Sa 06:00-06:54); 20 @ (Mo-Sa 05:00-05:20)",
    "name": "Purple Line (Challaghatta → Whitefield (Kadugodi))",
    "name:kn": "ನೇರಳೆ ಪಥ (ಚಲ್ಲಘಟ್ಟ -> ವೈಟ್‌ಫೀಲ್ಡ್ (ಕಾಡುಗೋಡಿ))",
    "network": "Namma Metro",
    "network:wikidata": "Q279343",
    "opening_hours": "Mo 04:15-00:00; Tu-Sa,PH 05:00-00:00; Su 07:00-00:00",
    "operator": "BMRCL",
    "public_transport:version": "2",
    "ref": "Purple",
    "route": "subway",
    "to": "Whitefield (Kadugodi)",
    "type": "route",
    "wikidata": "Q7261433",
    "wikipedia": "en:Purple Line (Namma Metro)",
    "@id": "relation/7841331"
   },
   "geometry": {
    "type": "LineString",
    "coordinates": [
     [
      77.460634,
      12.896812
     ],
     [
      77.4609694,
      12.8971334
     ],
     [
      77.4612175,
      12.8973303
     ],
     [
      77.4617055,
      12.8977174
     ],
     [
      77.4625151,
      12.8982337
     ],
     [
      77.4629805,
      12.8985305
     ],
     [
      77.4647048,
      12.8996174
     ],
     [
      77.4651135,
      12.899896
     ],
     [
      77.465526,
      12.9001772
     ],
     [
      77.4663054,
      12.9006486
     ],
     [
      77.4688468,
      12.9020211
     ],
     [
      77.4691092,
      12.9022121
     ],
     [
      77.4695559,
      12.9026931
     ],
     [
      77.4699401,
      12.9033025
     ],
     [
      77.4706018,
      12.9043948
     ],
     [
      77.4707634,
      12.9046591
     ],
     [
      77.4709565,
      12.9048816
     ],
     [
      77.4712115,
      12.9050962
     ],
     [
      77.471968,
      12.9056391
     ],
     [
      77.4732291,
      12.9066194
     ],
     [
      77.4733334,
      12.9066872
     ],
     [
      77.4734401,
      12.9067513
     ],
     [
      77.4735492,
      12.9068115
     ],
     [
      77.4736772,
      12.9068758
     ],
     [
      77.4738078,
      12.9069348
     ],
     [
      77.4739408,
      12.9069884
     ],
     [
      77.4745679,
      12.9071236
     ],
     [
      77.4753426,
      12.9072907
     ],
     [
      77.4754764,
      12.9073515
     ],
     [
      77.4756258,
      12.9074144
     ],
     [
      77.4757056,
      12.9074541
     ],
     [
      77.4758044,
      12.9075015
     ],
     [
      77.4759587,
      12.9076016
     ],
     [
      77.4765748,
      12.9079284
     ],
     [
      77.4773201,
      12.9084073
     ],
     [
      77.4774535,
      12.9084662
     ],
     [
      77.4775895,
      12.9085191
     ],
     [
      77.4777278,
      12.9085661
     ],
     [
      77.4778832,
      12.908611
     ],
     [
      77.4780406,
      12.9086483
     ],
     [
      77.4781997,
      12.9086779
     ],
     [
      77.4786915,
      12.9087634
     ],
     [
      77.4787942,
      12.9087884
     ],
     [
      77.4789825,
      12.9088506
     ],
     [
      77.4799834,
      12.9092283
     ],
     [
      77.4800841,
      12.9092721
     ],
     [
      77.4802061,
      12.909323
     ],
     [
      77.4803977,
      12.9094478
     ],
     [
      77.4805216,
      12.9095268
     ],
     [
      77.4806397,
      12.9096047
     ],
     [
      77.4807622,
      12.9097044
     ],
     [
      77.4808896,
      12.9097981
     ],
     [
      77.4810217,
      12.9098854
     ],
     [
      77.481158,
      12.9099662
     ],
     [
      77.4812983,
      12.9100403
     ],
     [
      77.4814423,
      12.9101076
     ],
     [
      77.4815894,
      12.9101677
     ],
     [
      77.4817052,
      12.9102087
     ],
     [
      77.4817373,
      12.91022
     ],
     [
      77.4818876,
      12.9102651
     ],
     [
      77.48204,
      12.9103029
     ],
     [
      77.4821941,
      12.9103335
     ],
     [
      77.4823496,
      12.9103566
     ],
     [
      77.482506,
      12.9103723
     ],
     [
      77.4826631,
      12.9103805
     ],
     [
      77.4833399,
      12.9103595
     ],
     [
      77.4834456,
      12.9103459
     ],
     [
      77.4835521,
      12.9103413
     ],
     [
      77.4836585,
      12.9103459
     ],
     [
      77.4837642,
      12.9103594
     ],
     [
      77.4838682,
      12.9103819
     ],
     [
      77.4839699,
      12.9104132
     ],
     [
      77.4840683,
      12.9104529
     ],
     [
      77.4841575,
      12.9104979
     ],
     [
      77.4842425,
      12.9105499
     ],
     [
      77.4843228,
      12.9106085
     ],
     [
      77.484398,
      12.9106733
     ],
     [
      77.4844674,
      12.910744
     ],
     [
      77.4845306,
      12.91082
     ],
     [
      77.4845872,
      12.9109007
     ],
     [
      77.4846368,
      12.9109858
     ],
     [
      77.4846791,
      12.9110745
     ],
     [
      77.4847137,
      12.9111663
     ],
     [
      77.4850288,
      12.9122448
     ],
     [
      77.4852081,
      12.9126123
     ],
     [
      77.4853395,
      12.9127978
     ],
     [
      77.485513,
      12.9129621
     ],
     [
      77.4859107,
      12.9132664
     ],
     [
      77.486277,
      12.9135383
     ],
     [
      77.4872675,
      12.914258
     ],
     [
      77.4878484,
      12.914711
     ],
     [
      77.488285,
      12.9150516
     ],
     [
      77.4887888,
      12.9154251
     ],
     [
      77.4890707,
      12.915687
     ],
     [
      77.4892497,
      12.9158556
     ],
     [
      77.4896789,
      12.9162433
     ],
     [
      77.4901057,
      12.9165826
     ],
     [
      77.4904207,
      12.9169458
     ],
     [
      77.4906483,
      12.9174441
     ],
     [
      77.4907425,
      12.9176773
     ],
     [
      77.491216,
      12.9186134
     ],
     [
      77.4914787,
      12.9190198
     ],
     [
      77.4920221,
      12.9195918
     ],
     [
      77.4925452,
      12.9199957
     ],
     [
      77.4928095,
      12.9202481
     ],
     [
      77.4933639,
      12.9209443
     ],
     [
      77.49349,
      12.9211464
     ],
     [
      77.49366,
      12.9213924
     ],
     [
      77.4938887,
      12.9215924
     ],
     [
      77.4944187,
      12.9219297
     ],
     [
      77.4960621,
      12.9227749
     ],
     [
      77.496819,
      12.9230846
     ],
     [
      77.4972671,
      12.9232907
     ],
     [
      77.4975582,
      12.9234946
     ],
     [
      77.4980608,
      12.9239991
     ],
     [
      77.4983378,
      12.9242632
     ],
     [
      77.4987488,
      12.9246692
     ],
     [
      77.4991763,
      12.9250915
     ],
     [
      77.5002567,
      12.9260766
     ],
     [
      77.5009094,
      12.9265646
     ],
     [
      77.5025043,
      12.9277652
     ],
     [
      77.5029837,
      12.9282066
     ],
     [
      77.5034026,
      12.9286777
     ],
     [
      77.503888,
      12.9290964
     ],
     [
      77.5040059,
      12.9291601
     ],
     [
      77.5042828,
      12.9292512
     ],
     [
      77.5050502,
      12.9295036
     ],
     [
      77.5052758,
      12.9296157
     ],
     [
      77.5055143,
      12.9297641
     ],
     [
      77.5057561,
      12.9300006
     ],
     [
      77.5059653,
      12.9303215
     ],
     [
      77.506391,
      12.9311246
     ],
     [
      77.5065374,
      12.9312727
     ],
     [
      77.5068146,
      12.9314847
     ],
     [
      77.5084247,
      12.9326062
     ],
     [
      77.5085497,
      12.9327169
     ],
     [
      77.5087123,
      12.932872
     ],
     [
      77.5105056,
      12.9344992
     ],
     [
      77.5107382,
      12.9347392
     ],
     [
      77.5110398,
      12.9349649
     ],
     [
      77.511542,
      12.9351752
     ],
     [
      77.5122188,
      12.9353832
     ],
     [
      77.5124016,
      12.9354476
     ],
     [
      77.5128163,
      12.9355937
     ],
     [
      77.5130308,
      12.9356769
     ],
     [
      77.5134497,
      12.9358418
     ],
     [
      77.5138289,
      12.9359827
     ],
     [
      77.5142366,
      12.9360585
     ],
     [
      77.5150993,
      12.9361009
     ],
     [
      77.515516,
      12.9361369
     ],
     [
      77.516544,
      12.9362794
     ],
     [
      77.5167767,
      12.9363063
     ],
     [
      77.5170103,
      12.936325
     ],
     [
      77.5172445,
      12.9363353
     ],
     [
      77.5174511,
      12.9363374
     ],
     [
      77.5176577,
      12.9363331
     ],
     [
      77.5178513,
      12.9363346
     ],
     [
      77.5181158,
      12.9363322
     ],
     [
      77.5183616,
      12.9363131
     ],
     [
      77.5185418,
      12.9363216
     ],
     [
      77.5186927,
      12.936339
     ],
     [
      77.5188813,
      12.936385
     ],
     [
      77.5190171,
      12.9364241
     ],
     [
      77.5196587,
      12.9366736
     ],
     [
      77.5205595,
      12.936994
     ],
     [
      77.5208804,
      12.9372421
     ],
     [
      77.5211405,
      12.9375775
     ],
     [
      77.5214322,
      12.9379169
     ],
     [
      77.5217343,
      12.9381874
     ],
     [
      77.5221588,
      12.9384576
     ],
     [
      77.5228288,
      12.9389076
     ],
     [
      77.5229474,
      12.938983
     ],
     [
      77.5234598,
      12.9394552
     ],
     [
      77.5240609,
      12.9401126
     ],
     [
      77.5246681,
      12.9409557
     ],
     [
      77.524823,
      12.9412056
     ],
     [
      77.5251045,
      12.9416831
     ],
     [
      77.5253385,
      12.9420543
     ],
     [
      77.5257048,
      12.9426113
     ],
     [
      77.5263166,
      12.9434382
     ],
     [
      77.5266537,
      12.9440484
     ],
     [
      77.5269656,
      12.944431
     ],
     [
      77.5272906,
      12.9448089
     ],
     [
      77.5275067,
      12.9450051
     ],
     [
      77.5277277,
      12.9452141
     ],
     [
      77.5282205,
      12.945633
     ],
     [
      77.5283151,
      12.9457135
     ],
     [
      77.5287322,
      12.9460129
     ],
     [
      77.529247,
      12.9463302
     ],
     [
      77.5300705,
      12.9467026
     ],
     [
      77.5308855,
      12.9470597
     ],
     [
      77.5326522,
      12.947608
     ],
     [
      77.5342717,
      12.9480453
     ],
     [
      77.5346123,
      12.9481547
     ],
     [
      77.5348031,
      12.9482374
     ],
     [
      77.5349587,
      12.9483217
     ],
     [
      77.5360126,
      12.9489701
     ],
     [
      77.5363293,
      12.9492213
     ],
     [
      77.536924,
      12.9498022
     ],
     [
      77.5371011,
      12.9500204
     ],
     [
      77.5372563,
      12.9503065
     ],
     [
      77.5372982,
      12.9504646
     ],
     [
      77.5373392,
      12.950638
     ],
     [
      77.5373464,
      12.9508572
     ],
     [
      77.5373358,
      12.9510371
     ],
     [
      77.5373042,
      12.9511751
     ],
     [
      77.5371591,
      12.9515443
     ],
     [
      77.5369961,
      12.9520333
     ],
     [
      77.5366583,
      12.9531345
     ],
     [
      77.5366034,
      12.953236
     ],
     [
      77.5365504,
      12.9533141
     ],
     [
      77.5363766,
      12.9535194
     ],
     [
      77.5349326,
      12.9549853
     ],
     [
      77.5348087,
      12.9551762
     ],
     [
      77.5347102,
      12.955391
     ],
     [
      77.5346192,
      12.955708
     ],
     [
      77.5344891,
      12.9562186
     ],
     [
      77.5343773,
      12.9567115
     ],
     [
      77.5343019,
      12.9570023
     ],
     [
      77.5340856,
      12.9575681
     ],
     [
      77.5338671,
      12.958037
     ],
     [
      77.5337267,
      12.9583184
     ],
     [
      77.5333584,
      12.9591891
     ],
     [
      77.5331853,
      12.9596316
     ],
     [
      77.5330831,
      12.959939
     ],
     [
      77.5330454,
      12.9601536
     ],
     [
      77.5330489,
      12.9603644
     ],
     [
      77.5330915,
      12.9605924
     ],
     [
      77.5331494,
      12.9608228
     ],
     [
      77.5333168,
      12.961236
     ],
     [
      77.5335505,
      12.9618745
     ],
     [
      77.535332,
      12.9658618
     ],
     [
      77.53591,
      12.9670198
     ],
     [
      77.5361759,
      12.9675982
     ],
     [
      77.5364162,
      12.9681899
     ],
     [
      77.5366724,
      12.9688774
     ],
     [
      77.5369304,
      12.9696336
     ],
     [
      77.5369437,
      12.9696725
     ],
     [
      77.5373851,
      12.9709537
     ],
     [
      77.5376455,
      12.9716495
     ],
     [
      77.5376878,
      12.9717893
     ],
     [
      77.5377821,
      12.972018
     ],
     [
      77.5378733,
      12.9722043
     ],
     [
      77.5379876,
      12.9723908
     ],
     [
      77.5381731,
      12.9726211
     ],
     [
      77.5383439,
      12.9727902
     ],
     [
      77.5385737,
      12.9729692
     ],
     [
      77.5388828,
      12.9731394
     ],
     [
      77.5393938,
      12.973282
     ],
     [
      77.5418133,
      12.9737878
     ],
     [
      77.5433831,
      12.9741022
     ],
     [
      77.5440685,
      12.9741802
     ],
     [
      77.544553,
      12.9742202
     ],
     [
      77.5456182,
      12.9742184
     ],
     [
      77.5466353,
      12.9742172
     ],
     [
      77.5468158,
      12.9742202
     ],
     [
      77.5470987,
      12.9742512
     ],
     [
      77.5473489,
      12.9743092
     ],
     [
      77.5475525,
      12.9743611
     ],
     [
      77.5477263,
      12.9744125
     ],
     [
      77.5478674,
      12.9744523
     ],
     [
      77.5480739,
      12.9745072
     ],
     [
      77.54826,
      12.9745391
     ],
     [
      77.548387,
      12.9745447
     ],
     [
      77.5485498,
      12.9745321
     ],
     [
      77.5487414,
      12.9744917
     ],
     [
      77.5489113,
      12.9744589
     ],
     [
      77.5490682,
      12.9743736
     ],
     [
      77.5493017,
      12.9742452
     ],
     [
      77.5496005,
      12.9740567
     ],
     [
      77.5497914,
      12.9739299
     ],
     [
      77.5499108,
      12.9738746
     ],
     [
      77.5500564,
      12.9738342
     ],
     [
      77.5502166,
      12.9738007
     ],
     [
      77.5503868,
      12.9737985
     ],
     [
      77.5505434,
      12.9738175
     ],
     [
      77.5507215,
      12.9738645
     ],
     [
      77.5509197,
      12.9739765
     ],
     [
      77.551389,
      12.9743387
     ],
     [
      77.5521852,
      12.974957
     ],
     [
      77.552386,
      12.9751026
     ],
     [
      77.5525507,
      12.9752105
     ],
     [
      77.5527413,
      12.9753325
     ],
     [
      77.5529575,
      12.975434
     ],
     [
      77.5531425,
      12.9755038
     ],
     [
      77.5533673,
      12.9755492
     ],
     [
      77.5535305,
      12.9755732
     ],
     [
      77.5538147,
      12.9756017
     ],
     [
      77.554243,
      12.9756136
     ],
     [
      77.5546466,
      12.9756234
     ],
     [
      77.5549424,
      12.9756388
     ],
     [
      77.5553548,
      12.9756527
     ],
     [
      77.5556381,
      12.9756623
     ],
     [
      77.555911,
      12.9756652
     ],
     [
      77.5562052,
      12.9756704
     ],
     [
      77.5564954,
      12.9756832
     ],
     [
      77.5568718,
      12.9756981
     ],
     [
      77.5572107,
      12.9757229
     ],
     [
      77.5575493,
      12.9757426
     ],
     [
      77.5577541,
      12.9757517
     ],
     [
      77.5581788,
      12.975783
     ],
     [
      77.5585348,
      12.9758052
     ],
     [
      77.5589281,
      12.9758249
     ],
     [
      77.5591939,
      12.9758223
     ],
     [
      77.5596727,
      12.9758132
     ],
     [
      77.5600612,
      12.9758093
     ],
     [
      77.5603797,
      12.975791
     ],
     [
      77.5606303,
      12.9757647
     ],
     [
      77.561128,
      12.9757439
     ],
     [
      77.5617331,
      12.9757124
     ],
     [
      77.5623217,
      12.9756472
     ],
     [
      77.5626735,
      12.9756384
     ],
     [
      77.5629631,
      12.9756545
     ],
     [
      77.5634091,
      12.9756847
     ],
     [
      77.5651548,
      12.9758761
     ],
     [
      77.5653744,
      12.9759026
     ],
     [
      77.5659333,
      12.9759496
     ],
     [
      77.5667157,
      12.9760126
     ],
     [
      77.5669061,
      12.9760221
     ],
     [
      77.5691219,
      12.9760245
     ],
     [
      77.5702937,
      12.9759459
     ],
     [
      77.5712858,
      12.9758915
     ],
     [
      77.5730887,
      12.9757512
     ],
     [
      77.5741251,
      12.9756654
     ],
     [
      77.574621,
      12.9755395
     ],
     [
      77.5752676,
      12.9753889
     ],
     [
      77.5757227,
      12.9752869
     ],
     [
      77.5761364,
      12.9751752
     ],
     [
      77.5781242,
      12.9743593
     ],
     [
      77.5804072,
      12.9733469
     ],
     [
      77.5808943,
      12.9731044
     ],
     [
      77.5811561,
      12.9730253
     ],
     [
      77.5813626,
      12.9730231
     ],
     [
      77.5815382,
      12.9730561
     ],
     [
      77.581733,
      12.9731517
     ],
     [
      77.5819595,
      12.973249
     ],
     [
      77.5823401,
      12.9734651
     ],
     [
      77.5828632,
      12.9737686
     ],
     [
      77.584209,
      12.9745398
     ],
     [
      77.5849634,
      12.9749873
     ],
     [
      77.585162,
      12.9750828
     ],
     [
      77.5872113,
      12.9759516
     ],
     [
      77.5878688,
      12.9762299
     ],
     [
      77.5902888,
      12.9775063
     ],
     [
      77.5906011,
      12.9776646
     ],
     [
      77.5909988,
      12.9780828
     ],
     [
      77.591831,
      12.978996
     ],
     [
      77.5932144,
      12.9806118
     ],
     [
      77.5937326,
      12.9810182
     ],
     [
      77.5940859,
      12.981267
     ],
     [
      77.5945354,
      12.9815248
     ],
     [
      77.5946898,
      12.9815779
     ],
     [
      77.5948625,
      12.9816238
     ],
     [
      77.5951747,
      12.9816319
     ],
     [
      77.5954526,
      12.9815995
     ],
     [
      77.5955351,
      12.9815865
     ],
     [
      77.5957175,
      12.981555
     ],
     [
      77.5959891,
      12.9814875
     ],
     [
      77.596332,
      12.981389
     ],
     [
      77.5975758,
      12.9809794
     ],
     [
      77.5984238,
      12.9806892
     ],
     [
      77.5986437,
      12.9806139
     ],
     [
      77.599765,
      12.9801791
     ],
     [
      77.5999443,
      12.9801094
     ],
     [
      77.6001007,
      12.980013
     ],
     [
      77.6002568,
      12.9798779
     ],
     [
      77.600361,
      12.9797674
     ],
     [
      77.600465,
      12.9796346
     ],
     [
      77.6005932,
      12.9794622
     ],
     [
      77.6007217,
      12.979298
     ],
     [
      77.6008378,
      12.9791192
     ],
     [
      77.600984,
      12.9788371
     ],
     [
      77.6014357,
      12.9775886
     ],
     [
      77.6015865,
      12.9772398
     ],
     [
      77.6017655,
      12.9769717
     ],
     [
      77.6019305,
      12.9768328
     ],
     [
      77.602176,
      12.9766914
     ],
     [
      77.6023753,
      12.9766042
     ],
     [
      77.6026151,
      12.9765402
     ],
     [
      77.6034255,
      12.9763519
     ],
     [
      77.6048224,
      12.9760274
     ],
     [
      77.6050317,
      12.9759788
     ],
     [
      77.6056655,
      12.9758263
     ],
     [
      77.6072648,
      12.9754288
     ],
     [
      77.6079936,
      12.9752551
     ],
     [
      77.6082539,
      12.9751863
     ],
     [
      77.6085133,
      12.9750879
     ],
     [
      77.6088698,
      12.9749744
     ],
     [
      77.6092619,
      12.9748748
     ],
     [
      77.6113011,
      12.9743903
     ],
     [
      77.6115833,
      12.9743258
     ],
     [
      77.6119198,
      12.9742446
     ],
     [
      77.6123836,
      12.9741194
     ],
     [
      77.6127543,
      12.9740171
     ],
     [
      77.6170235,
      12.9730388
     ],
     [
      77.6184159,
      12.9727192
     ],
     [
      77.6186106,
      12.9726821
     ],
     [
      77.618685,
      12.9726712
     ],
     [
      77.6188313,
      12.9726605
     ],
     [
      77.6191254,
      12.9726407
     ],
     [
      77.6195888,
      12.9726672
     ],
     [
      77.619989,
      12.9726881
     ],
     [
      77.6202515,
      12.9727072
     ],
     [
      77.6205843,
      12.9727327
     ],
     [
      77.6208415,
      12.9727635
     ],
     [
      77.6213137,
      12.9728783
     ],
     [
      77.6216994,
      12.9730036
     ],
     [
      77.6220353,
      12.9731346
     ],
     [
      77.6224822,
      12.973343
     ],
     [
      77.6249241,
      12.974819
     ],
     [
      77.6252621,
      12.9750438
     ],
     [
      77.625849,
      12.9754521
     ],
     [
      77.6260168,
      12.9756332
     ],
     [
      77.6261745,
      12.9758559
     ],
     [
      77.6263726,
      12.9761082
     ],
     [
      77.626667,
      12.9765165
     ],
     [
      77.627223,
      12.9773503
     ],
     [
      77.6274552,
      12.9775754
     ],
     [
      77.627733,
      12.9777887
     ],
     [
      77.6280598,
      12.9779767
     ],
     [
      77.6283522,
      12.9781588
     ],
     [
      77.6285923,
      12.9782864
     ],
     [
      77.6287916,
      12.9784045
     ],
     [
      77.6289717,
      12.9784707
     ],
     [
      77.6291722,
      12.978499
     ],
     [
      77.6294414,
      12.9784732
     ],
     [
      77.6326516,
      12.9781784
     ],
     [
      77.6329398,
      12.9781719
     ],
     [
      77.6377518,
      12.978324
     ],
     [
      77.638658,
      12.9783526
     ],
     [
      77.6396923,
      12.9783744
     ],
     [
      77.6399692,
      12.9784061
     ],
     [
      77.6401643,
      12.9784734
     ],
     [
      77.6403493,
      12.9785927
     ],
     [
      77.6404717,
      12.9787005
     ],
     [
      77.6405997,
      12.9788544
     ],
     [
      77.6407205,
      12.9791133
     ],
     [
      77.6407582,
      12.9793037
     ],
     [
      77.6407663,
      12.9794966
     ],
     [
      77.6407097,
      12.9804932
     ],
     [
      77.6405717,
      12.9829247
     ],
     [
      77.6405581,
      12.9834999
     ],
     [
      77.6405845,
      12.9836867
     ],
     [
      77.6406301,
      12.9838587
     ],
     [
      77.6407286,
      12.9840808
     ],
     [
      77.6408729,
      12.9842202
     ],
     [
      77.6410345,
      12.984385
     ],
     [
      77.6412698,
      12.9845111
     ],
     [
      77.6426391,
      12.9850604
     ],
     [
      77.643377,
      12.9853565
     ],
     [
      77.6448902,
      12.9859543
     ],
     [
      77.6455011,
      12.9861908
     ],
     [
      77.6462365,
      12.9864979
     ],
     [
      77.6473186,
      12.986909
     ],
     [
      77.6475766,
      12.9870472
     ],
     [
      77.6478251,
      12.9872112
     ],
     [
      77.6480088,
      12.9874432
     ],
     [
      77.6480577,
      12.9874987
     ],
     [
      77.6481047,
      12.9875709
     ],
     [
      77.6481465,
      12.9876396
     ],
     [
      77.648178,
      12.9876919
     ],
     [
      77.6482138,
      12.9877534
     ],
     [
      77.6482495,
      12.9878265
     ],
     [
      77.6482841,
      12.9879134
     ],
     [
      77.6483194,
      12.9880122
     ],
     [
      77.6483646,
      12.9881495
     ],
     [
      77.6484881,
      12.9885788
     ],
     [
      77.6485762,
      12.9888741
     ],
     [
      77.6486197,
      12.9889987
     ],
     [
      77.6486653,
      12.9891106
     ],
     [
      77.6487082,
      12.9892044
     ],
     [
      77.648751,
      12.9892809
     ],
     [
      77.6487879,
      12.9893389
     ],
     [
      77.6488323,
      12.9894038
     ],
     [
      77.6488777,
      12.9894669
     ],
     [
      77.6489357,
      12.9895337
     ],
     [
      77.6489959,
      12.9895984
     ],
     [
      77.649068,
      12.989661
     ],
     [
      77.649134,
      12.9897151
     ],
     [
      77.6492052,
      12.9897668
     ],
     [
      77.6492924,
      12.9898206
     ],
     [
      77.6493752,
      12.9898628
     ],
     [
      77.6494595,
      12.9898962
     ],
     [
      77.6495509,
      12.989928
     ],
     [
      77.6496623,
      12.9899627
     ],
     [
      77.6499573,
      12.9900415
     ],
     [
      77.6511678,
      12.9903844
     ],
     [
      77.6523733,
      12.9907136
     ],
     [
      77.6530453,
      12.9908972
     ],
     [
      77.6531458,
      12.9909244
     ],
     [
      77.653601,
      12.9910478
     ],
     [
      77.6541107,
      12.9911905
     ],
     [
      77.6542893,
      12.9912474
     ],
     [
      77.6544586,
      12.9913043
     ],
     [
      77.6545659,
      12.9913523
     ],
     [
      77.6546579,
      12.9914014
     ],
     [
      77.6547638,
      12.9914664
     ],
     [
      77.6548546,
      12.9915376
     ],
     [
      77.6551027,
      12.9917685
     ],
     [
      77.6553536,
      12.9920143
     ],
     [
      77.6555124,
      12.992163
     ],
     [
      77.6557084,
      12.9923347
     ],
     [
      77.6558344,
      12.9924388
     ],
     [
      77.6559783,
      12.9925398
     ],
     [
      77.6560908,
      12.992616
     ],
     [
      77.6563531,
      12.9927871
     ],
     [
      77.6565876,
      12.9929327
     ],
     [
      77.6568285,
      12.9930733
     ],
     [
      77.6571272,
      12.993241
     ],
     [
      77.6580015,
      12.9937326
     ],
     [
      77.6590867,
      12.9943442
     ],
     [
      77.6597384,
      12.9946868
     ],
     [
      77.660333,
      12.9949897
     ],
     [
      77.6609071,
      12.9952786
     ],
     [
      77.6611274,
      12.9953827
     ],
     [
      77.6613161,
      12.9954598
     ],
     [
      77.6614091,
      12.9954875
     ],
     [
      77.6616447,
      12.9955508
     ],
     [
      77.6617803,
      12.9955771
     ],
     [
      77.6618958,
      12.9955949
     ],
     [
      77.6620545,
      12.9956106
     ],
     [
      77.6622463,
      12.9956211
     ],
     [
      77.6623762,
      12.9956227
     ],
     [
      77.6625102,
      12.9956184
     ],
     [
      77.6626172,
      12.9956084
     ],
     [
      77.6627417,
      12.9955914
     ],
     [
      77.6629058,
      12.9955583
     ],
     [
      77.6633673,
      12.9954441
     ],
     [
      77.663385,
      12.9954405
     ],
     [
      77.6634411,
      12.9954291
     ],
     [
      77.663964,
      12.9953364
     ],
     [
      77.6640495,
      12.9953241
     ],
     [
      77.6642375,
      12.99531
     ],
     [
      77.6644399,
      12.9953064
     ],
     [
      77.6646347,
      12.9953103
     ],
     [
      77.6648523,
      12.9953216
     ],
     [
      77.6650184,
      12.9953362
     ],
     [
      77.6651806,
      12.9953631
     ],
     [
      77.6653465,
      12.9953921
     ],
     [
      77.665474,
      12.9954189
     ],
     [
      77.6658784,
      12.9955318
     ],
     [
      77.6660401,
      12.9955805
     ],
     [
      77.6663443,
      12.9956718
     ],
     [
      77.6666214,
      12.9957688
     ],
     [
      77.6674105,
      12.9960687
     ],
     [
      77.6679149,
      12.9962824
     ],
     [
      77.6681713,
      12.9963969
     ],
     [
      77.6684581,
      12.9965359
     ],
     [
      77.6686266,
      12.9966141
     ],
     [
      77.6687979,
      12.9966898
     ],
     [
      77.668926,
      12.9967511
     ],
     [
      77.6690841,
      12.9967991
     ],
     [
      77.6693102,
      12.9968671
     ],
     [
      77.6694817,
      12.9969163
     ],
     [
      77.6696071,
      12.9969416
     ],
     [
      77.6697321,
      12.996966
     ],
     [
      77.6698793,
      12.9969722
     ],
     [
      77.6699702,
      12.9969676
     ],
     [
      77.6700645,
      12.9969709
     ],
     [
      77.6701596,
      12.9969714
     ],
     [
      77.6702593,
      12.9969832
     ],
     [
      77.670393,
      12.9970237
     ],
     [
      77.6708689,
      12.997245
     ],
     [
      77.6713188,
      12.9974631
     ],
     [
      77.6717867,
      12.9976927
     ],
     [
      77.6720455,
      12.9978145
     ],
     [
      77.6722096,
      12.9978973
     ],
     [
      77.6725314,
      12.9980604
     ],
     [
      77.6727138,
      12.9981415
     ],
     [
      77.6732204,
      12.9983899
     ],
     [
      77.6736042,
      12.9985813
     ],
     [
      77.6739174,
      12.9987339
     ],
     [
      77.6742881,
      12.9989148
     ],
     [
      77.6745284,
      12.9990216
     ],
     [
      77.6749326,
      12.9992261
     ],
     [
      77.6752298,
      12.9993622
     ],
     [
      77.6754455,
      12.9994701
     ],
     [
      77.6759989,
      12.999718
     ],
     [
      77.6762005,
      12.9998001
     ],
     [
      77.6763453,
      12.9998382
     ],
     [
      77.6765138,
      12.9998665
     ],
     [
      77.6766441,
      12.9998841
     ],
     [
      77.6768274,
      12.9999015
     ],
     [
      77.6773791,
      12.9999223
     ],
     [
      77.6779104,
      12.9999402
     ],
     [
      77.6780719,
      12.9999455
     ],
     [
      77.6784549,
      12.9999486
     ],
     [
      77.6793546,
      12.9999891
     ],
     [
      77.6798924,
      13.0000192
     ],
     [
      77.6803153,
      13.0000667
     ],
     [
      77.6806405,
      13.0001126
     ],
     [
      77.6808512,
      13.0001568
     ],
     [
      77.6811549,
      13.0002346
     ],
     [
      77.6813639,
      13.0002987
     ],
     [
      77.6816012,
      13.0003899
     ],
     [
      77.6817753,
      13.0004253
     ],
     [
      77.6818724,
      13.0004313
     ],
     [
      77.6819659,
      13.0004307
     ],
     [
      77.682422,
      13.0004094
     ],
     [
      77.6826001,
      13.0004037
     ],
     [
      77.6829504,
      13.0003991
     ],
     [
      77.6838221,
      13.0004029
     ],
     [
      77.6845537,
      13.0003793
     ],
     [
      77.685483,
      13.0003165
     ],
     [
      77.6862099,
      13.0002588
     ],
     [
      77.6863701,
      13.000229
     ],
     [
      77.6865713,
      13.0001788
     ],
     [
      77.6867417,
      13.000118
     ],
     [
      77.686777,
      13.0000985
     ],
     [
      77.6868443,
      13.0000613
     ],
     [
      77.6870249,
      12.9999511
     ],
     [
      77.6872711,
      12.9997908
     ],
     [
      77.6876871,
      12.9994802
     ],
     [
      77.687919,
      12.9992691
     ],
     [
      77.6881958,
      12.9989638
     ],
     [
      77.6886581,
      12.9984762
     ],
     [
      77.6888968,
      12.9982544
     ],
     [
      77.6895132,
      12.9979385
     ],
     [
      77.6904002,
      12.9974968
     ],
     [
      77.6907628,
      12.997322
     ],
     [
      77.6914996,
      12.9969943
     ],
     [
      77.6930464,
      12.9964536
     ],
     [
      77.693731,
      12.9962102
     ],
     [
      77.6945378,
      12.9958643
     ],
     [
      77.6947259,
      12.9957753
     ],
     [
      77.6947518,
      12.995761
     ],
     [
      77.695248,
      12.9955417
     ],
     [
      77.6955629,
      12.9954552
     ],
     [
      77.6958819,
      12.9954081
     ],
     [
      77.696998,
      12.9952721
     ],
     [
      77.6979295,
      12.9951252
     ],
     [
      77.6980934,
      12.9950801
     ],
     [
      77.6982178,
      12.9950285
     ],
     [
      77.6988657,
      12.9947903
     ],
     [
      77.6991853,
      12.9946689
     ],
     [
      77.7000233,
      12.9944014
     ],
     [
      77.7006702,
      12.9942511
     ],
     [
      77.7010022,
      12.9941751
     ],
     [
      77.7013579,
      12.9940937
     ],
     [
      77.7016046,
      12.9940319
     ],
     [
      77.7021195,
      12.9938688
     ],
     [
      77.7026724,
      12.9937193
     ],
     [
      77.7030106,
      12.9936302
     ],
     [
      77.7036431,
      12.9934751
     ],
     [
      77.7037284,
      12.9934533
     ],
     [
      77.7041125,
      12.9933397
     ],
     [
      77.7042506,
      12.9932989
     ],
     [
      77.7044853,
      12.9932352
     ],
     [
      77.7047997,
      12.9931466
     ],
     [
      77.7052259,
      12.9930622
     ],
     [
      77.705611,
      12.9930263
     ],
     [
      77.7060577,
      12.9930151
     ],
     [
      77.7068933,
      12.9929702
     ],
     [
      77.7075256,
      12.9929442
     ],
     [
      77.7085908,
      12.9929053
     ],
     [
      77.7094219,
      12.9928669
     ],
     [
      77.7100353,
      12.9928592
     ],
     [
      77.7103674,
      12.9928566
     ],
     [
      77.710582,
      12.9928539
     ],
     [
      77.7108057,
      12.9928342
     ],
     [
      77.7112489,
      12.9927265
     ],
     [
      77.7116033,
      12.9926502
     ],
     [
      77.7121164,
      12.9924927
     ],
     [
      77.7128063,
      12.9922766
     ],
     [
      77.7134058,
      12.9920085
     ],
     [
      77.7135924,
      12.9918905
     ],
     [
      77.7137121,
      12.9917753
     ],
     [
      77.7138691,
      12.9915007
     ],
     [
      77.7139348,
      12.9913849
     ],
     [
      77.7139658,
      12.9910695
     ],
     [
      77.7139717,
      12.9908394
     ],
     [
      77.7139679,
      12.9907085
     ],
     [
      77.7139522,
      12.9905843
     ],
     [
      77.713885,
      12.9904475
     ],
     [
      77.7137685,
      12.9902858
     ],
     [
      77.7136405,
      12.9901754
     ],
     [
      77.7133807,
      12.9900017
     ],
     [
      77.7130648,
      12.9898069
     ],
     [
      77.7126773,
      12.9895784
     ],
     [
      77.7124184,
      12.9894302
     ],
     [
      77.7121665,
      12.9892801
     ],
     [
      77.7119645,
      12.9891538
     ],
     [
      77.7117506,
      12.9890219
     ],
     [
      77.7113424,
      12.988786
     ],
     [
      77.7109265,
      12.9885448
     ],
     [
      77.7108162,
      12.9884809
     ],
     [
      77.7104446,
      12.9882592
     ],
     [
      77.7100897,
      12.988072
     ],
     [
      77.7098911,
      12.9879673
     ],
     [
      77.7097276,
      12.9878705
     ],
     [
      77.709569,
      12.9877467
     ],
     [
      77.7092982,
      12.9874783
     ],
     [
      77.7091943,
      12.9873391
     ],
     [
      77.7090889,
      12.9871941
     ],
     [
      77.7090254,
      12.9870963
     ],
     [
      77.7087066,
      12.9865123
     ],
     [
      77.7085753,
      12.98617
     ],
     [
      77.7084391,
      12.9858086
     ],
     [
      77.7083745,
      12.985536
     ],
     [
      77.7083086,
      12.9852203
     ],
     [
      77.7082929,
      12.9849377
     ],
     [
      77.7082878,
      12.9846952
     ],
     [
      77.708261,
      12.9843051
     ],
     [
      77.7082655,
      12.9841245
     ],
     [
      77.7082815,
      12.9836336
     ],
     [
      77.708308,
      12.9830486
     ],
     [
      77.7083185,
      12.9829299
     ],
     [
      77.7083319,
      12.982802
     ],
     [
      77.7083478,
      12.9826395
     ],
     [
      77.7084681,
      12.982074
     ],
     [
      77.7086554,
      12.981378
     ],
     [
      77.7088592,
      12.9806564
     ],
     [
      77.7088952,
      12.980531
     ],
     [
      77.7090362,
      12.9800319
     ],
     [
      77.709277,
      12.9792081
     ],
     [
      77.7093831,
      12.97894
     ],
     [
      77.7094808,
      12.9787599
     ],
     [
      77.7095179,
      12.9787109
     ],
     [
      77.7096441,
      12.9785626
     ],
     [
      77.7097876,
      12.9784715
     ],
     [
      77.7099342,
      12.9783927
     ],
     [
      77.7100535,
      12.9783489
     ],
     [
      77.7102151,
      12.9782931
     ],
     [
      77.710296,
      12.978272
     ],
     [
      77.7104506,
      12.9782521
     ],
     [
      77.7107452,
      12.9782488
     ],
     [
      77.7111988,
      12.9781701
     ],
     [
      77.7120394,
      12.9780578
     ],
     [
      77.7123292,
      12.9780258
     ],
     [
      77.7131762,
      12.9779198
     ],
     [
      77.7145191,
      12.9777645
     ],
     [
      77.714913,
      12.9777052
     ],
     [
      77.7158088,
      12.9775704
     ],
     [
      77.7160828,
      12.9775256
     ],
     [
      77.7163459,
      12.9774826
     ],
     [
      77.7166716,
      12.9774493
     ],
     [
      77.7175204,
      12.9773696
     ],
     [
      77.7182437,
      12.9773121
     ],
     [
      77.7185947,
      12.9772907
     ],
     [
      77.719845,
      12.9771914
     ],
     [
      77.7216556,
      12.9769944
     ],
     [
      77.7226763,
      12.9768883
     ],
     [
      77.7228125,
      12.9768671
     ],
     [
      77.722946,
      12.9768427
     ],
     [
      77.7230849,
      12.9768165
     ],
     [
      77.7231766,
      12.9767984
     ],
     [
      77.7232719,
      12.9767826
     ],
     [
      77.7235936,
      12.9767378
     ],
     [
      77.7243773,
      12.9766628
     ],
     [
      77.7253457,
      12.9765754
     ],
     [
      77.7256115,
      12.9765504
     ],
     [
      77.7261095,
      12.9765045
     ],
     [
      77.7262489,
      12.9765073
     ],
     [
      77.7263478,
      12.9765153
     ],
     [
      77.7264656,
      12.9765378
     ],
     [
      77.7265518,
      12.976567
     ],
     [
      77.7266957,
      12.9766198
     ],
     [
      77.7267716,
      12.976659
     ],
     [
      77.7268277,
      12.9766985
     ],
     [
      77.726878,
      12.97674
     ],
     [
      77.7269501,
      12.9768024
     ],
     [
      77.7270187,
      12.9768696
     ],
     [
      77.7270924,
      12.9769531
     ],
     [
      77.7271494,
      12.9770428
     ],
     [
      77.7272024,
      12.9771382
     ],
     [
      77.7272434,
      12.9772332
     ],
     [
      77.7272747,
      12.9773535
     ],
     [
      77.7272962,
      12.9774861
     ],
     [
      77.7273114,
      12.9780455
     ],
     [
      77.7273175,
      12.9783598
     ],
     [
      77.7273221,
      12.9785878
     ],
     [
      77.7273128,
      12.9788052
     ],
     [
      77.7272861,
      12.9793425
     ],
     [
      77.7272849,
      12.9795613
     ],
     [
      77.7272905,
      12.9796921
     ],
     [
      77.7273158,
      12.9800306
     ],
     [
      77.7273392,
      12.9801649
     ],
     [
      77.7273765,
      12.9803557
     ],
     [
      77.7274254,
      12.9806324
     ],
     [
      77.7274981,
      12.9810226
     ],
     [
      77.7276214,
      12.9815427
     ],
     [
      77.7276627,
      12.9817149
     ],
     [
      77.7277262,
      12.9820198
     ],
     [
      77.7277803,
      12.9822129
     ],
     [
      77.7278496,
      12.9824537
     ],
     [
      77.7280578,
      12.9829475
     ],
     [
      77.7282693,
      12.9833414
     ],
     [
      77.7284459,
      12.9835931
     ],
     [
      77.7286687,
      12.9838892
     ],
     [
      77.729011,
      12.9843087
     ],
     [
      77.7294868,
      12.9848739
     ],
     [
      77.7297026,
      12.9851173
     ],
     [
      77.7299584,
      12.9853916
     ],
     [
      77.7302058,
      12.9856112
     ],
     [
      77.7304072,
      12.9857583
     ],
     [
      77.7305934,
      12.9858759
     ],
     [
      77.7314705,
      12.9863852
     ],
     [
      77.7316855,
      12.9865155
     ],
     [
      77.7317619,
      12.98657
     ],
     [
      77.7318453,
      12.9866437
     ],
     [
      77.7319289,
      12.9867218
     ],
     [
      77.7320424,
      12.9868378
     ],
     [
      77.7322034,
      12.9870507
     ],
     [
      77.7323527,
      12.9872631
     ],
     [
      77.7324732,
      12.9874361
     ],
     [
      77.7325532,
      12.9875213
     ],
     [
      77.7326804,
      12.9876344
     ],
     [
      77.7327684,
      12.9876992
     ],
     [
      77.7328527,
      12.9877562
     ],
     [
      77.7329621,
      12.9878162
     ],
     [
      77.7330671,
      12.9878575
     ],
     [
      77.7332213,
      12.987909
     ],
     [
      77.7333737,
      12.9879307
     ],
     [
      77.7334589,
      12.9879363
     ],
     [
      77.7336375,
      12.9879267
     ],
     [
      77.7339588,
      12.9878873
     ],
     [
      77.7350801,
      12.9877178
     ],
     [
      77.7352949,
      12.9876843
     ],
     [
      77.7355565,
      12.9876569
     ],
     [
      77.7358537,
      12.9876355
     ],
     [
      77.7366517,
      12.9876339
     ],
     [
      77.7372334,
      12.9876376
     ],
     [
      77.7380841,
      12.987637
     ],
     [
      77.7383542,
      12.987637
     ],
     [
      77.7392017,
      12.9876362
     ],
     [
      77.7399572,
      12.987627
     ],
     [
      77.7400542,
      12.9876195
     ],
     [
      77.7401543,
      12.9876076
     ],
     [
      77.7403085,
      12.987577
     ],
     [
      77.7439323,
      12.9866544
     ],
     [
      77.7452867,
      12.9863001
     ],
     [
      77.7455189,
      12.9862327
     ],
     [
      77.7458499,
      12.9861211
     ],
     [
      77.7470234,
      12.9856714
     ],
     [
      77.747537,
      12.9854806
     ],
     [
      77.7481544,
      12.9852481
     ],
     [
      77.749025,
      12.9849401
     ],
     [
      77.7498792,
      12.9846397
     ],
     [
      77.7509833,
      12.9842658
     ],
     [
      77.7512565,
      12.9842219
     ],
     [
      77.7513975,
      12.9842147
     ],
     [
      77.7515475,
      12.9842246
     ],
     [
      77.7516872,
      12.9842466
     ],
     [
      77.7518553,
      12.9842926
     ],
     [
      77.7520262,
      12.9843526
     ],
     [
      77.7521491,
      12.9844032
     ],
     [
      77.752319,
      12.984504
     ],
     [
      77.7524643,
      12.9846016
     ],
     [
      77.7526086,
      12.9847206
     ],
     [
      77.7527493,
      12.9848717
     ],
     [
      77.752885,
      12.985059
     ],
     [
      77.7530829,
      12.9853867
     ],
     [
      77.7532814,
      12.9858967
     ],
     [
      77.7536268,
      12.9867454
     ],
     [
      77.7539652,
      12.9875337
     ],
     [
      77.7541399,
      12.9879405
     ],
     [
      77.7544744,
      12.9887263
     ],
     [
      77.7545497,
      12.988907
     ],
     [
      77.7546833,
      12.9892199
     ],
     [
      77.7548116,
      12.9895258
     ],
     [
      77.7549064,
      12.9897394
     ],
     [
      77.7549894,
      12.9899003
     ],
     [
      77.7550724,
      12.9900506
     ],
     [
      77.7551409,
      12.9901614
     ],
     [
      77.7552257,
      12.9902879
     ],
     [
      77.7553629,
      12.9904734
     ],
     [
      77.7563761,
      12.9918121
     ],
     [
      77.7567494,
      12.9922974
     ],
     [
      77.7568236,
      12.9924064
     ],
     [
      77.7568807,
      12.9924958
     ],
     [
      77.7569572,
      12.9926213
     ],
     [
      77.7570144,
      12.9927407
     ],
     [
      77.7570874,
      12.9929106
     ],
     [
      77.7571208,
      12.9930065
     ],
     [
      77.7572437,
      12.9934041
     ],
     [
      77.7576555,
      12.9947495
     ],
     [
      77.7577806,
      12.9951972
     ],
     [
      77.7579756,
      12.9959639
     ],
     [
      77.7580484,
      12.9962321
     ]
    ]
   }
  },
  {
   "type": "Feature",
   "properties": {
    "colour": "#009933",
    "duration": "01:01",
    "from": "Madavara",
    "interval": "10",
    "name": "Green Line (Madavara -> Silk Institute)",
    "name:kn": "ಹಸಿರು ಪಥ (ಮದವರ -> ರೇಷ್ಮೆ ಸಂಸ್ಥೆ)",
    "network": "Namma Metro",
    "network:wikidata": "Q279343",
    "opening_hours": "Mo 04:15-00:00; Tu-Sa,PH 05:00-00:00; Su 07:00-00:00",
    "operator": "BMRCL",
    "public_transport:version": "2",
    "ref": "Green",
    "route": "subway",
    "to": "Silk Institute",
    "type": "route",
    "wikidata": "Q17054000",
    "wikipedia": "en:Green Line (Namma Metro)",
    "@id": "relation/7842287"
   },
   "geometry": {
    "type": "LineString",
    "coordinates": [
     [
      77.5276932,
      12.8579955
     ],
     [
      77.527996,
      12.8584166
     ],
     [
      77.5291132,
      12.8602616
     ],
     [
      77.5292106,
      12.8604109
     ],
     [
      77.5293188,
      12.8605979
     ],
     [
      77.5294788,
      12.860867
     ],
     [
      77.5298172,
      12.861435
     ],
     [
      77.5299532,
      12.8616662
     ],
     [
      77.5302856,
      12.862197
     ],
     [
      77.5304964,
      12.8625424
     ],
     [
      77.530806,
      12.8627735
     ],
     [
      77.5314277,
      12.8631881
     ],
     [
      77.532077,
      12.8636242
     ],
     [
      77.5324861,
      12.8639691
     ],
     [
      77.5328619,
      12.8643238
     ],
     [
      77.5330171,
      12.8644921
     ],
     [
      77.5342366,
      12.866038
     ],
     [
      77.5350065,
      12.8670555
     ],
     [
      77.5365886,
      12.8691171
     ],
     [
      77.5367491,
      12.8693086
     ],
     [
      77.5378837,
      12.8707251
     ],
     [
      77.538419,
      12.8713916
     ],
     [
      77.539826,
      12.8731484
     ],
     [
      77.540106,
      12.8734354
     ],
     [
      77.5403602,
      12.8736735
     ],
     [
      77.5407012,
      12.8739539
     ],
     [
      77.541002,
      12.8741433
     ],
     [
      77.5412876,
      12.8743119
     ],
     [
      77.5423538,
      12.8747967
     ],
     [
      77.5429577,
      12.8750538
     ],
     [
      77.5433884,
      12.8753154
     ],
     [
      77.543658,
      12.8755361
     ],
     [
      77.5439311,
      12.8758213
     ],
     [
      77.5441844,
      12.8761403
     ],
     [
      77.5444246,
      12.8766284
     ],
     [
      77.5448072,
      12.8775221
     ],
     [
      77.5455999,
      12.8794146
     ],
     [
      77.5465144,
      12.8816785
     ],
     [
      77.5468242,
      12.8823955
     ],
     [
      77.5470185,
      12.8827483
     ],
     [
      77.5471404,
      12.8828975
     ],
     [
      77.5473191,
      12.8830216
     ],
     [
      77.5475216,
      12.8831324
     ],
     [
      77.5477886,
      12.8832503
     ],
     [
      77.548092,
      12.8833326
     ],
     [
      77.5495993,
      12.8837093
     ],
     [
      77.5503576,
      12.8839021
     ],
     [
      77.5511006,
      12.8841215
     ],
     [
      77.5527796,
      12.8846245
     ],
     [
      77.552925,
      12.8846652
     ],
     [
      77.5549214,
      12.8852865
     ],
     [
      77.5559889,
      12.8856367
     ],
     [
      77.5562482,
      12.8857094
     ],
     [
      77.5568757,
      12.8858898
     ],
     [
      77.5577428,
      12.8861991
     ],
     [
      77.5579868,
      12.8862606
     ],
     [
      77.5590708,
      12.8866017
     ],
     [
      77.5592789,
      12.8866668
     ],
     [
      77.5599738,
      12.8869171
     ],
     [
      77.5604136,
      12.8871348
     ],
     [
      77.5612116,
      12.8877215
     ],
     [
      77.561521,
      12.8879304
     ],
     [
      77.5618091,
      12.8881719
     ],
     [
      77.5627011,
      12.8889432
     ],
     [
      77.5634887,
      12.8896241
     ],
     [
      77.563618,
      12.8897372
     ],
     [
      77.5639984,
      12.8900878
     ],
     [
      77.5644343,
      12.8904835
     ],
     [
      77.5653166,
      12.8912755
     ],
     [
      77.5661453,
      12.8919891
     ],
     [
      77.566717,
      12.8925194
     ],
     [
      77.5674777,
      12.8932211
     ],
     [
      77.5682123,
      12.8939458
     ],
     [
      77.5687719,
      12.8945321
     ],
     [
      77.5692191,
      12.8949932
     ],
     [
      77.5695482,
      12.8953693
     ],
     [
      77.57014,
      12.8960361
     ],
     [
      77.5708245,
      12.8967948
     ],
     [
      77.5712553,
      12.8972517
     ],
     [
      77.5715503,
      12.8976341
     ],
     [
      77.5716465,
      12.8977588
     ],
     [
      77.5725456,
      12.8989976
     ],
     [
      77.5727487,
      12.8993544
     ],
     [
      77.5728639,
      12.8996046
     ],
     [
      77.5729151,
      12.8996823
     ],
     [
      77.5730137,
      12.9000062
     ],
     [
      77.5731012,
      12.9002775
     ],
     [
      77.5733542,
      12.9011752
     ],
     [
      77.5734294,
      12.9014972
     ],
     [
      77.5734628,
      12.9017801
     ],
     [
      77.5734785,
      12.9019195
     ],
     [
      77.5734708,
      12.9020677
     ],
     [
      77.5734387,
      12.9023765
     ],
     [
      77.5732659,
      12.9034829
     ],
     [
      77.5732386,
      12.9036281
     ],
     [
      77.5732336,
      12.9038461
     ],
     [
      77.5732549,
      12.904063
     ],
     [
      77.5732851,
      12.9043311
     ],
     [
      77.5733434,
      12.904904
     ],
     [
      77.5733704,
      12.9053055
     ],
     [
      77.5733662,
      12.9055492
     ],
     [
      77.5733459,
      12.9057733
     ],
     [
      77.5733197,
      12.9059627
     ],
     [
      77.5732987,
      12.9062199
     ],
     [
      77.5732362,
      12.9066441
     ],
     [
      77.5731495,
      12.9074812
     ],
     [
      77.5730428,
      12.9081566
     ],
     [
      77.5730029,
      12.908457
     ],
     [
      77.5729632,
      12.908955
     ],
     [
      77.5729032,
      12.9110064
     ],
     [
      77.5728853,
      12.911436
     ],
     [
      77.5728903,
      12.9116747
     ],
     [
      77.5729324,
      12.9120234
     ],
     [
      77.5729914,
      12.9124024
     ],
     [
      77.5730428,
      12.9126774
     ],
     [
      77.5731936,
      12.9131419
     ],
     [
      77.5733963,
      12.9139485
     ],
     [
      77.5734666,
      12.9142957
     ],
     [
      77.5735324,
      12.9147097
     ],
     [
      77.5736205,
      12.9152186
     ],
     [
      77.5738299,
      12.9167244
     ],
     [
      77.5738819,
      12.9168967
     ],
     [
      77.5739711,
      12.9170846
     ],
     [
      77.5741167,
      12.9172677
     ],
     [
      77.5742651,
      12.917387
     ],
     [
      77.5744928,
      12.9175189
     ],
     [
      77.5746198,
      12.9175631
     ],
     [
      77.5747854,
      12.9176065
     ],
     [
      77.5749269,
      12.9176263
     ],
     [
      77.575098,
      12.9176258
     ],
     [
      77.5754492,
      12.9176202
     ],
     [
      77.5768943,
      12.9175923
     ],
     [
      77.5770839,
      12.9175874
     ],
     [
      77.5772584,
      12.9175579
     ],
     [
      77.5774272,
      12.9175082
     ],
     [
      77.5776311,
      12.9174354
     ],
     [
      77.5778064,
      12.9173643
     ],
     [
      77.5780173,
      12.917279
     ],
     [
      77.5781702,
      12.9172346
     ],
     [
      77.5783373,
      12.9171915
     ],
     [
      77.578504,
      12.9171592
     ],
     [
      77.5786886,
      12.9171503
     ],
     [
      77.5788522,
      12.917148
     ],
     [
      77.5790061,
      12.9171494
     ],
     [
      77.5791414,
      12.9171582
     ],
     [
      77.5792943,
      12.9171737
     ],
     [
      77.5794194,
      12.9171955
     ],
     [
      77.5795342,
      12.9172296
     ],
     [
      77.579653,
      12.917275
     ],
     [
      77.579732,
      12.9173135
     ],
     [
      77.579833,
      12.917381
     ],
     [
      77.5799101,
      12.9174423
     ],
     [
      77.5799862,
      12.9175159
     ],
     [
      77.5800528,
      12.9175914
     ],
     [
      77.580118,
      12.9176861
     ],
     [
      77.5801678,
      12.917764
     ],
     [
      77.5802171,
      12.9178572
     ],
     [
      77.5802551,
      12.9179686
     ],
     [
      77.5802809,
      12.9180802
     ],
     [
      77.5803018,
      12.9181857
     ],
     [
      77.5803118,
      12.9182905
     ],
     [
      77.5803148,
      12.9184579
     ],
     [
      77.5802989,
      12.9199257
     ],
     [
      77.5802981,
      12.9200726
     ],
     [
      77.5802938,
      12.9208529
     ],
     [
      77.5802892,
      12.9213328
     ],
     [
      77.5802816,
      12.922131
     ],
     [
      77.580266,
      12.9234476
     ],
     [
      77.5802584,
      12.9240241
     ],
     [
      77.5802467,
      12.9249156
     ],
     [
      77.580234,
      12.9263713
     ],
     [
      77.580222,
      12.9271453
     ],
     [
      77.5801653,
      12.9295069
     ],
     [
      77.5801568,
      12.9303039
     ],
     [
      77.5801102,
      12.933122
     ],
     [
      77.5800942,
      12.9359696
     ],
     [
      77.5800772,
      12.938262
     ],
     [
      77.5800672,
      12.9396168
     ],
     [
      77.5800547,
      12.9401626
     ],
     [
      77.5800569,
      12.9424057
     ],
     [
      77.5800452,
      12.9436048
     ],
     [
      77.5800377,
      12.9465345
     ],
     [
      77.5800233,
      12.9470636
     ],
     [
      77.580015,
      12.9473174
     ],
     [
      77.5799858,
      12.9474701
     ],
     [
      77.5799532,
      12.9475898
     ],
     [
      77.5798809,
      12.9477264
     ],
     [
      77.5797726,
      12.9478968
     ],
     [
      77.5796115,
      12.9480478
     ],
     [
      77.5793871,
      12.9481888
     ],
     [
      77.579173,
      12.9482687
     ],
     [
      77.5789767,
      12.9483066
     ],
     [
      77.5763652,
      12.9482861
     ],
     [
      77.5760185,
      12.9483046
     ],
     [
      77.5757287,
      12.9483278
     ],
     [
      77.575457,
      12.9483549
     ],
     [
      77.575181,
      12.9483819
     ],
     [
      77.5748298,
      12.9484256
     ],
     [
      77.5745575,
      12.9484758
     ],
     [
      77.5743602,
      12.9485442
     ],
     [
      77.5742416,
      12.9486042
     ],
     [
      77.5741316,
      12.9486823
     ],
     [
      77.5740209,
      12.948781
     ],
     [
      77.573945,
      12.9488821
     ],
     [
      77.5738436,
      12.9490534
     ],
     [
      77.5737799,
      12.949205
     ],
     [
      77.5737449,
      12.9493575
     ],
     [
      77.5737242,
      12.9494821
     ],
     [
      77.573712,
      12.9505258
     ],
     [
      77.5736939,
      12.9520729
     ],
     [
      77.5736944,
      12.9525179
     ],
     [
      77.5736956,
      12.9535221
     ],
     [
      77.5736692,
      12.9559439
     ],
     [
      77.5736287,
      12.9567015
     ],
     [
      77.5736139,
      12.9569783
     ],
     [
      77.5736347,
      12.9572009
     ],
     [
      77.5736864,
      12.9574162
     ],
     [
      77.5741322,
      12.9586353
     ],
     [
      77.5742278,
      12.9589628
     ],
     [
      77.5744822,
      12.9596689
     ],
     [
      77.5744982,
      12.9597541
     ],
     [
      77.5745083,
      12.9598165
     ],
     [
      77.5746822,
      12.9608898
     ],
     [
      77.5748902,
      12.9623025
     ],
     [
      77.5749312,
      12.963372
     ],
     [
      77.574918,
      12.9636316
     ],
     [
      77.5748898,
      12.963897
     ],
     [
      77.5748486,
      12.9641311
     ],
     [
      77.5747378,
      12.9645284
     ],
     [
      77.5746054,
      12.9650342
     ],
     [
      77.5745388,
      12.9656816
     ],
     [
      77.5745737,
      12.966924
     ],
     [
      77.574589,
      12.967471
     ],
     [
      77.5746944,
      12.9690094
     ],
     [
      77.5747008,
      12.9692985
     ],
     [
      77.5746053,
      12.9697021
     ],
     [
      77.5730056,
      12.9733182
     ],
     [
      77.5730094,
      12.973602
     ],
     [
      77.5730207,
      12.9739729
     ],
     [
      77.5730388,
      12.9750646
     ],
     [
      77.5730713,
      12.9768229
     ],
     [
      77.5729514,
      12.9774512
     ],
     [
      77.5728505,
      12.9779602
     ],
     [
      77.5728522,
      12.9785014
     ],
     [
      77.5727731,
      12.9788321
     ],
     [
      77.5726805,
      12.9790269
     ],
     [
      77.5722839,
      12.979795
     ],
     [
      77.5721454,
      12.980043
     ],
     [
      77.5720758,
      12.9801593
     ],
     [
      77.5720176,
      12.9803346
     ],
     [
      77.571995,
      12.980429
     ],
     [
      77.5719563,
      12.9817925
     ],
     [
      77.5720037,
      12.9834986
     ],
     [
      77.5720644,
      12.9857225
     ],
     [
      77.5720446,
      12.9862279
     ],
     [
      77.5720125,
      12.9870468
     ],
     [
      77.5720024,
      12.9872763
     ],
     [
      77.5719909,
      12.9875361
     ],
     [
      77.5719447,
      12.9883347
     ],
     [
      77.5718806,
      12.9886341
     ],
     [
      77.5718103,
      12.9888723
     ],
     [
      77.5716442,
      12.9892435
     ],
     [
      77.5713958,
      12.9896272
     ],
     [
      77.5710985,
      12.990016
     ],
     [
      77.5707615,
      12.9904754
     ],
     [
      77.5701279,
      12.9913584
     ],
     [
      77.5696388,
      12.9920399
     ],
     [
      77.5690859,
      12.9927989
     ],
     [
      77.5685399,
      12.9936483
     ],
     [
      77.5677728,
      12.9947322
     ],
     [
      77.5668985,
      12.9959675
     ],
     [
      77.5666677,
      12.9962146
     ],
     [
      77.5665007,
      12.9963208
     ],
     [
      77.5662974,
      12.9964102
     ],
     [
      77.5661185,
      12.9964387
     ],
     [
      77.5659537,
      12.9964533
     ],
     [
      77.5658341,
      12.9964481
     ],
     [
      77.5657149,
      12.9964377
     ],
     [
      77.5656012,
      12.9964228
     ],
     [
      77.5654882,
      12.9964031
     ],
     [
      77.5649142,
      12.9962966
     ],
     [
      77.5648584,
      12.9962873
     ],
     [
      77.5648019,
      12.9962829
     ],
     [
      77.5647431,
      12.9962834
     ],
     [
      77.5646846,
      12.9962891
     ],
     [
      77.5645633,
      12.9963024
     ],
     [
      77.5644425,
      12.9963188
     ],
     [
      77.5643259,
      12.9963378
     ],
     [
      77.5642098,
      12.9963597
     ],
     [
      77.5639131,
      12.9964251
     ],
     [
      77.5633115,
      12.9965408
     ],
     [
      77.5622743,
      12.9966663
     ],
     [
      77.5619555,
      12.9967041
     ],
     [
      77.5618058,
      12.9967285
     ],
     [
      77.5615998,
      12.9967854
     ],
     [
      77.5615253,
      12.9968129
     ],
     [
      77.5613977,
      12.9968669
     ],
     [
      77.5612722,
      12.9969199
     ],
     [
      77.5608458,
      12.9971229
     ],
     [
      77.5606042,
      12.9972378
     ],
     [
      77.5605541,
      12.9972617
     ],
     [
      77.5605112,
      12.9972821
     ],
     [
      77.5603762,
      12.9973464
     ],
     [
      77.5601197,
      12.9974721
     ],
     [
      77.5600702,
      12.9974905
     ],
     [
      77.559788,
      12.9975955
     ],
     [
      77.5588429,
      12.9979472
     ],
     [
      77.558633,
      12.9980253
     ],
     [
      77.5583059,
      12.9981253
     ],
     [
      77.558029,
      12.9982209
     ],
     [
      77.5578831,
      12.9982731
     ],
     [
      77.5573961,
      12.998412
     ],
     [
      77.5568794,
      12.9985238
     ],
     [
      77.5562874,
      12.9986349
     ],
     [
      77.5558972,
      12.9986834
     ],
     [
      77.5554221,
      12.9986946
     ],
     [
      77.5530665,
      12.9982502
     ],
     [
      77.5521594,
      12.9980562
     ],
     [
      77.5515074,
      12.9978929
     ],
     [
      77.5512123,
      12.9978437
     ],
     [
      77.5509822,
      12.9978458
     ],
     [
      77.5507518,
      12.9979065
     ],
     [
      77.5505266,
      12.9980016
     ],
     [
      77.5503478,
      12.9981365
     ],
     [
      77.5501747,
      12.9983176
     ],
     [
      77.5500684,
      12.9985397
     ],
     [
      77.5499887,
      12.9988839
     ],
     [
      77.5496996,
      13.0005359
     ],
     [
      77.5494525,
      13.0022038
     ],
     [
      77.549401,
      13.0025514
     ],
     [
      77.5489684,
      13.0050485
     ],
     [
      77.5488686,
      13.0056708
     ],
     [
      77.5487552,
      13.0062036
     ],
     [
      77.5486769,
      13.0066782
     ],
     [
      77.5486771,
      13.0070267
     ],
     [
      77.5487184,
      13.0073775
     ],
     [
      77.5487659,
      13.0076885
     ],
     [
      77.5487869,
      13.0078254
     ],
     [
      77.5488152,
      13.008011
     ],
     [
      77.5488245,
      13.0080714
     ],
     [
      77.5489458,
      13.0088654
     ],
     [
      77.5490168,
      13.0092702
     ],
     [
      77.5490565,
      13.0094195
     ],
     [
      77.5491209,
      13.0096041
     ],
     [
      77.5491914,
      13.0097639
     ],
     [
      77.549262,
      13.0099113
     ],
     [
      77.5493456,
      13.0100554
     ],
     [
      77.5494275,
      13.0101843
     ],
     [
      77.5495183,
      13.0103123
     ],
     [
      77.5496103,
      13.0104271
     ],
     [
      77.5497093,
      13.0105427
     ],
     [
      77.5498074,
      13.0106436
     ],
     [
      77.5499186,
      13.0107414
     ],
     [
      77.5500259,
      13.010833
     ],
     [
      77.5501412,
      13.0109189
     ],
     [
      77.5503277,
      13.011041
     ],
     [
      77.5506818,
      13.0112354
     ],
     [
      77.5524062,
      13.0121947
     ],
     [
      77.5531494,
      13.0125468
     ],
     [
      77.5534474,
      13.0127068
     ],
     [
      77.5536298,
      13.0128392
     ],
     [
      77.5538004,
      13.013025
     ],
     [
      77.5539291,
      13.0132221
     ],
     [
      77.5540112,
      13.0133768
     ],
     [
      77.5540426,
      13.0134725
     ],
     [
      77.5540613,
      13.0135687
     ],
     [
      77.5540746,
      13.0136669
     ],
     [
      77.5540821,
      13.0137634
     ],
     [
      77.5540842,
      13.0138608
     ],
     [
      77.5540284,
      13.0147177
     ],
     [
      77.5539727,
      13.015574
     ],
     [
      77.5539484,
      13.0160068
     ],
     [
      77.5539047,
      13.0164311
     ],
     [
      77.5538776,
      13.0166476
     ],
     [
      77.5538413,
      13.016834
     ],
     [
      77.5537327,
      13.0172485
     ],
     [
      77.5534416,
      13.0183085
     ],
     [
      77.5532396,
      13.0191277
     ],
     [
      77.553174,
      13.0193519
     ],
     [
      77.5531094,
      13.0194979
     ],
     [
      77.5527583,
      13.0201721
     ],
     [
      77.5523138,
      13.0210226
     ],
     [
      77.5520368,
      13.0215269
     ],
     [
      77.5518141,
      13.0218852
     ],
     [
      77.5517185,
      13.0220339
     ],
     [
      77.5516058,
      13.0221605
     ],
     [
      77.551493,
      13.0222786
     ],
     [
      77.5513089,
      13.0224326
     ],
     [
      77.5511779,
      13.0225296
     ],
     [
      77.5510136,
      13.0226339
     ],
     [
      77.549748,
      13.0233685
     ],
     [
      77.5488411,
      13.0238884
     ],
     [
      77.5480872,
      13.0243206
     ],
     [
      77.5473394,
      13.0247552
     ],
     [
      77.5464956,
      13.0252184
     ],
     [
      77.5438604,
      13.0267417
     ],
     [
      77.5436807,
      13.0268388
     ],
     [
      77.5435747,
      13.026902
     ],
     [
      77.5433942,
      13.0270264
     ],
     [
      77.5432206,
      13.0271353
     ],
     [
      77.5424909,
      13.0275489
     ],
     [
      77.5416444,
      13.0279867
     ],
     [
      77.5411923,
      13.0282471
     ],
     [
      77.5402105,
      13.0287877
     ],
     [
      77.5387549,
      13.0296353
     ],
     [
      77.5378618,
      13.0301534
     ],
     [
      77.537655,
      13.0302857
     ],
     [
      77.5366227,
      13.0309461
     ],
     [
      77.5354489,
      13.0317443
     ],
     [
      77.5332233,
      13.0330515
     ],
     [
      77.5310025,
      13.034347
     ],
     [
      77.5306268,
      13.0345266
     ],
     [
      77.5300958,
      13.0347621
     ],
     [
      77.5298137,
      13.0348609
     ],
     [
      77.5283755,
      13.0352445
     ],
     [
      77.5283044,
      13.0352629
     ],
     [
      77.5272521,
      13.0355359
     ],
     [
      77.5269858,
      13.03562
     ],
     [
      77.5266159,
      13.0357645
     ],
     [
      77.5262662,
      13.0359417
     ],
     [
      77.525528,
      13.0363428
     ],
     [
      77.5249884,
      13.0366351
     ],
     [
      77.5241459,
      13.0370904
     ],
     [
      77.5239477,
      13.0371976
     ],
     [
      77.5208388,
      13.0388829
     ],
     [
      77.5197626,
      13.0394442
     ],
     [
      77.5185366,
      13.0401039
     ],
     [
      77.5184203,
      13.0401896
     ],
     [
      77.5175499,
      13.0409796
     ],
     [
      77.5165298,
      13.0419072
     ],
     [
      77.5162253,
      13.042052
     ],
     [
      77.5125628,
      13.0432956
     ],
     [
      77.5113763,
      13.0437142
     ],
     [
      77.5109475,
      13.043908
     ],
     [
      77.5088582,
      13.0449868
     ],
     [
      77.5082271,
      13.0452648
     ],
     [
      77.505146,
      13.0461609
     ],
     [
      77.5024644,
      13.0471275
     ],
     [
      77.5017778,
      13.047375
     ],
     [
      77.5012661,
      13.0475734
     ],
     [
      77.5001473,
      13.0479782
     ],
     [
      77.4995608,
      13.0482044
     ],
     [
      77.4990607,
      13.0483923
     ],
     [
      77.4986753,
      13.0485371
     ],
     [
      77.4981179,
      13.0487466
     ],
     [
      77.497939,
      13.0488138
     ],
     [
      77.495422,
      13.0497448
     ],
     [
      77.4944527,
      13.0501121
     ],
     [
      77.4941493,
      13.0502271
     ],
     [
      77.4932587,
      13.0505308
     ],
     [
      77.4924114,
      13.0507521
     ],
     [
      77.4915142,
      13.0510696
     ],
     [
      77.489768,
      13.0517007
     ],
     [
      77.4891939,
      13.0519264
     ],
     [
      77.4887633,
      13.0520816
     ],
     [
      77.4879224,
      13.0523847
     ],
     [
      77.4873606,
      13.0525871
     ],
     [
      77.484948,
      13.0534566
     ],
     [
      77.4837318,
      13.053902
     ],
     [
      77.482148,
      13.0544716
     ],
     [
      77.4812736,
      13.0547904
     ],
     [
      77.47931,
      13.0555796
     ],
     [
      77.4774259,
      13.0563529
     ],
     [
      77.4754666,
      13.056814
     ],
     [
      77.4741185,
      13.0571355
     ],
     [
      77.473982,
      13.0571681
     ],
     [
      77.4728077,
      13.0574359
     ],
     [
      77.4721836,
      13.0575783
     ],
     [
      77.47198,
      13.057629
     ],
     [
      77.4707137,
      13.0579441
     ],
     [
      77.4695696,
      13.0582688
     ]
    ]
   }
  },
  {
   "type": "Feature",
   "properties": {
    "colour": "#009933",
    "duration": "00:48",
    "from": "Silk Institute",
    "interval": "5",
    "name": "Green Line (Silk Institute -> Peenya Industry)",
    "name:kn": "ಹಸಿರು ಪಥ (ರೇಷ್ಮೆ ಸಂಸ್ಥೆ -> ಪೀಣ್ಯ ಕೈಗಾರಿಕ)",
    "network": "Namma Metro",
    "network:wikidata": "Q279343",
    "opening_hours": "Mo-Sa 07:20-11:00,16:44-19:55",
    "operator": "BMRCL",
    "public_transport:version": "2",
    "ref": "Green",
    "route": "subway",
    "to": "Peenya Industry",
    "type": "route",
    "wikidata": "Q17054000",
    "wikipedia": "en:Green Line (Namma Metro)",
    "@id": "relation/16176489"
   },
   "geometry": {
    "type": "LineString",
    "coordinates": [
     [
      77.5232156,
      13.0375474
     ],
     [
      77.5245629,
      13.0368135
     ],
     [
      77.5249635,
      13.0365953
     ],
     [
      77.5254867,
      13.0362716
     ],
     [
      77.5262264,
      13.0358697
     ],
     [
      77.5265808,
      13.0356901
     ],
     [
      77.5269572,
      13.035543
     ],
     [
      77.5272283,
      13.0354574
     ],
     [
      77.5283536,
      13.0351655
     ],
     [
      77.5297884,
      13.0347828
     ],
     [
      77.5300641,
      13.0346863
     ],
     [
      77.5305909,
      13.0344526
     ],
     [
      77.5309624,
      13.0342751
     ],
     [
      77.5331801,
      13.0329814
     ],
     [
      77.5354031,
      13.0316757
     ],
     [
      77.5365756,
      13.0308784
     ],
     [
      77.5378173,
      13.030084
     ],
     [
      77.5387127,
      13.0295646
     ],
     [
      77.5401865,
      13.0287531
     ],
     [
      77.5404372,
      13.028613
     ],
     [
      77.5416236,
      13.027948
     ],
     [
      77.5424486,
      13.0274783
     ],
     [
      77.5431767,
      13.0270655
     ],
     [
      77.5433472,
      13.0269586
     ],
     [
      77.5435285,
      13.0268336
     ],
     [
      77.5436384,
      13.0267681
     ],
     [
      77.5438186,
      13.0266707
     ],
     [
      77.5464536,
      13.0251476
     ],
     [
      77.5472973,
      13.0246844
     ],
     [
      77.5480444,
      13.0242502
     ],
     [
      77.5484213,
      13.0240342
     ],
     [
      77.5497052,
      13.0232981
     ],
     [
      77.5509692,
      13.0225645
     ],
     [
      77.5511295,
      13.0224627
     ],
     [
      77.5512561,
      13.0223689
     ],
     [
      77.5514347,
      13.0222195
     ],
     [
      77.5515537,
      13.0220931
     ],
     [
      77.5516508,
      13.0219851
     ],
     [
      77.5517426,
      13.0218423
     ],
     [
      77.5519638,
      13.0214864
     ],
     [
      77.5522394,
      13.0209847
     ],
     [
      77.5526834,
      13.020135
     ],
     [
      77.5530333,
      13.0194632
     ],
     [
      77.5530947,
      13.0193244
     ],
     [
      77.5531584,
      13.0191069
     ],
     [
      77.5533602,
      13.0182884
     ],
     [
      77.5536515,
      13.0172278
     ],
     [
      77.5537593,
      13.0168162
     ],
     [
      77.5537946,
      13.016635
     ],
     [
      77.5538212,
      13.0164221
     ],
     [
      77.5538646,
      13.016001
     ],
     [
      77.5539359,
      13.0155717
     ],
     [
      77.5539915,
      13.0147178
     ],
     [
      77.5540473,
      13.01386
     ],
     [
      77.5540452,
      13.0137652
     ],
     [
      77.5540379,
      13.0136706
     ],
     [
      77.5540249,
      13.0135744
     ],
     [
      77.5540064,
      13.0134791
     ],
     [
      77.553974,
      13.0133898
     ],
     [
      77.5538951,
      13.0132485
     ],
     [
      77.5537332,
      13.0130746
     ],
     [
      77.5535729,
      13.0128999
     ],
     [
      77.5534018,
      13.0127758
     ],
     [
      77.5531108,
      13.0126195
     ],
     [
      77.5523559,
      13.012208
     ],
     [
      77.5505966,
      13.0112384
     ],
     [
      77.550424,
      13.01114
     ],
     [
      77.5503229,
      13.0110845
     ],
     [
      77.5501246,
      13.0109595
     ],
     [
      77.5500206,
      13.0108812
     ],
     [
      77.5499341,
      13.0108102
     ],
     [
      77.5498385,
      13.0107285
     ],
     [
      77.5497379,
      13.0106221
     ],
     [
      77.5496361,
      13.0105148
     ],
     [
      77.5495449,
      13.0104075
     ],
     [
      77.5494364,
      13.010262
     ],
     [
      77.5493548,
      13.0101362
     ],
     [
      77.5492727,
      13.010009
     ],
     [
      77.5491877,
      13.0098431
     ],
     [
      77.549106,
      13.0096621
     ],
     [
      77.5490567,
      13.0095354
     ],
     [
      77.548977,
      13.0092803
     ],
     [
      77.5489144,
      13.0089404
     ],
     [
      77.5487834,
      13.0080774
     ],
     [
      77.5487742,
      13.008017
     ],
     [
      77.5487458,
      13.0078314
     ],
     [
      77.5486772,
      13.0073828
     ],
     [
      77.5486356,
      13.007029
     ],
     [
      77.5486354,
      13.0066782
     ],
     [
      77.5486726,
      13.0061888
     ],
     [
      77.548786,
      13.0056562
     ],
     [
      77.5488855,
      13.0050354
     ],
     [
      77.549318,
      13.0025387
     ],
     [
      77.5494289,
      13.0017902
     ],
     [
      77.5496166,
      13.0005232
     ],
     [
      77.5499063,
      12.998868
     ],
     [
      77.5499885,
      12.9985131
     ],
     [
      77.5501042,
      12.9982713
     ],
     [
      77.550291,
      12.9980759
     ],
     [
      77.5504835,
      12.9979306
     ],
     [
      77.550724,
      12.9978291
     ],
     [
      77.5509707,
      12.9977641
     ],
     [
      77.551219,
      12.9977618
     ],
     [
      77.551525,
      12.9978128
     ],
     [
      77.5521786,
      12.9979765
     ],
     [
      77.5530735,
      12.9982149
     ],
     [
      77.5554252,
      12.9986586
     ],
     [
      77.5558951,
      12.9986475
     ],
     [
      77.5562821,
      12.9985959
     ],
     [
      77.5568746,
      12.9984697
     ],
     [
      77.5573949,
      12.9983631
     ],
     [
      77.5578664,
      12.9982312
     ],
     [
      77.5580134,
      12.9981787
     ],
     [
      77.5582913,
      12.9980827
     ],
     [
      77.5586179,
      12.9979829
     ],
     [
      77.5588265,
      12.9979053
     ],
     [
      77.5597716,
      12.9975536
     ],
     [
      77.5600538,
      12.9974486
     ],
     [
      77.5601011,
      12.997431
     ],
     [
      77.5603557,
      12.9973061
     ],
     [
      77.560491,
      12.9972417
     ],
     [
      77.5605338,
      12.9972213
     ],
     [
      77.5605839,
      12.9971974
     ],
     [
      77.5608255,
      12.9970825
     ],
     [
      77.5612529,
      12.9968791
     ],
     [
      77.5613793,
      12.9968257
     ],
     [
      77.5615079,
      12.9967713
     ],
     [
      77.5615853,
      12.9967427
     ],
     [
      77.5617957,
      12.9966846
     ],
     [
      77.561949,
      12.9966597
     ],
     [
      77.5622695,
      12.9966216
     ],
     [
      77.5632993,
      12.9964948
     ],
     [
      77.5639029,
      12.996372
     ],
     [
      77.5641984,
      12.9963069
     ],
     [
      77.5643161,
      12.9962847
     ],
     [
      77.5644341,
      12.9962655
     ],
     [
      77.5645564,
      12.9962489
     ],
     [
      77.5646787,
      12.9962355
     ],
     [
      77.5647401,
      12.9962295
     ],
     [
      77.5648039,
      12.996229
     ],
     [
      77.5648653,
      12.9962338
     ],
     [
      77.564924,
      12.9962436
     ],
     [
      77.5654983,
      12.9963501
     ],
     [
      77.5656097,
      12.9963696
     ],
     [
      77.565721,
      12.9963842
     ],
     [
      77.5658378,
      12.9963943
     ],
     [
      77.565958,
      12.9963972
     ],
     [
      77.5661165,
      12.9963717
     ],
     [
      77.5662729,
      12.9963312
     ],
     [
      77.5664602,
      12.9962488
     ],
     [
      77.5666128,
      12.9961518
     ],
     [
      77.5668326,
      12.9959165
     ],
     [
      77.5677037,
      12.9946858
     ],
     [
      77.5684697,
      12.9936033
     ],
     [
      77.569016,
      12.9927535
     ],
     [
      77.5695702,
      12.9919928
     ],
     [
      77.5698224,
      12.9916413
     ],
     [
      77.5706929,
      12.9904282
     ],
     [
      77.5710307,
      12.9899678
     ],
     [
      77.5713265,
      12.9895809
     ],
     [
      77.5715698,
      12.9892051
     ],
     [
      77.5717311,
      12.9888445
     ],
     [
      77.571799,
      12.9886144
     ],
     [
      77.5718612,
      12.988324
     ],
     [
      77.571893,
      12.9877738
     ],
     [
      77.571907,
      12.987532
     ],
     [
      77.5719286,
      12.9870435
     ],
     [
      77.5719804,
      12.985722
     ],
     [
      77.5719198,
      12.9835008
     ],
     [
      77.5718723,
      12.9817925
     ],
     [
      77.5718808,
      12.9814936
     ],
     [
      77.5719113,
      12.9804185
     ],
     [
      77.5719366,
      12.9803127
     ],
     [
      77.5719987,
      12.9801257
     ],
     [
      77.5720722,
      12.9800028
     ],
     [
      77.5722095,
      12.979757
     ],
     [
      77.5726049,
      12.9789913
     ],
     [
      77.5726933,
      12.9788053
     ],
     [
      77.5727682,
      12.9784921
     ],
     [
      77.5727665,
      12.9779567
     ],
     [
      77.5728693,
      12.9768266
     ],
     [
      77.5728675,
      12.9759557
     ],
     [
      77.5728362,
      12.9739887
     ],
     [
      77.572863,
      12.973619
     ],
     [
      77.572966,
      12.9733038
     ],
     [
      77.574565,
      12.9696892
     ],
     [
      77.5746584,
      12.9692943
     ],
     [
      77.5746522,
      12.9690112
     ],
     [
      77.5745467,
      12.9674726
     ],
     [
      77.5745314,
      12.9669249
     ],
     [
      77.5744965,
      12.9656803
     ],
     [
      77.5745637,
      12.965027
     ],
     [
      77.5746969,
      12.9645179
     ],
     [
      77.5748073,
      12.9641222
     ],
     [
      77.5748479,
      12.9638914
     ],
     [
      77.5748758,
      12.9636285
     ],
     [
      77.5748889,
      12.9633717
     ],
     [
      77.574848,
      12.9623062
     ],
     [
      77.5746404,
      12.960896
     ],
     [
      77.5744411,
      12.9596791
     ],
     [
      77.5741875,
      12.9589753
     ],
     [
      77.5740919,
      12.9586479
     ],
     [
      77.5736915,
      12.9575528
     ],
     [
      77.5736458,
      12.9574278
     ],
     [
      77.5735929,
      12.9572075
     ],
     [
      77.5735716,
      12.9569798
     ],
     [
      77.5735755,
      12.956753
     ],
     [
      77.5736269,
      12.9559424
     ],
     [
      77.5736533,
      12.9535219
     ],
     [
      77.5736525,
      12.9528067
     ],
     [
      77.5736516,
      12.9520728
     ],
     [
      77.5736697,
      12.9505263
     ],
     [
      77.573682,
      12.9494784
     ],
     [
      77.5737034,
      12.9493497
     ],
     [
      77.5737394,
      12.9491926
     ],
     [
      77.5738056,
      12.9490352
     ],
     [
      77.5739095,
      12.9488596
     ],
     [
      77.5739893,
      12.9487534
     ],
     [
      77.5741048,
      12.9486504
     ],
     [
      77.5742193,
      12.9485691
     ],
     [
      77.5743433,
      12.9485063
     ],
     [
      77.5745464,
      12.9484359
     ],
     [
      77.5748232,
      12.9483849
     ],
     [
      77.5751762,
      12.948341
     ],
     [
      77.5754527,
      12.9483139
     ],
     [
      77.5757248,
      12.9482868
     ],
     [
      77.5760156,
      12.9482635
     ],
     [
      77.5763642,
      12.9482449
     ],
     [
      77.5789727,
      12.9482654
     ],
     [
      77.5791613,
      12.948229
     ],
     [
      77.5793679,
      12.9481519
     ],
     [
      77.5795852,
      12.9480153
     ],
     [
      77.5797395,
      12.9478707
     ],
     [
      77.5798441,
      12.9477061
     ],
     [
      77.5799135,
      12.9475749
     ],
     [
      77.5799445,
      12.947461
     ],
     [
      77.5799729,
      12.9473129
     ],
     [
      77.5799811,
      12.9470624
     ],
     [
      77.5799954,
      12.9465339
     ],
     [
      77.5800029,
      12.9436046
     ],
     [
      77.5800146,
      12.9424055
     ],
     [
      77.5800124,
      12.9401622
     ],
     [
      77.5800249,
      12.9396162
     ],
     [
      77.5800349,
      12.9382617
     ],
     [
      77.5800519,
      12.9359693
     ],
     [
      77.5800679,
      12.9331216
     ],
     [
      77.5801145,
      12.9303034
     ],
     [
      77.580123,
      12.9295065
     ],
     [
      77.5801845,
      12.9271516
     ],
     [
      77.5801911,
      12.9263728
     ],
     [
      77.5802034,
      12.924913
     ],
     [
      77.5802113,
      12.9243613
     ],
     [
      77.5802245,
      12.9234454
     ],
     [
      77.5802388,
      12.9221295
     ],
     [
      77.5802479,
      12.9213321
     ],
     [
      77.5802534,
      12.9208536
     ],
     [
      77.580258,
      12.9203732
     ],
     [
      77.5802622,
      12.9199257
     ],
     [
      77.5802809,
      12.918443
     ],
     [
      77.5802768,
      12.9183085
     ],
     [
      77.5802655,
      12.9181716
     ],
     [
      77.5802471,
      12.9180814
     ],
     [
      77.5802211,
      12.9179771
     ],
     [
      77.5801789,
      12.9178535
     ],
     [
      77.580145,
      12.9177842
     ],
     [
      77.5800991,
      12.9177049
     ],
     [
      77.5800359,
      12.9176132
     ],
     [
      77.5799706,
      12.9175415
     ],
     [
      77.5798978,
      12.9174707
     ],
     [
      77.5798167,
      12.9174029
     ],
     [
      77.579714,
      12.9173397
     ],
     [
      77.579619,
      12.9172933
     ],
     [
      77.5795407,
      12.9172595
     ],
     [
      77.5794152,
      12.917224
     ],
     [
      77.5792865,
      12.9172025
     ],
     [
      77.5791361,
      12.9171844
     ],
     [
      77.5790067,
      12.9171768
     ],
     [
      77.5788562,
      12.917173
     ],
     [
      77.5786797,
      12.9171791
     ],
     [
      77.5785092,
      12.9172002
     ],
     [
      77.5783468,
      12.9172317
     ],
     [
      77.5781816,
      12.9172743
     ],
     [
      77.5780315,
      12.9173179
     ],
     [
      77.5778226,
      12.9174023
     ],
     [
      77.5776465,
      12.9174738
     ],
     [
      77.5774406,
      12.9175473
     ],
     [
      77.5772682,
      12.9175981
     ],
     [
      77.5770881,
      12.9176285
     ],
     [
      77.5768953,
      12.9176335
     ],
     [
      77.57545,
      12.9176614
     ],
     [
      77.5750984,
      12.917667
     ],
     [
      77.5749239,
      12.9176675
     ],
     [
      77.5747769,
      12.9176469
     ],
     [
      77.5746072,
      12.9176025
     ],
     [
      77.5744747,
      12.9175564
     ],
     [
      77.5742407,
      12.9174208
     ],
     [
      77.5740862,
      12.9172966
     ],
     [
      77.5739348,
      12.9171061
     ],
     [
      77.5738422,
      12.9169112
     ],
     [
      77.5737887,
      12.916734
     ],
     [
      77.5735786,
      12.9152242
     ],
     [
      77.5734907,
      12.9147163
     ],
     [
      77.573425,
      12.9143028
     ],
     [
      77.573355,
      12.9139574
     ],
     [
      77.5731529,
      12.913153
     ],
     [
      77.5730017,
      12.9126873
     ],
     [
      77.5729497,
      12.9124092
     ],
     [
      77.5728905,
      12.9120289
     ],
     [
      77.5728481,
      12.9116775
     ],
     [
      77.572843,
      12.9114356
     ],
     [
      77.572861,
      12.911005
     ],
     [
      77.572921,
      12.9089528
     ],
     [
      77.5729608,
      12.9084528
     ],
     [
      77.5730009,
      12.9081508
     ],
     [
      77.5731076,
      12.907476
     ],
     [
      77.5731942,
      12.9066391
     ],
     [
      77.5732567,
      12.9062153
     ],
     [
      77.5732777,
      12.9059583
     ],
     [
      77.5733039,
      12.9057687
     ],
     [
      77.573324,
      12.905547
     ],
     [
      77.5733281,
      12.9053065
     ],
     [
      77.5733013,
      12.9049074
     ],
     [
      77.5732431,
      12.9043354
     ],
     [
      77.5732129,
      12.9040672
     ],
     [
      77.5731913,
      12.9038476
     ],
     [
      77.5731964,
      12.9036239
     ],
     [
      77.5732242,
      12.9034761
     ],
     [
      77.5733968,
      12.9023713
     ],
     [
      77.5734285,
      12.9020662
     ],
     [
      77.5734206,
      12.901783
     ],
     [
      77.5733877,
      12.9015041
     ],
     [
      77.5733132,
      12.9011852
     ],
     [
      77.5730606,
      12.900289
     ],
     [
      77.5730001,
      12.9000953
     ],
     [
      77.5728764,
      12.8996998
     ],
     [
      77.5728266,
      12.8996243
     ],
     [
      77.5727109,
      12.8993729
     ],
     [
      77.5725098,
      12.8990196
     ],
     [
      77.5716123,
      12.8977831
     ],
     [
      77.5713357,
      12.8974456
     ],
     [
      77.5712031,
      12.8972838
     ],
     [
      77.5707838,
      12.8968182
     ],
     [
      77.5700982,
      12.8960662
     ],
     [
      77.5695014,
      12.8953963
     ],
     [
      77.5691826,
      12.8950328
     ],
     [
      77.5689049,
      12.8947313
     ],
     [
      77.568739,
      12.8945512
     ],
     [
      77.5684836,
      12.8942948
     ],
     [
      77.5681834,
      12.8939934
     ],
     [
      77.5674511,
      12.8932593
     ],
     [
      77.5666881,
      12.8925495
     ],
     [
      77.5661016,
      12.8920248
     ],
     [
      77.5655425,
      12.8915315
     ],
     [
      77.5644985,
      12.8906079
     ],
     [
      77.5644175,
      12.8905334
     ],
     [
      77.56399,
      12.8901336
     ],
     [
      77.5635756,
      12.8897696
     ],
     [
      77.563453,
      12.88968
     ],
     [
      77.5626569,
      12.8889872
     ],
     [
      77.5617694,
      12.8882147
     ],
     [
      77.5614885,
      12.8879918
     ],
     [
      77.5611925,
      12.8877897
     ],
     [
      77.5603788,
      12.88719
     ],
     [
      77.5599148,
      12.8869721
     ],
     [
      77.5592685,
      12.8867306
     ],
     [
      77.5590458,
      12.886653
     ],
     [
      77.5579607,
      12.8863237
     ],
     [
      77.5577176,
      12.8862546
     ],
     [
      77.5568522,
      12.8859513
     ],
     [
      77.55622,
      12.8857738
     ],
     [
      77.5559741,
      12.8857011
     ],
     [
      77.5549066,
      12.8853251
     ],
     [
      77.5540649,
      12.8850632
     ],
     [
      77.5528945,
      12.8847268
     ],
     [
      77.552751,
      12.8846862
     ],
     [
      77.5511008,
      12.8841925
     ],
     [
      77.5503421,
      12.8839638
     ],
     [
      77.5495864,
      12.8837618
     ],
     [
      77.5480706,
      12.8833904
     ],
     [
      77.5477258,
      12.8832908
     ],
     [
      77.5474312,
      12.8831497
     ],
     [
      77.5471932,
      12.8830179
     ],
     [
      77.5470635,
      12.8829135
     ],
     [
      77.5469621,
      12.8827822
     ],
     [
      77.5467672,
      12.8824172
     ],
     [
      77.546472,
      12.8817117
     ],
     [
      77.5455484,
      12.8794332
     ],
     [
      77.544745,
      12.8775389
     ],
     [
      77.5443724,
      12.8766467
     ],
     [
      77.5441355,
      12.8761796
     ],
     [
      77.5438829,
      12.8758573
     ],
     [
      77.5436239,
      12.8755869
     ],
     [
      77.5433762,
      12.8753726
     ],
     [
      77.5428899,
      12.87509
     ],
     [
      77.5423292,
      12.8748596
     ],
     [
      77.5412452,
      12.8743595
     ],
     [
      77.5409512,
      12.8741849
     ],
     [
      77.5406556,
      12.8739925
     ],
     [
      77.5403027,
      12.8737045
     ],
     [
      77.5400375,
      12.8734447
     ],
     [
      77.5397813,
      12.8731745
     ],
     [
      77.5388458,
      12.8720205
     ],
     [
      77.5383625,
      12.8714243
     ],
     [
      77.5378154,
      12.8707415
     ],
     [
      77.5366932,
      12.8693333
     ],
     [
      77.5365505,
      12.8691536
     ],
     [
      77.5349726,
      12.8670801
     ],
     [
      77.5342028,
      12.8660725
     ],
     [
      77.5329858,
      12.86452
     ],
     [
      77.5328249,
      12.8643442
     ],
     [
      77.5324592,
      12.8639986
     ],
     [
      77.5320502,
      12.8636562
     ],
     [
      77.5314042,
      12.8632224
     ],
     [
      77.530782,
      12.8628075
     ],
     [
      77.5304644,
      12.8625697
     ],
     [
      77.5302337,
      12.8622294
     ],
     [
      77.5299083,
      12.8616919
     ],
     [
      77.5297796,
      12.8614541
     ],
     [
      77.529439,
      12.8608811
     ],
     [
      77.5292783,
      12.8606096
     ],
     [
      77.5292129,
      12.8605063
     ],
     [
      77.5291687,
      12.8604364
     ],
     [
      77.5290782,
      12.8602847
     ],
     [
      77.5279612,
      12.8584399
     ],
     [
      77.5276455,
      12.8580226
     ]
    ]
   }
  },
  {
   "type": "Feature",
   "properties": {
    "colour": "#009933",
    "duration": "00:48",
    "from": "Peenya Industry",
    "interval": "5",
    "name": "Green Line (Peenya Industry -> Silk Institute)",
    "name:kn": "ಹಸಿರು ಪಥ (ಪೀಣ್ಯ ಕೈಗಾರಿಕ -> ರೇಷ್ಮೆ ಸಂಸ್ಥೆ)",
    "network": "Namma Metro",
    "network:wikidata": "Q279343",
    "opening_hours": "Mo-Sa 06:36-10:16,16:31-19:08",
    "operator": "BMRCL",
    "public_transport:version": "2",
    "ref": "Green",
    "route": "subway",
    "to": "Silk Institute",
    "type": "route",
    "wikidata": "Q17054000",
    "wikipedia": "en:Green Line (Namma Metro)",
    "@id": "relation/16176490"
   },
   "geometry": {
    "type": "LineString",
    "coordinates": [
     [
      77.5276932,
      12.8579955
     ],
     [
      77.527996,
      12.8584166
     ],
     [
      77.5291132,
      12.8602616
     ],
     [
      77.5292106,
      12.8604109
     ],
     [
      77.5293188,
      12.8605979
     ],
     [
      77.5294788,
      12.860867
     ],
     [
      77.5298172,
      12.861435
     ],
     [
      77.5299532,
      12.8616662
     ],
     [
      77.5302856,
      12.862197
     ],
     [
      77.5304964,
      12.8625424
     ],
     [
      77.530806,
      12.8627735
     ],
     [
      77.5314277,
      12.8631881
     ],
     [
      77.532077,
      12.8636242
     ],
     [
      77.5324861,
      12.8639691
     ],
     [
      77.5328619,
      12.8643238
     ],
     [
      77.5330171,
      12.8644921
     ],
     [
      77.5342366,
      12.866038
     ],
     [
      77.5350065,
      12.8670555
     ],
     [
      77.5365886,
      12.8691171
     ],
     [
      77.5367491,
      12.8693086
     ],
     [
      77.5378837,
      12.8707251
     ],
     [
      77.538419,
      12.8713916
     ],
     [
      77.539826,
      12.8731484
     ],
     [
      77.540106,
      12.8734354
     ],
     [
      77.5403602,
      12.8736735
     ],
     [
      77.5407012,
      12.8739539
     ],
     [
      77.541002,
      12.8741433
     ],
     [
      77.5412876,
      12.8743119
     ],
     [
      77.5423538,
      12.8747967
     ],
     [
      77.5429577,
      12.8750538
     ],
     [
      77.5433884,
      12.8753154
     ],
     [
      77.543658,
      12.8755361
     ],
     [
      77.5439311,
      12.8758213
     ],
     [
      77.5441844,
      12.8761403
     ],
     [
      77.5444246,
      12.8766284
     ],
     [
      77.5448072,
      12.8775221
     ],
     [
      77.5455999,
      12.8794146
     ],
     [
      77.5465144,
      12.8816785
     ],
     [
      77.5468242,
      12.8823955
     ],
     [
      77.5470185,
      12.8827483
     ],
     [
      77.5471404,
      12.8828975
     ],
     [
      77.5473191,
      12.8830216
     ],
     [
      77.5475216,
      12.8831324
     ],
     [
      77.5477886,
      12.8832503
     ],
     [
      77.548092,
      12.8833326
     ],
     [
      77.5495993,
      12.8837093
     ],
     [
      77.5503576,
      12.8839021
     ],
     [
      77.5511006,
      12.8841215
     ],
     [
      77.5527796,
      12.8846245
     ],
     [
      77.552925,
      12.8846652
     ],
     [
      77.5549214,
      12.8852865
     ],
     [
      77.5559889,
      12.8856367
     ],
     [
      77.5562482,
      12.8857094
     ],
     [
      77.5568757,
      12.8858898
     ],
     [
      77.5577428,
      12.8861991
     ],
     [
      77.5579868,
      12.8862606
     ],
     [
      77.5590708,
      12.8866017
     ],
     [
      77.5592789,
      12.8866668
     ],
     [
      77.5599738,
      12.8869171
     ],
     [
      77.5604136,
      12.8871348
     ],
     [
      77.5612116,
      12.8877215
     ],
     [
      77.561521,
      12.8879304
     ],
     [
      77.5618091,
      12.8881719
     ],
     [
      77.5627011,
      12.8889432
     ],
     [
      77.5634887,
      12.8896241
     ],
     [
      77.563618,
      12.8897372
     ],
     [
      77.5639984,
      12.8900878
     ],
     [
      77.5644343,
      12.8904835
     ],
     [
      77.5653166,
      12.8912755
     ],
     [
      77.5661453,
      12.8919891
     ],
     [
      77.566717,
      12.8925194
     ],
     [
      77.5674777,
      12.8932211
     ],
     [
      77.5682123,
      12.8939458
     ],
     [
      77.5687719,
      12.8945321
     ],
     [
      77.5692191,
      12.8949932
     ],
     [
      77.5695482,
      12.8953693
     ],
     [
      77.57014,
      12.8960361
     ],
     [
      77.5708245,
      12.8967948
     ],
     [
      77.5712553,
      12.8972517
     ],
     [
      77.5715503,
      12.8976341
     ],
     [
      77.5716465,
      12.8977588
     ],
     [
      77.5725456,
      12.8989976
     ],
     [
      77.5727487,
      12.8993544
     ],
     [
      77.5728639,
      12.8996046
     ],
     [
      77.5729151,
      12.8996823
     ],
     [
      77.5730137,
      12.9000062
     ],
     [
      77.5731012,
      12.9002775
     ],
     [
      77.5733542,
      12.9011752
     ],
     [
      77.5734294,
      12.9014972
     ],
     [
      77.5734628,
      12.9017801
     ],
     [
      77.5734785,
      12.9019195
     ],
     [
      77.5734708,
      12.9020677
     ],
     [
      77.5734387,
      12.9023765
     ],
     [
      77.5732659,
      12.9034829
     ],
     [
      77.5732386,
      12.9036281
     ],
     [
      77.5732336,
      12.9038461
     ],
     [
      77.5732549,
      12.904063
     ],
     [
      77.5732851,
      12.9043311
     ],
     [
      77.5733434,
      12.904904
     ],
     [
      77.5733704,
      12.9053055
     ],
     [
      77.5733662,
      12.9055492
     ],
     [
      77.5733459,
      12.9057733
     ],
     [
      77.5733197,
      12.9059627
     ],
     [
      77.5732987,
      12.9062199
     ],
     [
      77.5732362,
      12.9066441
     ],
     [
      77.5731495,
      12.9074812
     ],
     [
      77.5730428,
      12.9081566
     ],
     [
      77.5730029,
      12.908457
     ],
     [
      77.5729632,
      12.908955
     ],
     [
      77.5729032,
      12.9110064
     ],
     [
      77.5728853,
      12.911436
     ],
     [
      77.5728903,
      12.9116747
     ],
     [
      77.5729324,
      12.9120234
     ],
     [
      77.5729914,
      12.9124024
     ],
     [
      77.5730428,
      12.9126774
     ],
     [
      77.5731936,
      12.9131419
     ],
     [
      77.5733963,
      12.9139485
     ],
     [
      77.5734666,
      12.9142957
     ],
     [
      77.5735324,
      12.9147097
     ],
     [
      77.5736205,
      12.9152186
     ],
     [
      77.5738299,
      12.9167244
     ],
     [
      77.5738819,
      12.9168967
     ],
     [
      77.5739711,
      12.9170846
     ],
     [
      77.5741167,
      12.9172677
     ],
     [
      77.5742651,
      12.917387
     ],
     [
      77.5744928,
      12.9175189
     ],
     [
      77.5746198,
      12.9175631
     ],
     [
      77.5747854,
      12.9176065
     ],
     [
      77.5749269,
      12.9176263
     ],
     [
      77.575098,
      12.9176258
     ],
     [
      77.5754492,
      12.9176202
     ],
     [
      77.5768943,
      12.9175923
     ],
     [
      77.5770839,
      12.9175874
     ],
     [
      77.5772584,
      12.9175579
     ],
     [
      77.5774272,
      12.9175082
     ],
     [
      77.5776311,
      12.9174354
     ],
     [
      77.5778064,
      12.9173643
     ],
     [
      77.5780173,
      12.917279
     ],
     [
      77.5781702,
      12.9172346
     ],
     [
      77.5783373,
      12.9171915
     ],
     [
      77.578504,
      12.9171592
     ],
     [
      77.5786886,
      12.9171503
     ],
     [
      77.5788522,
      12.917148
     ],
     [
      77.5790061,
      12.9171494
     ],
     [
      77.5791414,
      12.9171582
     ],
     [
      77.5792943,
      12.9171737
     ],
     [
      77.5794194,
      12.9171955
     ],
     [
      77.5795342,
      12.9172296
     ],
     [
      77.579653,
      12.917275
     ],
     [
      77.579732,
      12.9173135
     ],
     [
      77.579833,
      12.917381
     ],
     [
      77.5799101,
      12.9174423
     ],
     [
      77.5799862,
      12.9175159
     ],
     [
      77.5800528,
      12.9175914
     ],
     [
      77.580118,
      12.9176861
     ],
     [
      77.5801678,
      12.917764
     ],
     [
      77.5802171,
      12.9178572
     ],
     [
      77.5802551,
      12.9179686
     ],
     [
      77.5802809,
      12.9180802
     ],
     [
      77.5803018,
      12.9181857
     ],
     [
      77.5803118,
      12.9182905
     ],
     [
      77.5803148,
      12.9184579
     ],
     [
      77.5802989,
      12.9199257
     ],
     [
      77.5802981,
      12.9200726
     ],
     [
      77.5802938,
      12.9208529
     ],
     [
      77.5802892,
      12.9213328
     ],
     [
      77.5802816,
      12.922131
     ],
     [
      77.580266,
      12.9234476
     ],
     [
      77.5802584,
      12.9240241
     ],
     [
      77.5802467,
      12.9249156
     ],
     [
      77.580234,
      12.9263713
     ],
     [
      77.580222,
      12.9271453
     ],
     [
      77.5801653,
      12.9295069
     ],
     [
      77.5801568,
      12.9303039
     ],
     [
      77.5801102,
      12.933122
     ],
     [
      77.5800942,
      12.9359696
     ],
     [
      77.5800772,
      12.938262
     ],
     [
      77.5800672,
      12.9396168
     ],
     [
      77.5800547,
      12.9401626
     ],
     [
      77.5800569,
      12.9424057
     ],
     [
      77.5800452,
      12.9436048
     ],
     [
      77.5800377,
      12.9465345
     ],
     [
      77.5800233,
      12.9470636
     ],
     [
      77.580015,
      12.9473174
     ],
     [
      77.5799858,
      12.9474701
     ],
     [
      77.5799532,
      12.9475898
     ],
     [
      77.5798809,
      12.9477264
     ],
     [
      77.5797726,
      12.9478968
     ],
     [
      77.5796115,
      12.9480478
     ],
     [
      77.5793871,
      12.9481888
     ],
     [
      77.579173,
      12.9482687
     ],
     [
      77.5789767,
      12.9483066
     ],
     [
      77.5763652,
      12.9482861
     ],
     [
      77.5760185,
      12.9483046
     ],
     [
      77.5757287,
      12.9483278
     ],
     [
      77.575457,
      12.9483549
     ],
     [
      77.575181,
      12.9483819
     ],
     [
      77.5748298,
      12.9484256
     ],
     [
      77.5745575,
      12.9484758
     ],
     [
      77.5743602,
      12.9485442
     ],
     [
      77.5742416,
      12.9486042
     ],
     [
      77.5741316,
      12.9486823
     ],
     [
      77.5740209,
      12.948781
     ],
     [
      77.573945,
      12.9488821
     ],
     [
      77.5738436,
      12.9490534
     ],
     [
      77.5737799,
      12.949205
     ],
     [
      77.5737449,
      12.9493575
     ],
     [
      77.5737242,
      12.9494821
     ],
     [
      77.573712,
      12.9505258
     ],
     [
      77.5736939,
      12.9520729
     ],
     [
      77.5736944,
      12.9525179
     ],
     [
      77.5736956,
      12.9535221
     ],
     [
      77.5736692,
      12.9559439
     ],
     [
      77.5736287,
      12.9567015
     ],
     [
      77.5736139,
      12.9569783
     ],
     [
      77.5736347,
      12.9572009
     ],
     [
      77.5736864,
      12.9574162
     ],
     [
      77.5741322,
      12.9586353
     ],
     [
      77.5742278,
      12.9589628
     ],
     [
      77.5744822,
      12.9596689
     ],
     [
      77.5744982,
      12.9597541
     ],
     [
      77.5745083,
      12.9598165
     ],
     [
      77.5746822,
      12.9608898
     ],
     [
      77.5748902,
      12.9623025
     ],
     [
      77.5749312,
      12.963372
     ],
     [
      77.574918,
      12.9636316
     ],
     [
      77.5748898,
      12.963897
     ],
     [
      77.5748486,
      12.9641311
     ],
     [
      77.5747378,
      12.9645284
     ],
     [
      77.5746054,
      12.9650342
     ],
     [
      77.5745388,
      12.9656816
     ],
     [
      77.5745737,
      12.966924
     ],
     [
      77.574589,
      12.967471
     ],
     [
      77.5746944,
      12.9690094
     ],
     [
      77.5747008,
      12.9692985
     ],
     [
      77.5746053,
      12.9697021
     ],
     [
      77.5730056,
      12.9733182
     ],
     [
      77.5730094,
      12.973602
     ],
     [
      77.5730207,
      12.9739729
     ],
     [
      77.5730388,
      12.9750646
     ],
     [
      77.5730713,
      12.9768229
     ],
     [
      77.5729514,
      12.9774512
     ],
     [
      77.5728505,
      12.9779602
     ],
     [
      77.5728522,
      12.9785014
     ],
     [
      77.5727731,
      12.9788321
     ],
     [
      77.5726805,
      12.9790269
     ],
     [
      77.5722839,
      12.979795
     ],
     [
      77.5721454,
      12.980043
     ],
     [
      77.5720758,
      12.9801593
     ],
     [
      77.5720176,
      12.9803346
     ],
     [
      77.571995,
      12.980429
     ],
     [
      77.5719563,
      12.9817925
     ],
     [
      77.5720037,
      12.9834986
     ],
     [
      77.5720644,
      12.9857225
     ],
     [
      77.5720446,
      12.9862279
     ],
     [
      77.5720125,
      12.9870468
     ],
     [
      77.5720024,
      12.9872763
     ],
     [
      77.5719909,
      12.9875361
     ],
     [
      77.5719447,
      12.9883347
     ],
     [
      77.5718806,
      12.9886341
     ],
     [
      77.5718103,
      12.9888723
     ],
     [
      77.5716442,
      12.9892435
     ],
     [
      77.5713958,
      12.9896272
     ],
     [
      77.5710985,
      12.990016
     ],
     [
      77.5707615,
      12.9904754
     ],
     [
      77.5701279,
      12.9913584
     ],
     [
      77.5696388,
      12.9920399
     ],
     [
      77.5690859,
      12.9927989
     ],
     [
      77.5685399,
      12.9936483
     ],
     [
      77.5677728,
      12.9947322
     ],
     [
      77.5668985,
      12.9959675
     ],
     [
      77.5666677,
      12.9962146
     ],
     [
      77.5665007,
      12.9963208
     ],
     [
      77.5662974,
      12.9964102
     ],
     [
      77.5661185,
      12.9964387
     ],
     [
      77.5659537,
      12.9964533
     ],
     [
      77.5658341,
      12.9964481
     ],
     [
      77.5657149,
      12.9964377
     ],
     [
      77.5656012,
      12.9964228
     ],
     [
      77.5654882,
      12.9964031
     ],
     [
      77.5649142,
      12.9962966
     ],
     [
      77.5648584,
      12.9962873
     ],
     [
      77.5648019,
      12.9962829
     ],
     [
      77.5647431,
      12.9962834
     ],
     [
      77.5646846,
      12.9962891
     ],
     [
      77.5645633,
      12.9963024
     ],
     [
      77.5644425,
      12.9963188
     ],
     [
      77.5643259,
      12.9963378
     ],
     [
      77.5642098,
      12.9963597
     ],
     [
      77.5639131,
      12.9964251
     ],
     [
      77.5633115,
      12.9965408
     ],
     [
      77.5622743,
      12.9966663
     ],
     [
      77.5619555,
      12.9967041
     ],
     [
      77.5618058,
      12.9967285
     ],
     [
      77.5615998,
      12.9967854
     ],
     [
      77.5615253,
      12.9968129
     ],
     [
      77.5613977,
      12.9968669
     ],
     [
      77.5612722,
      12.9969199
     ],
     [
      77.5608458,
      12.9971229
     ],
     [
      77.5606042,
      12.9972378
     ],
     [
      77.5605541,
      12.9972617
     ],
     [
      77.5605112,
      12.9972821
     ],
     [
      77.5603762,
      12.9973464
     ],
     [
      77.5601197,
      12.9974721
     ],
     [
      77.5600702,
      12.9974905
     ],
     [
      77.559788,
      12.9975955
     ],
     [
      77.5588429,
      12.9979472
     ],
     [
      77.558633,
      12.9980253
     ],
     [
      77.5583059,
      12.9981253
     ],
     [
      77.558029,
      12.9982209
     ],
     [
      77.5578831,
      12.9982731
     ],
     [
      77.5573961,
      12.998412
     ],
     [
      77.5568794,
      12.9985238
     ],
     [
      77.5562874,
      12.9986349
     ],
     [
      77.5558972,
      12.9986834
     ],
     [
      77.5554221,
      12.9986946
     ],
     [
      77.5530665,
      12.9982502
     ],
     [
      77.5521594,
      12.9980562
     ],
     [
      77.5515074,
      12.9978929
     ],
     [
      77.5512123,
      12.9978437
     ],
     [
      77.5509822,
      12.9978458
     ],
     [
      77.5507518,
      12.9979065
     ],
     [
      77.5505266,
      12.9980016
     ],
     [
      77.5503478,
      12.9981365
     ],
     [
      77.5501747,
      12.9983176
     ],
     [
      77.5500684,
      12.9985397
     ],
     [
      77.5499887,
      12.9988839
     ],
     [
      77.5496996,
      13.0005359
     ],
     [
      77.5494525,
      13.0022038
     ],
     [
      77.549401,
      13.0025514
     ],
     [
      77.5489684,
      13.0050485
     ],
     [
      77.5488686,
      13.0056708
     ],
     [
      77.5487552,
      13.0062036
     ],
     [
      77.5486769,
      13.0066782
     ],
     [
      77.5486771,
      13.0070267
     ],
     [
      77.5487184,
      13.0073775
     ],
     [
      77.5487659,
      13.0076885
     ],
     [
      77.5487869,
      13.0078254
     ],
     [
      77.5488152,
      13.008011
     ],
     [
      77.5488245,
      13.0080714
     ],
     [
      77.5489458,
      13.0088654
     ],
     [
      77.5490168,
      13.0092702
     ],
     [
      77.5490565,
      13.0094195
     ],
     [
      77.5491209,
      13.0096041
     ],
     [
      77.5491914,
      13.0097639
     ],
     [
      77.549262,
      13.0099113
     ],
     [
      77.5493456,
      13.0100554
     ],
     [
      77.5494275,
      13.0101843
     ],
     [
      77.5495183,
      13.0103123
     ],
     [
      77.5496103,
      13.0104271
     ],
     [
      77.5497093,
      13.0105427
     ],
     [
      77.5498074,
      13.0106436
     ],
     [
      77.5499186,
      13.0107414
     ],
     [
      77.5500259,
      13.010833
     ],
     [
      77.5501412,
      13.0109189
     ],
     [
      77.5503277,
      13.011041
     ],
     [
      77.5506818,
      13.0112354
     ],
     [
      77.5524062,
      13.0121947
     ],
     [
      77.5531494,
      13.0125468
     ],
     [
      77.5534474,
      13.0127068
     ],
     [
      77.5536298,
      13.0128392
     ],
     [
      77.5538004,
      13.013025
     ],
     [
      77.5539291,
      13.0132221
     ],
     [
      77.5540112,
      13.0133768
     ],
     [
      77.5540426,
      13.0134725
     ],
     [
      77.5540613,
      13.0135687
     ],
     [
      77.5540746,
      13.0136669
     ],
     [
      77.5540821,
      13.0137634
     ],
     [
      77.5540842,
      13.0138608
     ],
     [
      77.5540284,
      13.0147177
     ],
     [
      77.5539727,
      13.015574
     ],
     [
      77.5539484,
      13.0160068
     ],
     [
      77.5539047,
      13.0164311
     ],
     [
      77.5538776,
      13.0166476
     ],
     [
      77.5538413,
      13.016834
     ],
     [
      77.5537327,
      13.0172485
     ],
     [
      77.5534416,
      13.0183085
     ],
     [
      77.5532396,
      13.0191277
     ],
     [
      77.553174,
      13.0193519
     ],
     [
      77.5531094,
      13.0194979
     ],
     [
      77.5527583,
      13.0201721
     ],
     [
      77.5523138,
      13.0210226
     ],
     [
      77.5520368,
      13.0215269
     ],
     [
      77.5518141,
      13.0218852
     ],
     [
      77.5517185,
      13.0220339
     ],
     [
      77.5516058,
      13.0221605
     ],
     [
      77.551493,
      13.0222786
     ],
     [
      77.5513089,
      13.0224326
     ],
     [
      77.5511779,
      13.0225296
     ],
     [
      77.5510136,
      13.0226339
     ],
     [
      77.549748,
      13.0233685
     ],
     [
      77.5488411,
      13.0238884
     ],
     [
      77.5480872,
      13.0243206
     ],
     [
      77.5473394,
      13.0247552
     ],
     [
      77.5464956,
      13.0252184
     ],
     [
      77.5438604,
      13.0267417
     ],
     [
      77.5436807,
      13.0268388
     ],
     [
      77.5435747,
      13.026902
     ],
     [
      77.5433942,
      13.0270264
     ],
     [
      77.5432206,
      13.0271353
     ],
     [
      77.5424909,
      13.0275489
     ],
     [
      77.5416444,
      13.0279867
     ],
     [
      77.5411923,
      13.0282471
     ],
     [
      77.5402105,
      13.0287877
     ],
     [
      77.5387549,
      13.0296353
     ],
     [
      77.5378618,
      13.0301534
     ],
     [
      77.537655,
      13.0302857
     ],
     [
      77.5366227,
      13.0309461
     ],
     [
      77.5354489,
      13.0317443
     ],
     [
      77.5332233,
      13.0330515
     ],
     [
      77.5310025,
      13.034347
     ],
     [
      77.5306268,
      13.0345266
     ],
     [
      77.5300958,
      13.0347621
     ],
     [
      77.5298137,
      13.0348609
     ],
     [
      77.5283755,
      13.0352445
     ],
     [
      77.5283044,
      13.0352629
     ],
     [
      77.5272521,
      13.0355359
     ],
     [
      77.5269858,
      13.03562
     ],
     [
      77.5266159,
      13.0357645
     ],
     [
      77.5262662,
      13.0359417
     ],
     [
      77.525528,
      13.0363428
     ],
     [
      77.5249884,
      13.0366351
     ],
     [
      77.5241459,
      13.0370904
     ],
     [
      77.5239477,
      13.0371976
     ]
    ]
   }
  },
  {
   "type": "Feature",
   "properties": {
    "colour": "#e542de",
    "duration": "00:57",
    "from": "Mysuru Road",
    "interval": "10",
    "interval:conditional": "20 @ (Mo-Sa 05:00-05:20); 15 @ (Mo-Sa 05:20-06:17,23:22-24:00); 5 @ (Mo-Sa 07:22-11:34,17:27-21:27); 8 @ (Mo-Sa 12:37-17:22)",
    "name": "Purple Line (Mysuru Road → Pattandur Agrahara)",
    "name:kn": "ನೇರಳೆ ಪಥ (ಮೈಸೂರು ರಸ್ತೆ -> ಪಟ್ಟಂದೂರು ಅಗ್ರಹಾರ)",
    "network": "Namma Metro",
    "network:wikidata": "Q279343",
    "opening_hours": "Mo-Sa 05:00-24:00",
    "operator": "BMRCL",
    "public_transport:version": "2",
    "ref": "Purple",
    "route": "subway",
    "to": "Pattandur Agrahara",
    "type": "route",
    "wikidata": "Q7261433",
    "wikipedia": "en:Purple Line (Namma Metro)",
    "@id": "relation/17038841"
   },
   "geometry": {
    "type": "LineString",
    "coordinates": [
     [
      77.7399572,
      12.987627
     ],
     [
      77.7392017,
      12.9876362
     ],
     [
      77.7383542,
      12.987637
     ],
     [
      77.7380841,
      12.987637
     ],
     [
      77.7372334,
      12.9876376
     ],
     [
      77.7366517,
      12.9876339
     ],
     [
      77.7358537,
      12.9876355
     ],
     [
      77.7355565,
      12.9876569
     ],
     [
      77.7352949,
      12.9876843
     ],
     [
      77.7350801,
      12.9877178
     ],
     [
      77.7339588,
      12.9878873
     ],
     [
      77.7336375,
      12.9879267
     ],
     [
      77.7334589,
      12.9879363
     ],
     [
      77.7333737,
      12.9879307
     ],
     [
      77.7332213,
      12.987909
     ],
     [
      77.7330671,
      12.9878575
     ],
     [
      77.7329621,
      12.9878162
     ],
     [
      77.7328527,
      12.9877562
     ],
     [
      77.7327684,
      12.9876992
     ],
     [
      77.7326804,
      12.9876344
     ],
     [
      77.7325532,
      12.9875213
     ],
     [
      77.7324732,
      12.9874361
     ],
     [
      77.7323527,
      12.9872631
     ],
     [
      77.7322034,
      12.9870507
     ],
     [
      77.7320424,
      12.9868378
     ],
     [
      77.7319289,
      12.9867218
     ],
     [
      77.7318453,
      12.9866437
     ],
     [
      77.7317619,
      12.98657
     ],
     [
      77.7316855,
      12.9865155
     ],
     [
      77.7314705,
      12.9863852
     ],
     [
      77.7305934,
      12.9858759
     ],
     [
      77.7304072,
      12.9857583
     ],
     [
      77.7302058,
      12.9856112
     ],
     [
      77.7299584,
      12.9853916
     ],
     [
      77.7297026,
      12.9851173
     ],
     [
      77.7294868,
      12.9848739
     ],
     [
      77.729011,
      12.9843087
     ],
     [
      77.7286687,
      12.9838892
     ],
     [
      77.7284459,
      12.9835931
     ],
     [
      77.7282693,
      12.9833414
     ],
     [
      77.7280578,
      12.9829475
     ],
     [
      77.7278496,
      12.9824537
     ],
     [
      77.7277803,
      12.9822129
     ],
     [
      77.7277262,
      12.9820198
     ],
     [
      77.7276627,
      12.9817149
     ],
     [
      77.7276214,
      12.9815427
     ],
     [
      77.7274981,
      12.9810226
     ],
     [
      77.7274254,
      12.9806324
     ],
     [
      77.7273765,
      12.9803557
     ],
     [
      77.7273392,
      12.9801649
     ],
     [
      77.7273158,
      12.9800306
     ],
     [
      77.7272905,
      12.9796921
     ],
     [
      77.7272849,
      12.9795613
     ],
     [
      77.7272861,
      12.9793425
     ],
     [
      77.7273128,
      12.9788052
     ],
     [
      77.7273221,
      12.9785878
     ],
     [
      77.7273175,
      12.9783598
     ],
     [
      77.7273114,
      12.9780455
     ],
     [
      77.7272962,
      12.9774861
     ],
     [
      77.7272747,
      12.9773535
     ],
     [
      77.7272434,
      12.9772332
     ],
     [
      77.7272024,
      12.9771382
     ],
     [
      77.7271494,
      12.9770428
     ],
     [
      77.7270924,
      12.9769531
     ],
     [
      77.7270187,
      12.9768696
     ],
     [
      77.7269501,
      12.9768024
     ],
     [
      77.726878,
      12.97674
     ],
     [
      77.7268277,
      12.9766985
     ],
     [
      77.7267716,
      12.976659
     ],
     [
      77.7266957,
      12.9766198
     ],
     [
      77.7265518,
      12.976567
     ],
     [
      77.7264656,
      12.9765378
     ],
     [
      77.7263478,
      12.9765153
     ],
     [
      77.7262489,
      12.9765073
     ],
     [
      77.7261095,
      12.9765045
     ],
     [
      77.7256115,
      12.9765504
     ],
     [
      77.7253457,
      12.9765754
     ],
     [
      77.7243773,
      12.9766628
     ],
     [
      77.7235936,
      12.9767378
     ],
     [
      77.7232719,
      12.9767826
     ],
     [
      77.7231766,
      12.9767984
     ],
     [
      77.7230849,
      12.9768165
     ],
     [
      77.722946,
      12.9768427
     ],
     [
      77.7228125,
      12.9768671
     ],
     [
      77.7226763,
      12.9768883
     ],
     [
      77.7216556,
      12.9769944
     ],
     [
      77.719845,
      12.9771914
     ],
     [
      77.7185947,
      12.9772907
     ],
     [
      77.7182437,
      12.9773121
     ],
     [
      77.7175204,
      12.9773696
     ],
     [
      77.7166716,
      12.9774493
     ],
     [
      77.7163459,
      12.9774826
     ],
     [
      77.7160828,
      12.9775256
     ],
     [
      77.7158088,
      12.9775704
     ],
     [
      77.714913,
      12.9777052
     ],
     [
      77.7145191,
      12.9777645
     ],
     [
      77.7131762,
      12.9779198
     ],
     [
      77.7123292,
      12.9780258
     ],
     [
      77.7120394,
      12.9780578
     ],
     [
      77.7111988,
      12.9781701
     ],
     [
      77.7107452,
      12.9782488
     ],
     [
      77.7104506,
      12.9782521
     ],
     [
      77.710296,
      12.978272
     ],
     [
      77.7102151,
      12.9782931
     ],
     [
      77.7100535,
      12.9783489
     ],
     [
      77.7099342,
      12.9783927
     ],
     [
      77.7097876,
      12.9784715
     ],
     [
      77.7096441,
      12.9785626
     ],
     [
      77.7095179,
      12.9787109
     ],
     [
      77.7094808,
      12.9787599
     ],
     [
      77.7093831,
      12.97894
     ],
     [
      77.709277,
      12.9792081
     ],
     [
      77.7090362,
      12.9800319
     ],
     [
      77.7088952,
      12.980531
     ],
     [
      77.7088592,
      12.9806564
     ],
     [
      77.7086554,
      12.981378
     ],
     [
      77.7084681,
      12.982074
     ],
     [
      77.7083478,
      12.9826395
     ],
     [
      77.7083319,
      12.982802
     ],
     [
      77.7083185,
      12.9829299
     ],
     [
      77.708308,
      12.9830486
     ],
     [
      77.7082815,
      12.9836336
     ],
     [
      77.7082655,
      12.9841245
     ],
     [
      77.708261,
      12.9843051
     ],
     [
      77.7082878,
      12.9846952
     ],
     [
      77.7082929,
      12.9849377
     ],
     [
      77.7083086,
      12.9852203
     ],
     [
      77.7083745,
      12.985536
     ],
     [
      77.7084391,
      12.9858086
     ],
     [
      77.7085753,
      12.98617
     ],
     [
      77.7087066,
      12.9865123
     ],
     [
      77.7090254,
      12.9870963
     ],
     [
      77.7090889,
      12.9871941
     ],
     [
      77.7091943,
      12.9873391
     ],
     [
      77.7092982,
      12.9874783
     ],
     [
      77.709569,
      12.9877467
     ],
     [
      77.7097276,
      12.9878705
     ],
     [
      77.7098911,
      12.9879673
     ],
     [
      77.7100897,
      12.988072
     ],
     [
      77.7104446,
      12.9882592
     ],
     [
      77.7108162,
      12.9884809
     ],
     [
      77.7109265,
      12.9885448
     ],
     [
      77.7113424,
      12.988786
     ],
     [
      77.7117506,
      12.9890219
     ],
     [
      77.7119645,
      12.9891538
     ],
     [
      77.7121665,
      12.9892801
     ],
     [
      77.7124184,
      12.9894302
     ],
     [
      77.7126773,
      12.9895784
     ],
     [
      77.7130648,
      12.9898069
     ],
     [
      77.7133807,
      12.9900017
     ],
     [
      77.7136405,
      12.9901754
     ],
     [
      77.7137685,
      12.9902858
     ],
     [
      77.713885,
      12.9904475
     ],
     [
      77.7139522,
      12.9905843
     ],
     [
      77.7139679,
      12.9907085
     ],
     [
      77.7139717,
      12.9908394
     ],
     [
      77.7139658,
      12.9910695
     ],
     [
      77.7139348,
      12.9913849
     ],
     [
      77.7138691,
      12.9915007
     ],
     [
      77.7137121,
      12.9917753
     ],
     [
      77.7135924,
      12.9918905
     ],
     [
      77.7134058,
      12.9920085
     ],
     [
      77.7128063,
      12.9922766
     ],
     [
      77.7121164,
      12.9924927
     ],
     [
      77.7116033,
      12.9926502
     ],
     [
      77.7112489,
      12.9927265
     ],
     [
      77.7108057,
      12.9928342
     ],
     [
      77.710582,
      12.9928539
     ],
     [
      77.7103674,
      12.9928566
     ],
     [
      77.7100353,
      12.9928592
     ],
     [
      77.7094219,
      12.9928669
     ],
     [
      77.7085908,
      12.9929053
     ],
     [
      77.7075256,
      12.9929442
     ],
     [
      77.7068933,
      12.9929702
     ],
     [
      77.7060577,
      12.9930151
     ],
     [
      77.705611,
      12.9930263
     ],
     [
      77.7052259,
      12.9930622
     ],
     [
      77.7047997,
      12.9931466
     ],
     [
      77.7044853,
      12.9932352
     ],
     [
      77.7042506,
      12.9932989
     ],
     [
      77.7041125,
      12.9933397
     ],
     [
      77.7037284,
      12.9934533
     ],
     [
      77.7036431,
      12.9934751
     ],
     [
      77.7030106,
      12.9936302
     ],
     [
      77.7026724,
      12.9937193
     ],
     [
      77.7021195,
      12.9938688
     ],
     [
      77.7016046,
      12.9940319
     ],
     [
      77.7013579,
      12.9940937
     ],
     [
      77.7010022,
      12.9941751
     ],
     [
      77.7006702,
      12.9942511
     ],
     [
      77.7000233,
      12.9944014
     ],
     [
      77.6991853,
      12.9946689
     ],
     [
      77.6988657,
      12.9947903
     ],
     [
      77.6982178,
      12.9950285
     ],
     [
      77.6980934,
      12.9950801
     ],
     [
      77.6979295,
      12.9951252
     ],
     [
      77.696998,
      12.9952721
     ],
     [
      77.6958819,
      12.9954081
     ],
     [
      77.6955629,
      12.9954552
     ],
     [
      77.695248,
      12.9955417
     ],
     [
      77.6947518,
      12.995761
     ],
     [
      77.6947259,
      12.9957753
     ],
     [
      77.6945378,
      12.9958643
     ],
     [
      77.693731,
      12.9962102
     ],
     [
      77.6930464,
      12.9964536
     ],
     [
      77.6914996,
      12.9969943
     ],
     [
      77.6907628,
      12.997322
     ],
     [
      77.6904002,
      12.9974968
     ],
     [
      77.6895132,
      12.9979385
     ],
     [
      77.6888968,
      12.9982544
     ],
     [
      77.6886581,
      12.9984762
     ],
     [
      77.6881958,
      12.9989638
     ],
     [
      77.687919,
      12.9992691
     ],
     [
      77.6876871,
      12.9994802
     ],
     [
      77.6872711,
      12.9997908
     ],
     [
      77.6870249,
      12.9999511
     ],
     [
      77.6868443,
      13.0000613
     ],
     [
      77.686777,
      13.0000985
     ],
     [
      77.6867417,
      13.000118
     ],
     [
      77.6865713,
      13.0001788
     ],
     [
      77.6863701,
      13.000229
     ],
     [
      77.6862099,
      13.0002588
     ],
     [
      77.685483,
      13.0003165
     ],
     [
      77.6845537,
      13.0003793
     ],
     [
      77.6838221,
      13.0004029
     ],
     [
      77.6829504,
      13.0003991
     ],
     [
      77.6826001,
      13.0004037
     ],
     [
      77.682422,
      13.0004094
     ],
     [
      77.6819659,
      13.0004307
     ],
     [
      77.6818724,
      13.0004313
     ],
     [
      77.6817753,
      13.0004253
     ],
     [
      77.6816012,
      13.0003899
     ],
     [
      77.6813639,
      13.0002987
     ],
     [
      77.6811549,
      13.0002346
     ],
     [
      77.6808512,
      13.0001568
     ],
     [
      77.6806405,
      13.0001126
     ],
     [
      77.6803153,
      13.0000667
     ],
     [
      77.6798924,
      13.0000192
     ],
     [
      77.6793546,
      12.9999891
     ],
     [
      77.6784549,
      12.9999486
     ],
     [
      77.6780719,
      12.9999455
     ],
     [
      77.6779104,
      12.9999402
     ],
     [
      77.6773791,
      12.9999223
     ],
     [
      77.6768274,
      12.9999015
     ],
     [
      77.6766441,
      12.9998841
     ],
     [
      77.6765138,
      12.9998665
     ],
     [
      77.6763453,
      12.9998382
     ],
     [
      77.6762005,
      12.9998001
     ],
     [
      77.6759989,
      12.999718
     ],
     [
      77.6754455,
      12.9994701
     ],
     [
      77.6752298,
      12.9993622
     ],
     [
      77.6749326,
      12.9992261
     ],
     [
      77.6745284,
      12.9990216
     ],
     [
      77.6742881,
      12.9989148
     ],
     [
      77.6739174,
      12.9987339
     ],
     [
      77.6736042,
      12.9985813
     ],
     [
      77.6732204,
      12.9983899
     ],
     [
      77.6727138,
      12.9981415
     ],
     [
      77.6725314,
      12.9980604
     ],
     [
      77.6722096,
      12.9978973
     ],
     [
      77.6720455,
      12.9978145
     ],
     [
      77.6717867,
      12.9976927
     ],
     [
      77.6713188,
      12.9974631
     ],
     [
      77.6708689,
      12.997245
     ],
     [
      77.670393,
      12.9970237
     ],
     [
      77.6702593,
      12.9969832
     ],
     [
      77.6701596,
      12.9969714
     ],
     [
      77.6700645,
      12.9969709
     ],
     [
      77.6699702,
      12.9969676
     ],
     [
      77.6698793,
      12.9969722
     ],
     [
      77.6697321,
      12.996966
     ],
     [
      77.6696071,
      12.9969416
     ],
     [
      77.6694817,
      12.9969163
     ],
     [
      77.6693102,
      12.9968671
     ],
     [
      77.6690841,
      12.9967991
     ],
     [
      77.668926,
      12.9967511
     ],
     [
      77.6687979,
      12.9966898
     ],
     [
      77.6686266,
      12.9966141
     ],
     [
      77.6684581,
      12.9965359
     ],
     [
      77.6681713,
      12.9963969
     ],
     [
      77.6679149,
      12.9962824
     ],
     [
      77.6674105,
      12.9960687
     ],
     [
      77.6666214,
      12.9957688
     ],
     [
      77.6663443,
      12.9956718
     ],
     [
      77.6660401,
      12.9955805
     ],
     [
      77.6658784,
      12.9955318
     ],
     [
      77.665474,
      12.9954189
     ],
     [
      77.6653465,
      12.9953921
     ],
     [
      77.6651806,
      12.9953631
     ],
     [
      77.6650184,
      12.9953362
     ],
     [
      77.6648523,
      12.9953216
     ],
     [
      77.6646347,
      12.9953103
     ],
     [
      77.6644399,
      12.9953064
     ],
     [
      77.6642375,
      12.99531
     ],
     [
      77.6640495,
      12.9953241
     ],
     [
      77.663964,
      12.9953364
     ],
     [
      77.6634411,
      12.9954291
     ],
     [
      77.663385,
      12.9954405
     ],
     [
      77.6633673,
      12.9954441
     ],
     [
      77.6629058,
      12.9955583
     ],
     [
      77.6627417,
      12.9955914
     ],
     [
      77.6626172,
      12.9956084
     ],
     [
      77.6625102,
      12.9956184
     ],
     [
      77.6623762,
      12.9956227
     ],
     [
      77.6622463,
      12.9956211
     ],
     [
      77.6620545,
      12.9956106
     ],
     [
      77.6618958,
      12.9955949
     ],
     [
      77.6617803,
      12.9955771
     ],
     [
      77.6616447,
      12.9955508
     ],
     [
      77.6614091,
      12.9954875
     ],
     [
      77.6613161,
      12.9954598
     ],
     [
      77.6611274,
      12.9953827
     ],
     [
      77.6609071,
      12.9952786
     ],
     [
      77.660333,
      12.9949897
     ],
     [
      77.6597384,
      12.9946868
     ],
     [
      77.6590867,
      12.9943442
     ],
     [
      77.6580015,
      12.9937326
     ],
     [
      77.6571272,
      12.993241
     ],
     [
      77.6568285,
      12.9930733
     ],
     [
      77.6565876,
      12.9929327
     ],
     [
      77.6563531,
      12.9927871
     ],
     [
      77.6560908,
      12.992616
     ],
     [
      77.6559783,
      12.9925398
     ],
     [
      77.6558344,
      12.9924388
     ],
     [
      77.6557084,
      12.9923347
     ],
     [
      77.6555124,
      12.992163
     ],
     [
      77.6553536,
      12.9920143
     ],
     [
      77.6551027,
      12.9917685
     ],
     [
      77.6548546,
      12.9915376
     ],
     [
      77.6547638,
      12.9914664
     ],
     [
      77.6546579,
      12.9914014
     ],
     [
      77.6545659,
      12.9913523
     ],
     [
      77.6544586,
      12.9913043
     ],
     [
      77.6542893,
      12.9912474
     ],
     [
      77.6541107,
      12.9911905
     ],
     [
      77.653601,
      12.9910478
     ],
     [
      77.6531458,
      12.9909244
     ],
     [
      77.6530453,
      12.9908972
     ],
     [
      77.6523733,
      12.9907136
     ],
     [
      77.6511678,
      12.9903844
     ],
     [
      77.6499573,
      12.9900415
     ],
     [
      77.6496623,
      12.9899627
     ],
     [
      77.6495509,
      12.989928
     ],
     [
      77.6494595,
      12.9898962
     ],
     [
      77.6493752,
      12.9898628
     ],
     [
      77.6492924,
      12.9898206
     ],
     [
      77.6492052,
      12.9897668
     ],
     [
      77.649134,
      12.9897151
     ],
     [
      77.649068,
      12.989661
     ],
     [
      77.6489959,
      12.9895984
     ],
     [
      77.6489357,
      12.9895337
     ],
     [
      77.6488777,
      12.9894669
     ],
     [
      77.6488323,
      12.9894038
     ],
     [
      77.6487879,
      12.9893389
     ],
     [
      77.648751,
      12.9892809
     ],
     [
      77.6487082,
      12.9892044
     ],
     [
      77.6486653,
      12.9891106
     ],
     [
      77.6486197,
      12.9889987
     ],
     [
      77.6485762,
      12.9888741
     ],
     [
      77.6484881,
      12.9885788
     ],
     [
      77.6483646,
      12.9881495
     ],
     [
      77.6483194,
      12.9880122
     ],
     [
      77.6482841,
      12.9879134
     ],
     [
      77.6482495,
      12.9878265
     ],
     [
      77.6482138,
      12.9877534
     ],
     [
      77.648178,
      12.9876919
     ],
     [
      77.6481465,
      12.9876396
     ],
     [
      77.6481047,
      12.9875709
     ],
     [
      77.6480577,
      12.9874987
     ],
     [
      77.6480088,
      12.9874432
     ],
     [
      77.6478251,
      12.9872112
     ],
     [
      77.6475766,
      12.9870472
     ],
     [
      77.6473186,
      12.986909
     ],
     [
      77.6462365,
      12.9864979
     ],
     [
      77.6455011,
      12.9861908
     ],
     [
      77.6448902,
      12.9859543
     ],
     [
      77.643377,
      12.9853565
     ],
     [
      77.6426391,
      12.9850604
     ],
     [
      77.6412698,
      12.9845111
     ],
     [
      77.6410345,
      12.984385
     ],
     [
      77.6408729,
      12.9842202
     ],
     [
      77.6407286,
      12.9840808
     ],
     [
      77.6406301,
      12.9838587
     ],
     [
      77.6405845,
      12.9836867
     ],
     [
      77.6405581,
      12.9834999
     ],
     [
      77.6405717,
      12.9829247
     ],
     [
      77.6407097,
      12.9804932
     ],
     [
      77.6407663,
      12.9794966
     ],
     [
      77.6407582,
      12.9793037
     ],
     [
      77.6407205,
      12.9791133
     ],
     [
      77.6405997,
      12.9788544
     ],
     [
      77.6404717,
      12.9787005
     ],
     [
      77.6403493,
      12.9785927
     ],
     [
      77.6401643,
      12.9784734
     ],
     [
      77.6399692,
      12.9784061
     ],
     [
      77.6396923,
      12.9783744
     ],
     [
      77.638658,
      12.9783526
     ],
     [
      77.6377518,
      12.978324
     ],
     [
      77.6329398,
      12.9781719
     ],
     [
      77.6326516,
      12.9781784
     ],
     [
      77.6294414,
      12.9784732
     ],
     [
      77.6291722,
      12.978499
     ],
     [
      77.6289717,
      12.9784707
     ],
     [
      77.6287916,
      12.9784045
     ],
     [
      77.6285923,
      12.9782864
     ],
     [
      77.6283522,
      12.9781588
     ],
     [
      77.6280598,
      12.9779767
     ],
     [
      77.627733,
      12.9777887
     ],
     [
      77.6274552,
      12.9775754
     ],
     [
      77.627223,
      12.9773503
     ],
     [
      77.626667,
      12.9765165
     ],
     [
      77.6263726,
      12.9761082
     ],
     [
      77.6261745,
      12.9758559
     ],
     [
      77.6260168,
      12.9756332
     ],
     [
      77.625849,
      12.9754521
     ],
     [
      77.6252621,
      12.9750438
     ],
     [
      77.6249241,
      12.974819
     ],
     [
      77.6224822,
      12.973343
     ],
     [
      77.6220353,
      12.9731346
     ],
     [
      77.6216994,
      12.9730036
     ],
     [
      77.6213137,
      12.9728783
     ],
     [
      77.6208415,
      12.9727635
     ],
     [
      77.6205843,
      12.9727327
     ],
     [
      77.6202515,
      12.9727072
     ],
     [
      77.619989,
      12.9726881
     ],
     [
      77.6195888,
      12.9726672
     ],
     [
      77.6191254,
      12.9726407
     ],
     [
      77.6188313,
      12.9726605
     ],
     [
      77.618685,
      12.9726712
     ],
     [
      77.6186106,
      12.9726821
     ],
     [
      77.6184159,
      12.9727192
     ],
     [
      77.6170235,
      12.9730388
     ],
     [
      77.6127543,
      12.9740171
     ],
     [
      77.6123836,
      12.9741194
     ],
     [
      77.6119198,
      12.9742446
     ],
     [
      77.6115833,
      12.9743258
     ],
     [
      77.6113011,
      12.9743903
     ],
     [
      77.6092619,
      12.9748748
     ],
     [
      77.6088698,
      12.9749744
     ],
     [
      77.6085133,
      12.9750879
     ],
     [
      77.6082539,
      12.9751863
     ],
     [
      77.6079936,
      12.9752551
     ],
     [
      77.6072648,
      12.9754288
     ],
     [
      77.6056655,
      12.9758263
     ],
     [
      77.6050317,
      12.9759788
     ],
     [
      77.6048224,
      12.9760274
     ],
     [
      77.6034255,
      12.9763519
     ],
     [
      77.6026151,
      12.9765402
     ],
     [
      77.6023753,
      12.9766042
     ],
     [
      77.602176,
      12.9766914
     ],
     [
      77.6019305,
      12.9768328
     ],
     [
      77.6017655,
      12.9769717
     ],
     [
      77.6015865,
      12.9772398
     ],
     [
      77.6014357,
      12.9775886
     ],
     [
      77.600984,
      12.9788371
     ],
     [
      77.6008378,
      12.9791192
     ],
     [
      77.6007217,
      12.979298
     ],
     [
      77.6005932,
      12.9794622
     ],
     [
      77.600465,
      12.9796346
     ],
     [
      77.600361,
      12.9797674
     ],
     [
      77.6002568,
      12.9798779
     ],
     [
      77.6001007,
      12.980013
     ],
     [
      77.5999443,
      12.9801094
     ],
     [
      77.599765,
      12.9801791
     ],
     [
      77.5986437,
      12.9806139
     ],
     [
      77.5984238,
      12.9806892
     ],
     [
      77.5975758,
      12.9809794
     ],
     [
      77.596332,
      12.981389
     ],
     [
      77.5959891,
      12.9814875
     ],
     [
      77.5957175,
      12.981555
     ],
     [
      77.5955351,
      12.9815865
     ],
     [
      77.5954526,
      12.9815995
     ],
     [
      77.5951747,
      12.9816319
     ],
     [
      77.5948625,
      12.9816238
     ],
     [
      77.5946898,
      12.9815779
     ],
     [
      77.5945354,
      12.9815248
     ],
     [
      77.5940859,
      12.981267
     ],
     [
      77.5937326,
      12.9810182
     ],
     [
      77.5932144,
      12.9806118
     ],
     [
      77.591831,
      12.978996
     ],
     [
      77.5909988,
      12.9780828
     ],
     [
      77.5906011,
      12.9776646
     ],
     [
      77.5902888,
      12.9775063
     ],
     [
      77.5878688,
      12.9762299
     ],
     [
      77.5872113,
      12.9759516
     ],
     [
      77.585162,
      12.9750828
     ],
     [
      77.5849634,
      12.9749873
     ],
     [
      77.584209,
      12.9745398
     ],
     [
      77.5828632,
      12.9737686
     ],
     [
      77.5823401,
      12.9734651
     ],
     [
      77.5819595,
      12.973249
     ],
     [
      77.581733,
      12.9731517
     ],
     [
      77.5815382,
      12.9730561
     ],
     [
      77.5813626,
      12.9730231
     ],
     [
      77.5811561,
      12.9730253
     ],
     [
      77.5808943,
      12.9731044
     ],
     [
      77.5804072,
      12.9733469
     ],
     [
      77.5781242,
      12.9743593
     ],
     [
      77.5761364,
      12.9751752
     ],
     [
      77.5757227,
      12.9752869
     ],
     [
      77.5752676,
      12.9753889
     ],
     [
      77.574621,
      12.9755395
     ],
     [
      77.5741251,
      12.9756654
     ],
     [
      77.5730887,
      12.9757512
     ],
     [
      77.5712858,
      12.9758915
     ],
     [
      77.5702937,
      12.9759459
     ],
     [
      77.5691219,
      12.9760245
     ],
     [
      77.5669061,
      12.9760221
     ],
     [
      77.5667157,
      12.9760126
     ],
     [
      77.5659333,
      12.9759496
     ],
     [
      77.5653744,
      12.9759026
     ],
     [
      77.5651548,
      12.9758761
     ],
     [
      77.5634091,
      12.9756847
     ],
     [
      77.5629631,
      12.9756545
     ],
     [
      77.5626735,
      12.9756384
     ],
     [
      77.5623217,
      12.9756472
     ],
     [
      77.5617331,
      12.9757124
     ],
     [
      77.561128,
      12.9757439
     ],
     [
      77.5606303,
      12.9757647
     ],
     [
      77.5603797,
      12.975791
     ],
     [
      77.5600612,
      12.9758093
     ],
     [
      77.5596727,
      12.9758132
     ],
     [
      77.5591939,
      12.9758223
     ],
     [
      77.5589281,
      12.9758249
     ],
     [
      77.5585348,
      12.9758052
     ],
     [
      77.5581788,
      12.975783
     ],
     [
      77.5577541,
      12.9757517
     ],
     [
      77.5575493,
      12.9757426
     ],
     [
      77.5572107,
      12.9757229
     ],
     [
      77.5568718,
      12.9756981
     ],
     [
      77.5564954,
      12.9756832
     ],
     [
      77.5562052,
      12.9756704
     ],
     [
      77.555911,
      12.9756652
     ],
     [
      77.5556381,
      12.9756623
     ],
     [
      77.5553548,
      12.9756527
     ],
     [
      77.5549424,
      12.9756388
     ],
     [
      77.5546466,
      12.9756234
     ],
     [
      77.554243,
      12.9756136
     ],
     [
      77.5538147,
      12.9756017
     ],
     [
      77.5535305,
      12.9755732
     ],
     [
      77.5533673,
      12.9755492
     ],
     [
      77.5531425,
      12.9755038
     ],
     [
      77.5529575,
      12.975434
     ],
     [
      77.5527413,
      12.9753325
     ],
     [
      77.5525507,
      12.9752105
     ],
     [
      77.552386,
      12.9751026
     ],
     [
      77.5521852,
      12.974957
     ],
     [
      77.551389,
      12.9743387
     ],
     [
      77.5509197,
      12.9739765
     ],
     [
      77.5507215,
      12.9738645
     ],
     [
      77.5505434,
      12.9738175
     ],
     [
      77.5503868,
      12.9737985
     ],
     [
      77.5502166,
      12.9738007
     ],
     [
      77.5500564,
      12.9738342
     ],
     [
      77.5499108,
      12.9738746
     ],
     [
      77.5497914,
      12.9739299
     ],
     [
      77.5496005,
      12.9740567
     ],
     [
      77.5493017,
      12.9742452
     ],
     [
      77.5490682,
      12.9743736
     ],
     [
      77.5489113,
      12.9744589
     ],
     [
      77.5487414,
      12.9744917
     ],
     [
      77.5485498,
      12.9745321
     ],
     [
      77.548387,
      12.9745447
     ],
     [
      77.54826,
      12.9745391
     ],
     [
      77.5480739,
      12.9745072
     ],
     [
      77.5478674,
      12.9744523
     ],
     [
      77.5477263,
      12.9744125
     ],
     [
      77.5475525,
      12.9743611
     ],
     [
      77.5473489,
      12.9743092
     ],
     [
      77.5470987,
      12.9742512
     ],
     [
      77.5468158,
      12.9742202
     ],
     [
      77.5466353,
      12.9742172
     ],
     [
      77.5456182,
      12.9742184
     ],
     [
      77.544553,
      12.9742202
     ],
     [
      77.5440685,
      12.9741802
     ],
     [
      77.5433831,
      12.9741022
     ],
     [
      77.5418133,
      12.9737878
     ],
     [
      77.5393938,
      12.973282
     ],
     [
      77.5388828,
      12.9731394
     ],
     [
      77.5385737,
      12.9729692
     ],
     [
      77.5383439,
      12.9727902
     ],
     [
      77.5381731,
      12.9726211
     ],
     [
      77.5379876,
      12.9723908
     ],
     [
      77.5378733,
      12.9722043
     ],
     [
      77.5377821,
      12.972018
     ],
     [
      77.5376878,
      12.9717893
     ],
     [
      77.5376455,
      12.9716495
     ],
     [
      77.5373851,
      12.9709537
     ],
     [
      77.5369437,
      12.9696725
     ],
     [
      77.5369304,
      12.9696336
     ],
     [
      77.5366724,
      12.9688774
     ],
     [
      77.5364162,
      12.9681899
     ],
     [
      77.5361759,
      12.9675982
     ],
     [
      77.53591,
      12.9670198
     ],
     [
      77.535332,
      12.9658618
     ],
     [
      77.5335505,
      12.9618745
     ],
     [
      77.5333168,
      12.961236
     ],
     [
      77.5331494,
      12.9608228
     ],
     [
      77.5330915,
      12.9605924
     ],
     [
      77.5330489,
      12.9603644
     ],
     [
      77.5330454,
      12.9601536
     ],
     [
      77.5330831,
      12.959939
     ],
     [
      77.5331853,
      12.9596316
     ],
     [
      77.5333584,
      12.9591891
     ],
     [
      77.5337267,
      12.9583184
     ],
     [
      77.5338671,
      12.958037
     ],
     [
      77.5340856,
      12.9575681
     ],
     [
      77.5343019,
      12.9570023
     ],
     [
      77.5343773,
      12.9567115
     ],
     [
      77.5344891,
      12.9562186
     ],
     [
      77.5346192,
      12.955708
     ],
     [
      77.5347102,
      12.955391
     ],
     [
      77.5348087,
      12.9551762
     ],
     [
      77.5349326,
      12.9549853
     ],
     [
      77.5363766,
      12.9535194
     ],
     [
      77.5365504,
      12.9533141
     ],
     [
      77.5366034,
      12.953236
     ],
     [
      77.5366583,
      12.9531345
     ],
     [
      77.5369961,
      12.9520333
     ],
     [
      77.5371591,
      12.9515443
     ],
     [
      77.5373042,
      12.9511751
     ],
     [
      77.5373358,
      12.9510371
     ],
     [
      77.5373464,
      12.9508572
     ],
     [
      77.5373392,
      12.950638
     ],
     [
      77.5372982,
      12.9504646
     ],
     [
      77.5372563,
      12.9503065
     ],
     [
      77.5371011,
      12.9500204
     ],
     [
      77.536924,
      12.9498022
     ],
     [
      77.5363293,
      12.9492213
     ],
     [
      77.5360126,
      12.9489701
     ],
     [
      77.5349587,
      12.9483217
     ],
     [
      77.5348031,
      12.9482374
     ],
     [
      77.5346123,
      12.9481547
     ],
     [
      77.5342717,
      12.9480453
     ],
     [
      77.5326522,
      12.947608
     ],
     [
      77.5308855,
      12.9470597
     ],
     [
      77.5300705,
      12.9467026
     ],
     [
      77.529247,
      12.9463302
     ],
     [
      77.5287322,
      12.9460129
     ]
    ]
   }
  },
  {
   "type": "Feature",
   "properties": {
    "colour": "#e542de",
    "duration": "00:57",
    "from": "Pattandur Agrahara",
    "interval": "10",
    "interval:conditional": "12 @ (Mo-Sa 05:08-05:25); 5 @ (Mo-Sa 08:25-11:02,17:56-20:26); 8 @ (Mo-Sa 11:02-15:26); 15 @ (Mo-Sa 22:06-24:00)",
    "name": "Purple Line (Pattandur Agrahara → Mysuru Road)",
    "name:kn": "ನೇರಳೆ ಪಥ (ಪಟ್ಟಂದೂರು ಅಗ್ರಹಾರ -> ಮೈಸೂರು ರಸ್ತೆ)",
    "network": "Namma Metro",
    "network:wikidata": "Q279343",
    "opening_hours": "Mo-Sa 05:00-24:00",
    "operator": "BMRCL",
    "public_transport:version": "2",
    "ref": "Purple",
    "route": "subway",
    "to": "Mysuru Road",
    "type": "route",
    "wikidata": "Q7261433",
    "wikipedia": "en:Purple Line (Namma Metro)",
    "@id": "relation/17038842"
   },
   "geometry": {
    "type": "LineString",
    "coordinates": [
     [
      77.5287581,
      12.945976
     ],
     [
      77.5289894,
      12.9461185
     ],
     [
      77.529269,
      12.9462909
     ],
     [
      77.5300896,
      12.9466619
     ],
     [
      77.5309019,
      12.9470179
     ],
     [
      77.5326658,
      12.9475653
     ],
     [
      77.5341284,
      12.9479608
     ],
     [
      77.5344399,
      12.9480489
     ],
     [
      77.5347744,
      12.948174
     ],
     [
      77.5349885,
      12.9482851
     ],
     [
      77.5360304,
      12.948934
     ],
     [
      77.536344,
      12.9491907
     ],
     [
      77.5369484,
      12.9497616
     ],
     [
      77.5371611,
      12.9500166
     ],
     [
      77.5372921,
      12.9502855
     ],
     [
      77.5373384,
      12.9504502
     ],
     [
      77.5373769,
      12.9506392
     ],
     [
      77.537387,
      12.9508561
     ],
     [
      77.5373746,
      12.9510423
     ],
     [
      77.5373698,
      12.9510652
     ],
     [
      77.5373429,
      12.9511939
     ],
     [
      77.5372034,
      12.951556
     ],
     [
      77.5370399,
      12.9520466
     ],
     [
      77.536701,
      12.9531515
     ],
     [
      77.5366429,
      12.9532588
     ],
     [
      77.5365873,
      12.9533407
     ],
     [
      77.5364109,
      12.9535492
     ],
     [
      77.5349689,
      12.955013
     ],
     [
      77.5348492,
      12.9551974
     ],
     [
      77.5347535,
      12.9554062
     ],
     [
      77.5346636,
      12.9557194
     ],
     [
      77.5345338,
      12.9562288
     ],
     [
      77.534422,
      12.9567218
     ],
     [
      77.5343458,
      12.9570156
     ],
     [
      77.534128,
      12.9575852
     ],
     [
      77.5339086,
      12.958056
     ],
     [
      77.5337686,
      12.9583367
     ],
     [
      77.5334011,
      12.9592056
     ],
     [
      77.5332286,
      12.9596465
     ],
     [
      77.5331278,
      12.9599497
     ],
     [
      77.5330913,
      12.960157
     ],
     [
      77.5330947,
      12.96036
     ],
     [
      77.5331364,
      12.9605831
     ],
     [
      77.5331932,
      12.9608092
     ],
     [
      77.5333598,
      12.9612203
     ],
     [
      77.5335932,
      12.9618581
     ],
     [
      77.5353741,
      12.965844
     ],
     [
      77.5359522,
      12.9670023
     ],
     [
      77.5362194,
      12.9675838
     ],
     [
      77.5364583,
      12.9681721
     ],
     [
      77.5367153,
      12.9688614
     ],
     [
      77.536883,
      12.9693528
     ],
     [
      77.5369872,
      12.9696583
     ],
     [
      77.5374285,
      12.9709391
     ],
     [
      77.5377307,
      12.9717735
     ],
     [
      77.5378241,
      12.972
     ],
     [
      77.5379138,
      12.9721832
     ],
     [
      77.5380255,
      12.9723654
     ],
     [
      77.5382076,
      12.9725915
     ],
     [
      77.5383747,
      12.9727569
     ],
     [
      77.5385995,
      12.972932
     ],
     [
      77.5389007,
      12.9730979
     ],
     [
      77.5394049,
      12.9732386
     ],
     [
      77.5418227,
      12.973744
     ],
     [
      77.5433912,
      12.9740582
     ],
     [
      77.5440739,
      12.9741358
     ],
     [
      77.5445572,
      12.9741757
     ],
     [
      77.5456189,
      12.9741737
     ],
     [
      77.5466357,
      12.9741725
     ],
     [
      77.5468189,
      12.9741756
     ],
     [
      77.5471055,
      12.9742069
     ],
     [
      77.5473599,
      12.9742658
     ],
     [
      77.5475645,
      12.9743179
     ],
     [
      77.5477387,
      12.9743694
     ],
     [
      77.5478798,
      12.9744092
     ],
     [
      77.5480832,
      12.9744634
     ],
     [
      77.5482622,
      12.9744942
     ],
     [
      77.5483811,
      12.9745003
     ],
     [
      77.54854,
      12.9744884
     ],
     [
      77.5487278,
      12.9744489
     ],
     [
      77.5488918,
      12.9744183
     ],
     [
      77.5490457,
      12.9743346
     ],
     [
      77.5492779,
      12.9742069
     ],
     [
      77.5495751,
      12.9740195
     ],
     [
      77.5497685,
      12.973891
     ],
     [
      77.5498946,
      12.9738326
     ],
     [
      77.5500453,
      12.9737908
     ],
     [
      77.5502114,
      12.973756
     ],
     [
      77.5503893,
      12.9737538
     ],
     [
      77.5505523,
      12.9737735
     ],
     [
      77.5507393,
      12.9738229
     ],
     [
      77.5509456,
      12.9739394
     ],
     [
      77.5514175,
      12.9743037
     ],
     [
      77.5522132,
      12.9749216
     ],
     [
      77.5524125,
      12.9750661
     ],
     [
      77.5525761,
      12.9751733
     ],
     [
      77.5527639,
      12.9752935
     ],
     [
      77.5529758,
      12.9753929
     ],
     [
      77.5531555,
      12.9754608
     ],
     [
      77.5533754,
      12.9755052
     ],
     [
      77.5535363,
      12.9755288
     ],
     [
      77.5538177,
      12.9755571
     ],
     [
      77.5542442,
      12.9755689
     ],
     [
      77.5546484,
      12.9755787
     ],
     [
      77.5549444,
      12.9755941
     ],
     [
      77.5553564,
      12.975608
     ],
     [
      77.5556391,
      12.9756176
     ],
     [
      77.5559117,
      12.9756205
     ],
     [
      77.5562067,
      12.9756257
     ],
     [
      77.5564974,
      12.9756385
     ],
     [
      77.5568745,
      12.9756535
     ],
     [
      77.5572138,
      12.9756783
     ],
     [
      77.5575517,
      12.9756979
     ],
     [
      77.5577569,
      12.9757071
     ],
     [
      77.558182,
      12.9757384
     ],
     [
      77.5585374,
      12.9757606
     ],
     [
      77.558929,
      12.9757802
     ],
     [
      77.5591932,
      12.9757776
     ],
     [
      77.559672,
      12.9757685
     ],
     [
      77.5600596,
      12.9757646
     ],
     [
      77.5603759,
      12.9757464
     ],
     [
      77.5606269,
      12.9757201
     ],
     [
      77.5611258,
      12.9756992
     ],
     [
      77.5617293,
      12.9756678
     ],
     [
      77.5623185,
      12.9756026
     ],
     [
      77.5626742,
      12.9755937
     ],
     [
      77.562966,
      12.9756099
     ],
     [
      77.5634133,
      12.9756402
     ],
     [
      77.5651602,
      12.9758317
     ],
     [
      77.5653792,
      12.9758581
     ],
     [
      77.5659372,
      12.975905
     ],
     [
      77.5667188,
      12.975968
     ],
     [
      77.5669073,
      12.9759774
     ],
     [
      77.5691203,
      12.9759798
     ],
     [
      77.5702903,
      12.9759013
     ],
     [
      77.5712892,
      12.9757916
     ],
     [
      77.5728057,
      12.9756704
     ],
     [
      77.5741231,
      12.9755728
     ],
     [
      77.5746028,
      12.9754592
     ],
     [
      77.5757114,
      12.9752435
     ],
     [
      77.5761213,
      12.9751329
     ],
     [
      77.5781058,
      12.9743183
     ],
     [
      77.5803872,
      12.9733066
     ],
     [
      77.5808769,
      12.9730628
     ],
     [
      77.5811489,
      12.9729807
     ],
     [
      77.5813667,
      12.9729783
     ],
     [
      77.5815531,
      12.9730134
     ],
     [
      77.5817526,
      12.9731112
     ],
     [
      77.5819804,
      12.9732091
     ],
     [
      77.5823634,
      12.9734266
     ],
     [
      77.5828866,
      12.9737301
     ],
     [
      77.5842326,
      12.9745014
     ],
     [
      77.5849855,
      12.9749481
     ],
     [
      77.5851813,
      12.9750422
     ],
     [
      77.586462,
      12.9756035
     ],
     [
      77.5865498,
      12.9756398
     ],
     [
      77.5872296,
      12.9759106
     ],
     [
      77.5878889,
      12.9761897
     ],
     [
      77.5903103,
      12.9774668
     ],
     [
      77.5906246,
      12.9776261
     ],
     [
      77.590833,
      12.9777625
     ],
     [
      77.5911088,
      12.9779727
     ],
     [
      77.5919999,
      12.9789626
     ],
     [
      77.5932441,
      12.9805777
     ],
     [
      77.5937604,
      12.9809826
     ],
     [
      77.594111,
      12.9812295
     ],
     [
      77.5945549,
      12.9814841
     ],
     [
      77.5947035,
      12.9815352
     ],
     [
      77.5948692,
      12.9815792
     ],
     [
      77.5951726,
      12.9815871
     ],
     [
      77.5954462,
      12.9815552
     ],
     [
      77.5955274,
      12.9815424
     ],
     [
      77.5957078,
      12.9815113
     ],
     [
      77.5959769,
      12.9814444
     ],
     [
      77.5963182,
      12.9813464
     ],
     [
      77.5966655,
      12.9812185
     ],
     [
      77.597562,
      12.9808954
     ],
     [
      77.5984083,
      12.980656
     ],
     [
      77.5986276,
      12.980572
     ],
     [
      77.599748,
      12.9801376
     ],
     [
      77.5999234,
      12.9800694
     ],
     [
      77.600073,
      12.9799772
     ],
     [
      77.6002246,
      12.979846
     ],
     [
      77.6003258,
      12.9797387
     ],
     [
      77.6004282,
      12.9796079
     ],
     [
      77.6005564,
      12.9794355
     ],
     [
      77.600684,
      12.9792724
     ],
     [
      77.6007978,
      12.9790971
     ],
     [
      77.6009417,
      12.9788195
     ],
     [
      77.6013929,
      12.9775725
     ],
     [
      77.6015458,
      12.9772188
     ],
     [
      77.6017306,
      12.976942
     ],
     [
      77.6019036,
      12.9767963
     ],
     [
      77.6021549,
      12.9766516
     ],
     [
      77.6023598,
      12.976562
     ],
     [
      77.6026037,
      12.9764969
     ],
     [
      77.6030191,
      12.9764004
     ],
     [
      77.6050209,
      12.9759353
     ],
     [
      77.605299,
      12.9758684
     ],
     [
      77.6056543,
      12.9757829
     ],
     [
      77.6062979,
      12.9756285
     ],
     [
      77.6079815,
      12.975212
     ],
     [
      77.6082395,
      12.9751438
     ],
     [
      77.6084978,
      12.9750458
     ],
     [
      77.6088569,
      12.9749315
     ],
     [
      77.6092507,
      12.9748314
     ],
     [
      77.6112904,
      12.9743468
     ],
     [
      77.6115725,
      12.9742823
     ],
     [
      77.6119082,
      12.9742013
     ],
     [
      77.6123712,
      12.9740763
     ],
     [
      77.6127428,
      12.9739738
     ],
     [
      77.617013,
      12.9729953
     ],
     [
      77.6184067,
      12.9726754
     ],
     [
      77.6186065,
      12.9726416
     ],
     [
      77.618827,
      12.972616
     ],
     [
      77.6191252,
      12.9725959
     ],
     [
      77.6195914,
      12.9726226
     ],
     [
      77.6199919,
      12.9726435
     ],
     [
      77.620255,
      12.9726626
     ],
     [
      77.6205889,
      12.9726882
     ],
     [
      77.6208499,
      12.9727195
     ],
     [
      77.6213265,
      12.9728353
     ],
     [
      77.6217152,
      12.9729616
     ],
     [
      77.6220537,
      12.9730936
     ],
     [
      77.6225043,
      12.9733037
     ],
     [
      77.6249491,
      12.9747815
     ],
     [
      77.6252884,
      12.9750071
     ],
     [
      77.6258797,
      12.9754185
     ],
     [
      77.6260529,
      12.9756054
     ],
     [
      77.6262116,
      12.9758296
     ],
     [
      77.6264096,
      12.9760818
     ],
     [
      77.626705,
      12.9764915
     ],
     [
      77.6272588,
      12.977322
     ],
     [
      77.6274857,
      12.9775419
     ],
     [
      77.627759,
      12.9777517
     ],
     [
      77.6280838,
      12.9779386
     ],
     [
      77.6283756,
      12.9781203
     ],
     [
      77.6286152,
      12.9782476
     ],
     [
      77.6288118,
      12.9783641
     ],
     [
      77.6289832,
      12.9784271
     ],
     [
      77.6291733,
      12.978454
     ],
     [
      77.629437,
      12.9784287
     ],
     [
      77.6326489,
      12.9781337
     ],
     [
      77.63294,
      12.9781272
     ],
     [
      77.6377533,
      12.9782793
     ],
     [
      77.6386592,
      12.9783079
     ],
     [
      77.6396955,
      12.9783297
     ],
     [
      77.6399797,
      12.9783623
     ],
     [
      77.6401849,
      12.9784331
     ],
     [
      77.6403775,
      12.9785573
     ],
     [
      77.6405051,
      12.9786697
     ],
     [
      77.640639,
      12.9788307
     ],
     [
      77.6407645,
      12.9790996
     ],
     [
      77.6408039,
      12.9792985
     ],
     [
      77.6408122,
      12.9794969
     ],
     [
      77.6407834,
      12.9800045
     ],
     [
      77.6406176,
      12.9829264
     ],
     [
      77.6406041,
      12.9834974
     ],
     [
      77.6406296,
      12.983678
     ],
     [
      77.6406736,
      12.9838442
     ],
     [
      77.6407672,
      12.9840551
     ],
     [
      77.6409056,
      12.9841889
     ],
     [
      77.6410628,
      12.9843491
     ],
     [
      77.6412897,
      12.9844707
     ],
     [
      77.6426566,
      12.9850191
     ],
     [
      77.6433944,
      12.9853151
     ],
     [
      77.6449072,
      12.9859128
     ],
     [
      77.6455186,
      12.9861495
     ],
     [
      77.6462539,
      12.9864565
     ],
     [
      77.6473381,
      12.9868684
     ],
     [
      77.6476006,
      12.987009
     ],
     [
      77.6478547,
      12.9871768
     ],
     [
      77.6480295,
      12.9874063
     ],
     [
      77.6480803,
      12.9874735
     ],
     [
      77.6481296,
      12.9875455
     ],
     [
      77.648176,
      12.9876159
     ],
     [
      77.648224,
      12.9876996
     ],
     [
      77.6482633,
      12.9877736
     ],
     [
      77.6482996,
      12.9878535
     ],
     [
      77.6483341,
      12.9879367
     ],
     [
      77.6483727,
      12.9880503
     ],
     [
      77.6486167,
      12.9888934
     ],
     [
      77.6486432,
      12.9889625
     ],
     [
      77.6486728,
      12.989039
     ],
     [
      77.6487117,
      12.9891275
     ],
     [
      77.6487499,
      12.9892025
     ],
     [
      77.6487923,
      12.9892812
     ],
     [
      77.6488414,
      12.989358
     ],
     [
      77.6488982,
      12.9894379
     ],
     [
      77.6489727,
      12.9895235
     ],
     [
      77.6490383,
      12.9895861
     ],
     [
      77.649107,
      12.9896466
     ],
     [
      77.6491794,
      12.9896991
     ],
     [
      77.6492708,
      12.9897611
     ],
     [
      77.6493669,
      12.9898126
     ],
     [
      77.6494829,
      12.9898627
     ],
     [
      77.6495952,
      12.9899017
     ],
     [
      77.6497371,
      12.9899426
     ],
     [
      77.6499792,
      12.9900105
     ],
     [
      77.650399,
      12.9901211
     ],
     [
      77.6506271,
      12.9901858
     ],
     [
      77.651179,
      12.9903448
     ],
     [
      77.652392,
      12.9906745
     ],
     [
      77.6530525,
      12.990854
     ],
     [
      77.6531588,
      12.9908839
     ],
     [
      77.6536176,
      12.9910128
     ],
     [
      77.6537983,
      12.9910636
     ],
     [
      77.6541185,
      12.991153
     ],
     [
      77.65431,
      12.9912094
     ],
     [
      77.6544559,
      12.9912621
     ],
     [
      77.6545903,
      12.9913217
     ],
     [
      77.6546919,
      12.9913775
     ],
     [
      77.6547893,
      12.9914404
     ],
     [
      77.6548821,
      12.9915174
     ],
     [
      77.6551351,
      12.991748
     ],
     [
      77.6553877,
      12.9919939
     ],
     [
      77.6555428,
      12.9921447
     ],
     [
      77.6557319,
      12.9923046
     ],
     [
      77.655866,
      12.9924154
     ],
     [
      77.6560012,
      12.9925169
     ],
     [
      77.6561167,
      12.9925892
     ],
     [
      77.6563674,
      12.9927537
     ],
     [
      77.656603,
      12.9929013
     ],
     [
      77.6569151,
      12.9930836
     ],
     [
      77.6571496,
      12.9932143
     ],
     [
      77.6580135,
      12.9936992
     ],
     [
      77.6590839,
      12.9943055
     ],
     [
      77.6597545,
      12.9946521
     ],
     [
      77.6603537,
      12.9949586
     ],
     [
      77.660941,
      12.9952562
     ],
     [
      77.6611438,
      12.9953501
     ],
     [
      77.6613231,
      12.9954238
     ],
     [
      77.6614195,
      12.9954531
     ],
     [
      77.6615806,
      12.995495
     ],
     [
      77.6617584,
      12.9955362
     ],
     [
      77.6618749,
      12.9955597
     ],
     [
      77.6619956,
      12.9955698
     ],
     [
      77.6621445,
      12.9955802
     ],
     [
      77.6623239,
      12.9955872
     ],
     [
      77.6625089,
      12.9955826
     ],
     [
      77.6626262,
      12.9955725
     ],
     [
      77.6627361,
      12.9955593
     ],
     [
      77.6628594,
      12.9955363
     ],
     [
      77.6630589,
      12.9954928
     ],
     [
      77.6633536,
      12.9954111
     ],
     [
      77.6633788,
      12.9954064
     ],
     [
      77.6634597,
      12.9953915
     ],
     [
      77.6639571,
      12.9952986
     ],
     [
      77.6640402,
      12.9952845
     ],
     [
      77.6642351,
      12.995272
     ],
     [
      77.66444,
      12.9952675
     ],
     [
      77.6646389,
      12.995273
     ],
     [
      77.664851,
      12.9952827
     ],
     [
      77.6650278,
      12.9953008
     ],
     [
      77.6651895,
      12.9953282
     ],
     [
      77.6653486,
      12.9953574
     ],
     [
      77.6654861,
      12.9953881
     ],
     [
      77.6658958,
      12.9955049
     ],
     [
      77.6662499,
      12.9956073
     ],
     [
      77.6666321,
      12.9957325
     ],
     [
      77.6674281,
      12.9960274
     ],
     [
      77.6679336,
      12.9962416
     ],
     [
      77.6681911,
      12.9963566
     ],
     [
      77.6684788,
      12.996496
     ],
     [
      77.6686459,
      12.9965736
     ],
     [
      77.6688175,
      12.9966494
     ],
     [
      77.668943,
      12.9967094
     ],
     [
      77.6690977,
      12.9967564
     ],
     [
      77.6693234,
      12.9968243
     ],
     [
      77.6694928,
      12.9968729
     ],
     [
      77.6696163,
      12.9968978
     ],
     [
      77.6697376,
      12.9969215
     ],
     [
      77.6698791,
      12.9969274
     ],
     [
      77.6699698,
      12.9969228
     ],
     [
      77.6700655,
      12.9969262
     ],
     [
      77.6701625,
      12.9969267
     ],
     [
      77.670269,
      12.9969393
     ],
     [
      77.6704098,
      12.996982
     ],
     [
      77.670889,
      12.9972048
     ],
     [
      77.6713393,
      12.9974231
     ],
     [
      77.671807,
      12.9976526
     ],
     [
      77.6720651,
      12.9977741
     ],
     [
      77.6722184,
      12.9978515
     ],
     [
      77.6725529,
      12.9980144
     ],
     [
      77.6727326,
      12.9981007
     ],
     [
      77.6732405,
      12.9983497
     ],
     [
      77.673625,
      12.9985414
     ],
     [
      77.6739379,
      12.9986939
     ],
     [
      77.6743078,
      12.9988744
     ],
     [
      77.6745484,
      12.9989813
     ],
     [
      77.6749532,
      12.9991862
     ],
     [
      77.6752501,
      12.9993221
     ],
     [
      77.6754647,
      12.9994295
     ],
     [
      77.6760165,
      12.9996776
     ],
     [
      77.6762081,
      12.9997609
     ],
     [
      77.6763723,
      12.9998046
     ],
     [
      77.6765217,
      12.9998284
     ],
     [
      77.6766417,
      12.9998419
     ],
     [
      77.6768299,
      12.9998537
     ],
     [
      77.6773791,
      12.9998651
     ],
     [
      77.6778421,
      12.9998836
     ],
     [
      77.6782501,
      12.9998924
     ],
     [
      77.6791508,
      12.9999283
     ],
     [
      77.6799069,
      12.9999771
     ],
     [
      77.6803133,
      13.0000252
     ],
     [
      77.6806338,
      13.0000722
     ],
     [
      77.6808602,
      13.0001129
     ],
     [
      77.6811676,
      13.0001916
     ],
     [
      77.6813792,
      13.0002565
     ],
     [
      77.6816144,
      13.0003469
     ],
     [
      77.6817815,
      13.0003809
     ],
     [
      77.6818737,
      13.0003866
     ],
     [
      77.6819646,
      13.000386
     ],
     [
      77.6824202,
      13.0003647
     ],
     [
      77.682599,
      13.000359
     ],
     [
      77.6829502,
      13.0003544
     ],
     [
      77.6838214,
      13.0003582
     ],
     [
      77.6845514,
      13.0003346
     ],
     [
      77.6854795,
      13.0002719
     ],
     [
      77.6862037,
      13.0002144
     ],
     [
      77.6863601,
      13.0001853
     ],
     [
      77.6865577,
      13.000136
     ],
     [
      77.6867224,
      13.0000773
     ],
     [
      77.6868208,
      13.0000229
     ],
     [
      77.687,
      12.9999136
     ],
     [
      77.6872444,
      12.9997544
     ],
     [
      77.6876574,
      12.999446
     ],
     [
      77.6878861,
      12.9992379
     ],
     [
      77.6881617,
      12.9989338
     ],
     [
      77.6886254,
      12.9984448
     ],
     [
      77.6888698,
      12.9982177
     ],
     [
      77.6894921,
      12.9978988
     ],
     [
      77.6903796,
      12.9974569
     ],
     [
      77.6907431,
      12.9972816
     ],
     [
      77.6914823,
      12.9969528
     ],
     [
      77.6921457,
      12.9966967
     ],
     [
      77.6937139,
      12.9961687
     ],
     [
      77.6945185,
      12.9958237
     ],
     [
      77.6947063,
      12.9957349
     ],
     [
      77.695232,
      12.9954997
     ],
     [
      77.6955535,
      12.99541
     ],
     [
      77.6958757,
      12.9953638
     ],
     [
      77.6969915,
      12.9952278
     ],
     [
      77.6979196,
      12.9950815
     ],
     [
      77.6980781,
      12.9950378
     ],
     [
      77.6982007,
      12.994987
     ],
     [
      77.6988493,
      12.9947486
     ],
     [
      77.6991698,
      12.9946268
     ],
     [
      77.7000108,
      12.9943583
     ],
     [
      77.7002222,
      12.9943092
     ],
     [
      77.7006596,
      12.9942076
     ],
     [
      77.7013469,
      12.9940503
     ],
     [
      77.7015918,
      12.9939889
     ],
     [
      77.7021063,
      12.993826
     ],
     [
      77.7026603,
      12.9936762
     ],
     [
      77.702999,
      12.9935869
     ],
     [
      77.7032966,
      12.9935165
     ],
     [
      77.703632,
      12.9934317
     ],
     [
      77.7037157,
      12.9934103
     ],
     [
      77.7042378,
      12.993256
     ],
     [
      77.7044713,
      12.9931926
     ],
     [
      77.7047836,
      12.9931124
     ],
     [
      77.7052202,
      12.9930178
     ],
     [
      77.7056082,
      12.9929816
     ],
     [
      77.7060558,
      12.9929704
     ],
     [
      77.7068911,
      12.9929255
     ],
     [
      77.7075238,
      12.9928995
     ],
     [
      77.7085889,
      12.9928606
     ],
     [
      77.7094205,
      12.9928222
     ],
     [
      77.7100348,
      12.9928145
     ],
     [
      77.7103669,
      12.9928119
     ],
     [
      77.7105796,
      12.9928092
     ],
     [
      77.710798,
      12.99279
     ],
     [
      77.7112384,
      12.992683
     ],
     [
      77.7115914,
      12.992607
     ],
     [
      77.7121025,
      12.9924501
     ],
     [
      77.7127915,
      12.9922343
     ],
     [
      77.7133551,
      12.9919834
     ],
     [
      77.7135442,
      12.9918709
     ],
     [
      77.7136617,
      12.9917563
     ],
     [
      77.713819,
      12.9914749
     ],
     [
      77.7138888,
      12.9913501
     ],
     [
      77.7139002,
      12.9911631
     ],
     [
      77.7139108,
      12.9909934
     ],
     [
      77.7139123,
      12.9908379
     ],
     [
      77.7139043,
      12.9907235
     ],
     [
      77.7138915,
      12.9906047
     ],
     [
      77.7138331,
      12.9904612
     ],
     [
      77.7137176,
      12.990294
     ],
     [
      77.7135586,
      12.9901617
     ],
     [
      77.7132745,
      12.9899771
     ],
     [
      77.7128079,
      12.9896897
     ],
     [
      77.712253,
      12.9893718
     ],
     [
      77.7118453,
      12.9891327
     ],
     [
      77.7113181,
      12.9888208
     ],
     [
      77.7104193,
      12.9883115
     ],
     [
      77.7099132,
      12.9880405
     ],
     [
      77.7096804,
      12.9878986
     ],
     [
      77.7094985,
      12.9877548
     ],
     [
      77.7092611,
      12.9875285
     ],
     [
      77.709128,
      12.9873311
     ],
     [
      77.709003,
      12.9871169
     ],
     [
      77.708657,
      12.9865126
     ],
     [
      77.7085306,
      12.9861865
     ],
     [
      77.7083993,
      12.9858203
     ],
     [
      77.7083398,
      12.9855473
     ],
     [
      77.7082865,
      12.985235
     ],
     [
      77.7082684,
      12.9849389
     ],
     [
      77.7082503,
      12.9846851
     ],
     [
      77.7082151,
      12.9843032
     ],
     [
      77.7082196,
      12.9841232
     ],
     [
      77.7082356,
      12.9836319
     ],
     [
      77.7082622,
      12.9830457
     ],
     [
      77.7082728,
      12.9829257
     ],
     [
      77.7082862,
      12.9827976
     ],
     [
      77.7083024,
      12.9826328
     ],
     [
      77.7084234,
      12.9820637
     ],
     [
      77.7086129,
      12.9813697
     ],
     [
      77.7088149,
      12.9806449
     ],
     [
      77.7089169,
      12.980285
     ],
     [
      77.708992,
      12.9800198
     ],
     [
      77.7092334,
      12.9791939
     ],
     [
      77.7093413,
      12.9789214
     ],
     [
      77.7094418,
      12.9787361
     ],
     [
      77.7094817,
      12.9786833
     ],
     [
      77.7096132,
      12.9785288
     ],
     [
      77.709764,
      12.9784331
     ],
     [
      77.7099149,
      12.978352
     ],
     [
      77.7100378,
      12.9783069
     ],
     [
      77.7102015,
      12.9782504
     ],
     [
      77.710287,
      12.9782281
     ],
     [
      77.7104473,
      12.9782074
     ],
     [
      77.710742,
      12.9782041
     ],
     [
      77.7111972,
      12.9781466
     ],
     [
      77.7120314,
      12.9780405
     ],
     [
      77.7123254,
      12.9780033
     ],
     [
      77.7131725,
      12.9778967
     ],
     [
      77.7145125,
      12.9777202
     ],
     [
      77.7149061,
      12.977661
     ],
     [
      77.715061,
      12.9776292
     ],
     [
      77.7158014,
      12.9775263
     ],
     [
      77.7163397,
      12.9774383
     ],
     [
      77.716667,
      12.9774048
     ],
     [
      77.7175168,
      12.977325
     ],
     [
      77.7185912,
      12.9772614
     ],
     [
      77.7198403,
      12.9771469
     ],
     [
      77.721651,
      12.9769499
     ],
     [
      77.7226598,
      12.9768472
     ],
     [
      77.7228115,
      12.9768276
     ],
     [
      77.7229506,
      12.9767991
     ],
     [
      77.7230798,
      12.9767743
     ],
     [
      77.7231681,
      12.9767585
     ],
     [
      77.7232637,
      12.9767414
     ],
     [
      77.7235906,
      12.9766976
     ],
     [
      77.7243495,
      12.9766126
     ],
     [
      77.7255885,
      12.9765149
     ],
     [
      77.7261093,
      12.9764606
     ],
     [
      77.7262479,
      12.9764607
     ],
     [
      77.7263672,
      12.9764711
     ],
     [
      77.7264837,
      12.9764929
     ],
     [
      77.7265932,
      12.9765259
     ],
     [
      77.7267153,
      12.9765765
     ],
     [
      77.7267928,
      12.9766158
     ],
     [
      77.7268573,
      12.9766569
     ],
     [
      77.7269227,
      12.9767058
     ],
     [
      77.726986,
      12.9767665
     ],
     [
      77.7270693,
      12.9768498
     ],
     [
      77.7271321,
      12.9769283
     ],
     [
      77.7271929,
      12.9770224
     ],
     [
      77.7272568,
      12.9771445
     ],
     [
      77.7272893,
      12.9772253
     ],
     [
      77.7273208,
      12.9773463
     ],
     [
      77.7273398,
      12.9774713
     ],
     [
      77.7273582,
      12.9780451
     ],
     [
      77.7273692,
      12.9783549
     ],
     [
      77.7273782,
      12.978592
     ],
     [
      77.7273684,
      12.978808
     ],
     [
      77.7273378,
      12.9793403
     ],
     [
      77.7273309,
      12.9795468
     ],
     [
      77.7273354,
      12.9796888
     ],
     [
      77.727359,
      12.9799936
     ],
     [
      77.7273877,
      12.9801595
     ],
     [
      77.7274295,
      12.9803512
     ],
     [
      77.7274963,
      12.9807354
     ],
     [
      77.7275514,
      12.9810198
     ],
     [
      77.7276813,
      12.9815671
     ],
     [
      77.727777,
      12.9819994
     ],
     [
      77.7278298,
      12.9822191
     ],
     [
      77.7278902,
      12.9824329
     ],
     [
      77.7280957,
      12.9829329
     ],
     [
      77.7282764,
      12.983274
     ],
     [
      77.7284809,
      12.9835682
     ],
     [
      77.7287039,
      12.9838597
     ],
     [
      77.7290455,
      12.9842791
     ],
     [
      77.7295243,
      12.9848511
     ],
     [
      77.7297323,
      12.9850841
     ],
     [
      77.7299941,
      12.9853615
     ],
     [
      77.7302323,
      12.9855751
     ],
     [
      77.7304264,
      12.985721
     ],
     [
      77.7306081,
      12.9858402
     ],
     [
      77.7314935,
      12.9863465
     ],
     [
      77.7317138,
      12.98648
     ],
     [
      77.7318687,
      12.986603
     ],
     [
      77.731955,
      12.9866817
     ],
     [
      77.7320834,
      12.9868116
     ],
     [
      77.7321671,
      12.9869178
     ],
     [
      77.732512,
      12.9874124
     ],
     [
      77.7327049,
      12.9876042
     ],
     [
      77.7328002,
      12.9876726
     ],
     [
      77.7328857,
      12.987724
     ],
     [
      77.7329743,
      12.9877694
     ],
     [
      77.7331483,
      12.9878407
     ],
     [
      77.7333139,
      12.9878802
     ],
     [
      77.7334369,
      12.9878925
     ],
     [
      77.7335902,
      12.9878866
     ],
     [
      77.7339609,
      12.9878427
     ],
     [
      77.7349683,
      12.9876844
     ],
     [
      77.7352886,
      12.987641
     ],
     [
      77.7355424,
      12.9876152
     ],
     [
      77.7358363,
      12.9875913
     ],
     [
      77.7366575,
      12.9875886
     ],
     [
      77.7370019,
      12.9875915
     ],
     [
      77.7372451,
      12.9875935
     ],
     [
      77.7380977,
      12.9875875
     ],
     [
      77.7388219,
      12.9875932
     ],
     [
      77.7392131,
      12.9875963
     ],
     [
      77.7399579,
      12.9875824
     ]
    ]
   }
  },
  {
   "type": "Feature",
   "properties": {
    "colour": "yellow",
    "duration": "00:40",
    "from": "Delta Electronics Bommasandra",
    "name": "Yellow Line (Delta Electronics Bommasandra → Rashtreeya Vidyalaya Road)",
    "name:kn": "ಹಳಡಿ ಮಾರ್ಗ (ಡೆಲ್ಟಾ ಎಲೆಕ್ಟ್ರಾನಿಕ್ಸ್ ಬೊಮ್ಮಸಂದ್ರ → ರಾಷ್ಟ್ರೀಯ ವಿದ್ಯಾಲಯ ರಸ್ತೆ )",
    "network": "Namma Metro",
    "network:wikidata": "Q279343",
    "opening_hours": "Mo-Sa,PH 06:30-00:00; Su 07:00-00:00",
    "operator": "BMRCL",
    "public_transport:version": "2",
    "ref": "Yellow",
    "route": "subway",
    "start_date": "2025-08-11",
    "to": "Rashtreeya Vidyalaya Road",
    "type": "route",
    "wikidata": "Q39071595",
    "wikipedia": "en:Yellow Line (Namma Metro)",
    "@id": "relation/19421927"
   },
   "geometry": {
    "type": "LineString",
    "coordinates": [
     [
      77.6879957,
      12.8197552
     ],
     [
      77.6877332,
      12.8200439
     ],
     [
      77.6868568,
      12.821048
     ],
     [
      77.6859328,
      12.8220243
     ],
     [
      77.6849106,
      12.8231125
     ],
     [
      77.6844116,
      12.8236438
     ],
     [
      77.6840261,
      12.8240541
     ],
     [
      77.6835611,
      12.8245491
     ],
     [
      77.6831457,
      12.8251124
     ],
     [
      77.6828368,
      12.8257068
     ],
     [
      77.6826745,
      12.8260193
     ],
     [
      77.6820854,
      12.8271471
     ],
     [
      77.681884,
      12.8275758
     ],
     [
      77.6817098,
      12.8279979
     ],
     [
      77.6812303,
      12.8294441
     ],
     [
      77.6812139,
      12.8294934
     ],
     [
      77.6807093,
      12.8310175
     ],
     [
      77.6805328,
      12.8315503
     ],
     [
      77.6802827,
      12.8323931
     ],
     [
      77.6800789,
      12.8332548
     ],
     [
      77.679482,
      12.8349053
     ],
     [
      77.6791482,
      12.8357863
     ],
     [
      77.6787967,
      12.836664
     ],
     [
      77.6783435,
      12.8377346
     ],
     [
      77.6782024,
      12.8379911
     ],
     [
      77.6778392,
      12.8385126
     ],
     [
      77.6771361,
      12.839432
     ],
     [
      77.6765258,
      12.8402301
     ],
     [
      77.6752603,
      12.8418927
     ],
     [
      77.6746219,
      12.8427361
     ],
     [
      77.674288,
      12.8431466
     ],
     [
      77.6739366,
      12.8435452
     ],
     [
      77.6730817,
      12.844466
     ],
     [
      77.6728249,
      12.8447131
     ],
     [
      77.6725413,
      12.8449409
     ],
     [
      77.672041,
      12.8453019
     ],
     [
      77.6718227,
      12.8454945
     ],
     [
      77.6716687,
      12.8456949
     ],
     [
      77.6709184,
      12.8467985
     ],
     [
      77.6708154,
      12.84695
     ],
     [
      77.6704667,
      12.8475327
     ],
     [
      77.6701753,
      12.8480561
     ],
     [
      77.6698355,
      12.8485514
     ],
     [
      77.6684073,
      12.8504165
     ],
     [
      77.6674537,
      12.8516247
     ],
     [
      77.6665551,
      12.8528576
     ],
     [
      77.6650534,
      12.8547847
     ],
     [
      77.6648881,
      12.8549968
     ],
     [
      77.6645395,
      12.8553772
     ],
     [
      77.6641147,
      12.8557842
     ],
     [
      77.6632379,
      12.8567984
     ],
     [
      77.6628116,
      12.8573115
     ],
     [
      77.6623674,
      12.8579357
     ],
     [
      77.6620447,
      12.8584186
     ],
     [
      77.6615529,
      12.8591545
     ],
     [
      77.6605625,
      12.8605064
     ],
     [
      77.6596874,
      12.8616197
     ],
     [
      77.6587084,
      12.8628298
     ],
     [
      77.6578474,
      12.8639084
     ],
     [
      77.6575832,
      12.8642294
     ],
     [
      77.6572789,
      12.8645991
     ],
     [
      77.6532132,
      12.8697173
     ],
     [
      77.6529726,
      12.8700471
     ],
     [
      77.6524723,
      12.8706913
     ],
     [
      77.6521471,
      12.8710849
     ],
     [
      77.6520847,
      12.8711605
     ],
     [
      77.6519746,
      12.8712937
     ],
     [
      77.6517123,
      12.8716244
     ],
     [
      77.6505681,
      12.8730909
     ],
     [
      77.6494942,
      12.8742946
     ],
     [
      77.6474277,
      12.8766157
     ],
     [
      77.6471997,
      12.8769155
     ],
     [
      77.6469235,
      12.8773375
     ],
     [
      77.6463799,
      12.8782654
     ],
     [
      77.6455402,
      12.8796402
     ],
     [
      77.6447743,
      12.8809164
     ],
     [
      77.6446126,
      12.8811794
     ],
     [
      77.6429108,
      12.8839478
     ],
     [
      77.6401371,
      12.8884395
     ],
     [
      77.639431,
      12.8895341
     ],
     [
      77.6389484,
      12.8903178
     ],
     [
      77.6388146,
      12.890535
     ],
     [
      77.6377,
      12.8924065
     ],
     [
      77.6365557,
      12.8942698
     ],
     [
      77.6355004,
      12.8959295
     ],
     [
      77.6346322,
      12.8973794
     ],
     [
      77.6333065,
      12.8995638
     ],
     [
      77.6328347,
      12.9003159
     ],
     [
      77.6316985,
      12.9021241
     ],
     [
      77.6306681,
      12.9038128
     ],
     [
      77.630616,
      12.9038961
     ],
     [
      77.6301981,
      12.9045491
     ],
     [
      77.6301509,
      12.9046229
     ],
     [
      77.6296937,
      12.9053552
     ],
     [
      77.6289851,
      12.9065466
     ],
     [
      77.6269081,
      12.9099145
     ],
     [
      77.6264736,
      12.9106073
     ],
     [
      77.6261256,
      12.9111955
     ],
     [
      77.6257025,
      12.9118988
     ],
     [
      77.6253283,
      12.9125485
     ],
     [
      77.6249185,
      12.913185
     ],
     [
      77.6244868,
      12.9138877
     ],
     [
      77.6240978,
      12.9146132
     ],
     [
      77.6231102,
      12.9163978
     ],
     [
      77.6230538,
      12.9164739
     ],
     [
      77.6229908,
      12.9165466
     ],
     [
      77.6229222,
      12.9166143
     ],
     [
      77.6228485,
      12.9166767
     ],
     [
      77.6227701,
      12.9167333
     ],
     [
      77.6226874,
      12.916784
     ],
     [
      77.6226011,
      12.9168283
     ],
     [
      77.6225115,
      12.916866
     ],
     [
      77.6224164,
      12.9168977
     ],
     [
      77.6223191,
      12.916922
     ],
     [
      77.6222201,
      12.9169387
     ],
     [
      77.6221201,
      12.9169477
     ],
     [
      77.6220196,
      12.916949
     ],
     [
      77.6219194,
      12.9169426
     ],
     [
      77.62182,
      12.9169284
     ],
     [
      77.6217221,
      12.9169067
     ],
     [
      77.6216236,
      12.9168814
     ],
     [
      77.620117,
      12.9164026
     ],
     [
      77.6195373,
      12.9162369
     ],
     [
      77.6193244,
      12.9161987
     ],
     [
      77.6192082,
      12.9161941
     ],
     [
      77.6190773,
      12.9161981
     ],
     [
      77.6189485,
      12.916209
     ],
     [
      77.618735,
      12.9162277
     ],
     [
      77.6183923,
      12.916248
     ],
     [
      77.6175719,
      12.9162409
     ],
     [
      77.6171062,
      12.9162109
     ],
     [
      77.6166736,
      12.9162002
     ],
     [
      77.6155447,
      12.9163316
     ],
     [
      77.6154675,
      12.916339
     ],
     [
      77.6150454,
      12.9163797
     ],
     [
      77.6141904,
      12.9164355
     ],
     [
      77.6139494,
      12.9164399
     ],
     [
      77.6118316,
      12.9164998
     ],
     [
      77.610688,
      12.9164974
     ],
     [
      77.6087608,
      12.9165442
     ],
     [
      77.6076327,
      12.916573
     ],
     [
      77.6068897,
      12.9165951
     ],
     [
      77.6046167,
      12.9166612
     ],
     [
      77.6018911,
      12.9166905
     ],
     [
      77.5997303,
      12.9167282
     ],
     [
      77.5986723,
      12.9167466
     ],
     [
      77.5976375,
      12.9167755
     ],
     [
      77.5964828,
      12.9167928
     ],
     [
      77.5950584,
      12.9168276
     ],
     [
      77.5940267,
      12.9168521
     ],
     [
      77.5909445,
      12.9168999
     ],
     [
      77.5903436,
      12.9169105
     ],
     [
      77.5900333,
      12.9169255
     ],
     [
      77.5896691,
      12.9169989
     ],
     [
      77.589378,
      12.9170385
     ],
     [
      77.5890486,
      12.9170478
     ],
     [
      77.5877835,
      12.9170748
     ],
     [
      77.5876763,
      12.9170767
     ],
     [
      77.5874615,
      12.9170788
     ],
     [
      77.5873082,
      12.9170733
     ],
     [
      77.5871789,
      12.9170588
     ],
     [
      77.5869901,
      12.9170319
     ],
     [
      77.5867445,
      12.9169923
     ],
     [
      77.5851693,
      12.917016
     ],
     [
      77.5836145,
      12.9170513
     ],
     [
      77.5815305,
      12.9171024
     ],
     [
      77.5813655,
      12.9171086
     ],
     [
      77.5812146,
      12.9171225
     ],
     [
      77.5811085,
      12.9171416
     ],
     [
      77.5810083,
      12.9171681
     ],
     [
      77.5808986,
      12.9172066
     ],
     [
      77.5807829,
      12.9172615
     ],
     [
      77.5806987,
      12.9173153
     ],
     [
      77.5806045,
      12.917384
     ],
     [
      77.5805195,
      12.9174677
     ],
     [
      77.5804496,
      12.9175375
     ],
     [
      77.5803809,
      12.9176266
     ],
     [
      77.5803281,
      12.9177207
     ],
     [
      77.5802843,
      12.9178131
     ],
     [
      77.5802471,
      12.917901
     ],
     [
      77.5802166,
      12.9179984
     ],
     [
      77.5801943,
      12.9180984
     ],
     [
      77.58018,
      12.9181839
     ],
     [
      77.5801706,
      12.9182694
     ],
     [
      77.5801516,
      12.9191167
     ],
     [
      77.5801489,
      12.9193001
     ],
     [
      77.5801412,
      12.9194397
     ],
     [
      77.5801271,
      12.9195898
     ],
     [
      77.5800967,
      12.919844
     ],
     [
      77.5800846,
      12.9199933
     ],
     [
      77.5800746,
      12.9201505
     ],
     [
      77.580062,
      12.9203324
     ],
     [
      77.5800587,
      12.9205077
     ],
     [
      77.5800583,
      12.9207953
     ],
     [
      77.5800478,
      12.92186
     ]
    ]
   }
  },
  {
   "type": "Feature",
   "properties": {
    "colour": "yellow",
    "duration": "00:40",
    "from": "Rashtreeya Vidyalaya Road",
    "name": "Yellow Line (Rashtreeya Vidyalaya Road → Delta Electronics Bommasandra)",
    "name:kn": "ಹಳಡಿ ಮಾರ್ಗ (ರಾಷ್ಟ್ರೀಯ ವಿದ್ಯಾಲಯ ರಸ್ತೆ → ಡೆಲ್ಟಾ ಎಲೆಕ್ಟ್ರಾನಿಕ್ಸ್ ಬೊಮ್ಮಸಂದ್ರ)",
    "network": "Namma Metro",
    "network:wikidata": "Q279343",
    "opening_hours": "Mo-Sa,PH 06:30-00:00; Su 07:00-00:00",
    "operator": "BMRCL",
    "public_transport:version": "2",
    "ref": "Yellow",
    "route": "subway",
    "start_date": "2025-08-10",
    "to": "Delta Electronics Bommasandra",
    "type": "route",
    "wikidata": "Q39071595",
    "wikipedia": "en:Yellow Line (Namma Metro)",
    "@id": "relation/19421944"
   },
   "geometry": {
    "type": "LineString",
    "coordinates": [
     [
      77.5800946,
      12.9209601
     ],
     [
      77.5800962,
      12.9208053
     ],
     [
      77.5800985,
      12.9205099
     ],
     [
      77.5801099,
      12.9202277
     ],
     [
      77.5801213,
      12.9200705
     ],
     [
      77.580133,
      12.919924
     ],
     [
      77.5801614,
      12.9196788
     ],
     [
      77.5801776,
      12.9195208
     ],
     [
      77.5801927,
      12.9193166
     ],
     [
      77.5801964,
      12.9191248
     ],
     [
      77.5802085,
      12.9184202
     ],
     [
      77.5802126,
      12.9183003
     ],
     [
      77.5802183,
      12.9182041
     ],
     [
      77.58023,
      12.9181286
     ],
     [
      77.5802494,
      12.918032
     ],
     [
      77.5802699,
      12.917949
     ],
     [
      77.5803055,
      12.9178592
     ],
     [
      77.5803353,
      12.917788
     ],
     [
      77.5803737,
      12.917715
     ],
     [
      77.5804298,
      12.9176344
     ],
     [
      77.5805043,
      12.917548
     ],
     [
      77.5806018,
      12.9174512
     ],
     [
      77.5806689,
      12.9173926
     ],
     [
      77.5807789,
      12.9173151
     ],
     [
      77.5808743,
      12.9172663
     ],
     [
      77.5809933,
      12.9172195
     ],
     [
      77.5811054,
      12.9171858
     ],
     [
      77.5812289,
      12.9171603
     ],
     [
      77.5813427,
      12.9171458
     ],
     [
      77.581475,
      12.9171421
     ],
     [
      77.5836204,
      12.9170875
     ],
     [
      77.5848673,
      12.9170598
     ],
     [
      77.5867112,
      12.9170188
     ],
     [
      77.5869875,
      12.9170696
     ],
     [
      77.5871838,
      12.9170988
     ],
     [
      77.5873096,
      12.9171097
     ],
     [
      77.5874966,
      12.9171157
     ],
     [
      77.5876916,
      12.9171111
     ],
     [
      77.588698,
      12.9170892
     ],
     [
      77.5890492,
      12.9170815
     ],
     [
      77.5893702,
      12.9170741
     ],
     [
      77.5895863,
      12.9170472
     ],
     [
      77.5900464,
      12.9169568
     ],
     [
      77.5903422,
      12.9169431
     ],
     [
      77.5909409,
      12.9169317
     ],
     [
      77.5940177,
      12.9168789
     ],
     [
      77.5950593,
      12.9168585
     ],
     [
      77.5964892,
      12.9168259
     ],
     [
      77.5976424,
      12.9168215
     ],
     [
      77.5986695,
      12.9167995
     ],
     [
      77.6004425,
      12.9167643
     ],
     [
      77.6018923,
      12.9167356
     ],
     [
      77.6046249,
      12.916703
     ],
     [
      77.6068967,
      12.9166312
     ],
     [
      77.6086222,
      12.916598
     ],
     [
      77.6087629,
      12.9165953
     ],
     [
      77.6106888,
      12.9165433
     ],
     [
      77.6118316,
      12.9165458
     ],
     [
      77.6139503,
      12.9164858
     ],
     [
      77.6141978,
      12.9164736
     ],
     [
      77.6150608,
      12.9164126
     ],
     [
      77.6155506,
      12.9163773
     ],
     [
      77.6158597,
      12.9163397
     ],
     [
      77.6160859,
      12.9163122
     ],
     [
      77.6166352,
      12.9162589
     ],
     [
      77.617105,
      12.9162568
     ],
     [
      77.6175656,
      12.9162819
     ],
     [
      77.6183948,
      12.9162883
     ],
     [
      77.6187381,
      12.9162681
     ],
     [
      77.6189522,
      12.9162493
     ],
     [
      77.6190798,
      12.9162385
     ],
     [
      77.619208,
      12.9162346
     ],
     [
      77.6193198,
      12.916239
     ],
     [
      77.6195277,
      12.9162762
     ],
     [
      77.6201047,
      12.9164413
     ],
     [
      77.6210257,
      12.9167339
     ],
     [
      77.6216107,
      12.9169198
     ],
     [
      77.6217101,
      12.9169501
     ],
     [
      77.6218115,
      12.9169726
     ],
     [
      77.6219146,
      12.9169873
     ],
     [
      77.6220184,
      12.9169939
     ],
     [
      77.6221225,
      12.9169926
     ],
     [
      77.6222262,
      12.9169832
     ],
     [
      77.6223287,
      12.9169659
     ],
     [
      77.6224296,
      12.9169408
     ],
     [
      77.6225281,
      12.9169079
     ],
     [
      77.6226209,
      12.9168688
     ],
     [
      77.6227105,
      12.9168229
     ],
     [
      77.6227961,
      12.9167704
     ],
     [
      77.6228774,
      12.9167117
     ],
     [
      77.6229537,
      12.9166471
     ],
     [
      77.6230248,
      12.9165769
     ],
     [
      77.6230901,
      12.9165016
     ],
     [
      77.6231493,
      12.9164217
     ],
     [
      77.6241354,
      12.9146328
     ],
     [
      77.6245169,
      12.913904
     ],
     [
      77.6249592,
      12.9132082
     ],
     [
      77.6253591,
      12.912572
     ],
     [
      77.6257373,
      12.9119217
     ],
     [
      77.6265042,
      12.9106217
     ],
     [
      77.6267043,
      12.910304
     ],
     [
      77.6269336,
      12.9099406
     ],
     [
      77.6290141,
      12.9065644
     ],
     [
      77.6301871,
      12.9046464
     ],
     [
      77.630451,
      12.9042313
     ],
     [
      77.6307047,
      12.9038321
     ],
     [
      77.6322415,
      12.9013317
     ],
     [
      77.6328666,
      12.9003404
     ],
     [
      77.6342124,
      12.89815
     ],
     [
      77.6355179,
      12.8959546
     ],
     [
      77.636604,
      12.8942937
     ],
     [
      77.6377442,
      12.8924261
     ],
     [
      77.6388638,
      12.8905484
     ],
     [
      77.63947,
      12.8895614
     ],
     [
      77.6401861,
      12.8884423
     ],
     [
      77.6429396,
      12.8839707
     ],
     [
      77.6448028,
      12.8809349
     ],
     [
      77.6451067,
      12.8804315
     ],
     [
      77.6455692,
      12.8796651
     ],
     [
      77.6464115,
      12.8782921
     ],
     [
      77.6469479,
      12.8773573
     ],
     [
      77.6472322,
      12.8769402
     ],
     [
      77.6474603,
      12.8766448
     ],
     [
      77.6495352,
      12.8743339
     ],
     [
      77.6506094,
      12.8731271
     ],
     [
      77.6517427,
      12.8716458
     ],
     [
      77.6520095,
      12.8713203
     ],
     [
      77.6524979,
      12.8707184
     ],
     [
      77.6527461,
      12.8703997
     ],
     [
      77.6529909,
      12.8700725
     ],
     [
      77.6532427,
      12.8697507
     ],
     [
      77.6573064,
      12.8646247
     ],
     [
      77.6578927,
      12.8639524
     ],
     [
      77.6581956,
      12.8635659
     ],
     [
      77.6587439,
      12.8628664
     ],
     [
      77.6597196,
      12.8616576
     ],
     [
      77.6605906,
      12.8605345
     ],
     [
      77.661577,
      12.859178
     ],
     [
      77.6618458,
      12.858781
     ],
     [
      77.6624071,
      12.857952
     ],
     [
      77.6628562,
      12.8573291
     ],
     [
      77.6636413,
      12.8563854
     ],
     [
      77.6637352,
      12.8562795
     ],
     [
      77.6641411,
      12.855822
     ],
     [
      77.6645744,
      12.8554046
     ],
     [
      77.6649217,
      12.8550284
     ],
     [
      77.6653963,
      12.8544176
     ],
     [
      77.6665847,
      12.8528881
     ],
     [
      77.6674859,
      12.8516495
     ],
     [
      77.6684448,
      12.8504417
     ],
     [
      77.6698688,
      12.8485803
     ],
     [
      77.6702175,
      12.8480691
     ],
     [
      77.6704948,
      12.8475484
     ],
     [
      77.670854,
      12.8469771
     ],
     [
      77.6714519,
      12.8460892
     ],
     [
      77.6717026,
      12.8457169
     ],
     [
      77.671849,
      12.8455327
     ],
     [
      77.6720701,
      12.8453354
     ],
     [
      77.6721317,
      12.8452759
     ],
     [
      77.6725738,
      12.8449742
     ],
     [
      77.6728503,
      12.8447418
     ],
     [
      77.6731078,
      12.844499
     ],
     [
      77.6739674,
      12.843568
     ],
     [
      77.6743202,
      12.8431715
     ],
     [
      77.6746434,
      12.8427557
     ],
     [
      77.6752911,
      12.8419228
     ],
     [
      77.6765625,
      12.8402546
     ],
     [
      77.6777338,
      12.8387166
     ],
     [
      77.677866,
      12.838543
     ],
     [
      77.6782255,
      12.8380226
     ],
     [
      77.6783743,
      12.8377568
     ],
     [
      77.6788209,
      12.8366916
     ],
     [
      77.6791763,
      12.8358138
     ],
     [
      77.6795116,
      12.834921
     ],
     [
      77.6801097,
      12.8332718
     ],
     [
      77.6803109,
      12.8324114
     ],
     [
      77.680563,
      12.8315657
     ],
     [
      77.68074,
      12.8310191
     ],
     [
      77.6812499,
      12.8295021
     ],
     [
      77.6815497,
      12.8285866
     ],
     [
      77.6817429,
      12.8279964
     ],
     [
      77.6819175,
      12.8275863
     ],
     [
      77.6821039,
      12.8271734
     ],
     [
      77.6826964,
      12.8260415
     ],
     [
      77.6831752,
      12.8251262
     ],
     [
      77.683595,
      12.8245626
     ],
     [
      77.6851445,
      12.8229141
     ],
     [
      77.6859542,
      12.8220526
     ],
     [
      77.6868743,
      12.8210794
     ],
     [
      77.6877575,
      12.820076
     ],
     [
      77.6883479,
      12.8194273
     ],
     [
      77.688657,
      12.8190878
     ]
    ]
   }
  },
  {
   "type": "Feature",
   "properties": {
    "alt_name": "BIEC",
    "code": "BIET",
    "name": "Madavara",
    "name:kn": "ಮದವರ",
    "network": "Namma Metro",
    "network:wikidata": "Q279343",
    "note": "Contributors are requested to not edit the \"network\" and the \"operator\" tags. (2023/11/08)",
    "operator": "Bangalore Metro Rail Corporation Limited",
    "public_transport": "station",
    "public_transport:version": "2",
    "railway": "station",
    "shelter": "yes",
    "start_date": "2024-11-07",
    "station": "subway",
    "subway": "yes",
    "website": "https://english.brmc.co.in",
    "wheelchair": "yes",
    "wikidata": "Q122143705",
    "wikipedia": "en:Madavara metro station",
    "@id": "node/1576973953",
    "@relations": [
     {
      "rel": "Green",
      "reltags": {
       "colour": "#009933",
       "ref": "Green",
       "network": "Namma Metro"
      },
      "role": ""
     }
    ]
   },
   "geometry": {
    "type": "Point",
    "coordinates": [
     77.4728055,
     13.0574214
    ]
   }
  },
  {
   "type": "Feature",
   "properties": {
    "code": "JIDL",
    "name": "Chikkabidarakallu",
    "name:kn": "ಚಿಕ್ಕಬಿದರಕಲ್ಲು",
    "network": "Namma Metro",
    "network:wikidata": "Q279343",
    "note": "Contributors are requested to not edit the \"network\" and the \"operator\" tags. (2023/11/08)",
    "operator": "Bangalore Metro Rail Corporation Limited",
    "public_transport": "station",
    "public_transport:version": "2",
    "railway": "station",
    "shelter": "yes",
    "start_date": "2024-11-07",
    "station": "subway",
    "subway": "yes",
    "website": "https://english.brmc.co.in",
    "wheelchair": "yes",
    "wikidata": "Q122143708",
    "wikipedia": "en:Chikkabidarakallu metro station",
    "@id": "node/1576973954",
    "@relations": [
     {
      "rel": "Green",
      "reltags": {
       "colour": "#009933",
       "ref": "Green",
       "network": "Namma Metro"
      },
      "role": ""
     }
    ]
   },
   "geometry": {
    "type": "Point",
    "coordinates": [
     77.4879154,
     13.0523616
    ]
   }
  },
  {
   "type": "Feature",
   "properties": {
    "code": "MNJN",
    "name": "Manjunathanagara",
    "name:kn": "ಮಂಜುನಾಥನಗರ",
    "network": "Namma Metro",
    "network:wikidata": "Q279343",
    "note": "Contributors are requested to not edit the \"network\" and the \"operator\" tags. (2023/11/08)",
    "old_name": "Jindal",
    "operator": "Bangalore Metro Rail Corporation Limited",
    "public_transport": "station",
    "public_transport:version": "2",
    "railway": "station",
    "shelter": "yes",
    "start_date": "2024-11-07",
    "station": "subway",
    "subway": "yes",
    "website": "https://english.brmc.co.in",
    "wheelchair": "yes",
    "wikidata": "Q122143726",
    "wikipedia": "en:Manjunathanagara metro station",
    "@id": "node/1576973980",
    "@relations": [
     {
      "rel": "Green",
      "reltags": {
       "colour": "#009933",
       "ref": "Green",
       "network": "Namma Metro"
      },
      "role": ""
     }
    ]
   },
   "geometry": {
    "type": "Point",
    "coordinates": [
     77.4944461,
     13.0500898
    ]
   }
  },
  {
   "type": "Feature",
   "properties": {
    "code": "JDHP",
    "layer": "1",
    "lit": "yes",
    "name": "Jayadeva Hospital",
    "name:en": "Jayadeva Hospital",
    "name:kn": "ಜಯದೇವ ಆಸ್ಪತ್ರೆ",
    "network": "Namma Metro",
    "note": "Contributors are requested to not edit the \"network\" and the \"operator\" tags. (2023/11/08)",
    "operator": "Bangalore Metro Rail Corporation Limited",
    "platforms": "2",
    "public_transport": "station",
    "public_transport:version": "2",
    "railway": "station",
    "shelter": "yes",
    "start_date": "2025-08-10",
    "station": "subway",
    "subway": "yes",
    "website": "https://english.brmc.co.in",
    "wheelchair": "yes",
    "@id": "node/3302642058",
    "@relations": [
     {
      "rel": "Yellow",
      "reltags": {
       "colour": "yellow",
       "ref": "Yellow",
       "network": "Namma Metro"
      },
      "role": ""
     }
    ]
   },
   "geometry": {
    "type": "Point",
    "coordinates": [
     77.5999663,
     12.916731
    ]
   }
  },
  {
   "type": "Feature",
   "properties": {
    "alt_name": "Kadugodi",
    "code": "WHTM",
    "colour": "#e542de",
    "name": "Whitefield (Kadugodi)",
    "name:kn": "ವೈಟ್‌ಫೀಲ್ಡ್ (ಕಾಡುಗೋಡಿ)",
    "network": "Namma Metro",
    "note": "Contributors are requested to not edit the \"network\" and the \"operator\" tags. (2023/11/08)",
    "old_name": "Whitefield",
    "operator": "Bangalore Metro Rail Corporation Limited",
    "public_transport": "station",
    "railway": "station",
    "station": "subway",
    "subway": "yes",
    "wheelchair": "yes",
    "wikidata": "Q112683422",
    "wikipedia": "en:Whitefield (Kadugodi) metro station",
    "@id": "node/5760197744",
    "@relations": [
     {
      "rel": "Purple",
      "reltags": {
       "colour": "#e542de",
       "ref": "Purple",
       "network": "Namma Metro"
      },
      "role": ""
     }
    ]
   },
   "geometry": {
    "type": "Point",
    "coordinates": [
     77.7579489,
     12.9957428
    ]
   }
  },
  {
   "type": "Feature",
   "properties": {
    "alt_name": "Hope Farm",
    "code": "UWVL",
    "colour": "#e542de",
    "name": "Hopefarm Channasandra",
    "name:kn": "ಹೋಪ್ ಫಾರ್ಮ್ ಚನ್ನಸಂದ್ರ",
    "name:ta": "ஹோப்ஃபார்ம் சன்னசந்த்ரா",
    "network": "Namma Metro",
    "note": "Contributors are requested to not edit the \"network\" and the \"operator\" tags. (2023/11/08)",
    "old_name": "Channasandra",
    "operator": "Bangalore Metro Rail Corporation Limited",
    "public_transport": "station",
    "railway": "station",
    "station": "subway",
    "subway": "yes",
    "wheelchair": "yes",
    "wikipedia": "en:Channasandra metro station",
    "@id": "node/5760197745",
    "@relations": [
     {
      "rel": "Purple",
      "reltags": {
       "colour": "#e542de",
       "ref": "Purple",
       "network": "Namma Metro"
      },
      "role": ""
     }
    ]
   },
   "geometry": {
    "type": "Point",
    "coordinates": [
     77.7538033,
     12.9873426
    ]
   }
  },
  {
   "type": "Feature",
   "properties": {
    "alt_name": "ITPL Main Gate",
    "code": "ITPL",
    "colour": "#e542de",
    "name": "Pattandur Agrahara",
    "name:kn": "ಪಟ್ಟಂದೂರು ಅಗ್ರಹಾರ",
    "name:ta": "பட்டந்தூர் அக்ரஹாரா",
    "network": "Namma Metro",
    "note": "Contributors are requested to not edit the \"network\" and the \"operator\" tags. (2023/11/08)",
    "operator": "Bangalore Metro Rail Corporation Limited",
    "public_transport": "station",
    "railway": "station",
    "station": "subway",
    "subway": "yes",
    "wheelchair": "yes",
    "wikipedia": "en:Pattandur Agrahara metro station",
    "@id": "node/5760197749",
    "@relations": [
     {
      "rel": "Purple",
      "reltags": {
       "colour": "#e542de",
       "ref": "Purple",
       "network": "Namma Metro"
      },
      "role": ""
     }
    ]
   },
   "geometry": {
    "type": "Point",
    "coordinates": [
     77.7377718,
     12.9876393
    ]
   }
  },
  {
   "type": "Feature",
   "properties": {
    "alt_name": "Satya Sai Hospital",
    "code": "SSHP",
    "colour": "#e542de",
    "name": "Sri Sathya Sai Hospital",
    "name:kn": "ಶ್ರೀ ಸತ್ಯ ಸಾಯಿ ಆಸ್ಪತ್ರೆ",
    "name:ta": "ஸ்ரீ சத்ய சாய் மருத்துவமனை",
    "network": "Namma Metro",
    "note": "Contributors are requested to not edit the \"network\" and the \"operator\" tags. (2023/11/08)",
    "operator": "Bangalore Metro Rail Corporation Limited",
    "public_transport": "station",
    "railway": "station",
    "station": "subway",
    "subway": "yes",
    "wheelchair": "yes",
    "wikipedia": "en:Sri Sathya Sai Hospital metro station",
    "@id": "node/5760197751",
    "@relations": [
     {
      "rel": "Purple",
      "reltags": {
       "colour": "#e542de",
       "ref": "Purple",
       "network": "Namma Metro"
      },
      "role": ""
     }
    ]
   },
   "geometry": {
    "type": "Point",
    "coordinates": [
     77.7275361,
     12.9811949
    ]
   }
  },
  {
   "type": "Feature",
   "properties": {
    "alt_name": "Nallurhalli",
    "code": "VDHP",
    "colour": "#e542de",
    "name": "Nallurahalli",
    "name:kn": "ನಲ್ಲೂರಹಳ್ಳಿ",
    "name:ta": "நல்லூரஹள்ளி",
    "network": "Namma Metro",
    "note": "Contributors are requested to not edit the \"network\" and the \"operator\" tags. (2023/11/08)",
    "operator": "Bangalore Metro Rail Corporation Limited",
    "public_transport": "station",
    "railway": "station",
    "station": "subway",
    "subway": "yes",
    "wheelchair": "yes",
    "wikipedia": "en:Nallurhalli metro station",
    "@id": "node/5760197754",
    "@relations": [
     {
      "rel": "Purple",
      "reltags": {
       "colour": "#e542de",
       "ref": "Purple",
       "network": "Namma Metro"
      },
      "role": ""
     }
    ]
   },
   "geometry": {
    "type": "Point",
    "coordinates": [
     77.7248845,
     12.9766408
    ]
   }
  },
  {
   "type": "Feature",
   "properties": {
    "code": "KDNH",
    "colour": "#e542de",
    "name": "Kundalahalli",
    "name:kn": "ಕುಂದಲಹಳ್ಳಿ",
    "name:ta": "குன்டலஹள்ளி",
    "network": "Namma Metro",
    "note": "Contributors are requested to not edit the \"network\" and the \"operator\" tags. (2023/11/08)",
    "operator": "Bangalore Metro Rail Corporation Limited",
    "public_transport": "station",
    "railway": "station",
    "station": "subway",
    "subway": "yes",
    "wheelchair": "yes",
    "wikipedia": "en:Kundalahalli metro station",
    "@id": "node/5760197755",
    "@relations": [
     {
      "rel": "Purple",
      "reltags": {
       "colour": "#e542de",
       "ref": "Purple",
       "network": "Namma Metro"
      },
      "role": ""
     }
    ]
   },
   "geometry": {
    "type": "Point",
    "coordinates": [
     77.7155586,
     12.977594
    ]
   }
  },
  {
   "type": "Feature",
   "properties": {
    "alt_name": "Sitaramapalya",
    "code": "VWIA",
    "name": "Seetharampalya",
    "name:kn": "ಸೀತಾರಾಮ ಪಾಳ್ಯ",
    "name:ta": "சீத்தாராம்பாள்யா",
    "network": "Namma Metro",
    "note": "Contributors are requested to not edit the \"network\" and the \"operator\" tags. (2023/11/08)",
    "operator": "Bangalore Metro Rail Corporation Limited",
    "public_transport": "station",
    "railway": "station",
    "station": "subway",
    "subway": "yes",
    "wheelchair": "yes",
    "wikipedia": "en:Sitharama Palya metro station",
    "@id": "node/5760197757",
    "@relations": [
     {
      "rel": "Purple",
      "reltags": {
       "colour": "#e542de",
       "ref": "Purple",
       "network": "Namma Metro"
      },
      "role": ""
     }
    ]
   },
   "geometry": {
    "type": "Point",
    "coordinates": [
     77.7087854,
     12.9808558
    ]
   }
  },
  {
   "type": "Feature",
   "properties": {
    "code": "DKIA",
    "colour": "#e542de",
    "name": "Hoodi",
    "name:kn": "ಹೂಡಿ",
    "name:ta": "ஹூடி",
    "network": "Namma Metro",
    "note": "Contributors are requested to not edit the \"network\" and the \"operator\" tags. (2023/11/08)",
    "old_name": "Hoodi Junction",
    "operator": "Bangalore Metro Rail Corporation Limited",
    "public_transport": "station",
    "railway": "station",
    "station": "subway",
    "subway": "yes",
    "wheelchair": "yes",
    "wikipedia": "en:Hoodi Junction metro station",
    "@id": "node/5760197761",
    "@relations": [
     {
      "rel": "Purple",
      "reltags": {
       "colour": "#e542de",
       "ref": "Purple",
       "network": "Namma Metro"
      },
      "role": ""
     }
    ]
   },
   "geometry": {
    "type": "Point",
    "coordinates": [
     77.711326,
     12.9888029
    ]
   }
  },
  {
   "type": "Feature",
   "properties": {
    "alt_name": "ಗರುಡಾಚಾರ್ ಪಾಳ್ಯ",
    "code": "GDCP",
    "colour": "#e542de",
    "name": "Garudacharpalya",
    "name:kn": "ಗರುಡಾಚಾರ್ ಪಾಳ್ಯ",
    "name:ml": "ഗരുഡാചാര് പാല്യ",
    "name:ta": "கருடசார்பால்யா",
    "network": "Namma Metro",
    "note": "Contributors are requested to not edit the \"network\" and the \"operator\" tags. (2023/11/08)",
    "operator": "Bangalore Metro Rail Corporation Limited",
    "public_transport": "station",
    "railway": "station",
    "station": "subway",
    "subway": "yes",
    "wheelchair": "yes",
    "wikipedia": "en:Garudacharapalya metro station",
    "@id": "node/5760197762",
    "@relations": [
     {
      "rel": "Purple",
      "reltags": {
       "colour": "#e542de",
       "ref": "Purple",
       "network": "Namma Metro"
      },
      "role": ""
     }
    ]
   },
   "geometry": {
    "type": "Point",
    "coordinates": [
     77.7036768,
     12.9934505
    ]
   }
  },
  {
   "type": "Feature",
   "properties": {
    "alt_name": "Mahadevapura",
    "code": "MDVP",
    "colour": "#e542de",
    "name": "Singayyanapalya",
    "name:kn": "ಸಿಂಗಯ್ಯನಪಾಳ್ಯ",
    "name:ml": "സിംഗയ്യനപാളയ",
    "network": "Namma Metro",
    "note": "Contributors are requested to not edit the \"network\" and the \"operator\" tags. (2023/11/08)",
    "old_name": "Mahadevapura",
    "operator": "Bangalore Metro Rail Corporation Limited",
    "public_transport": "station",
    "railway": "station",
    "station": "subway",
    "subway": "yes",
    "wheelchair": "yes",
    "wikidata": "Q112683430",
    "wikipedia": "en:Singayyanapalya metro station",
    "@id": "node/5760197764",
    "@relations": [
     {
      "rel": "Purple",
      "reltags": {
       "colour": "#e542de",
       "ref": "Purple",
       "network": "Namma Metro"
      },
      "role": ""
     }
    ]
   },
   "geometry": {
    "type": "Point",
    "coordinates": [
     77.6927176,
     12.9965445
    ]
   }
  },
  {
   "type": "Feature",
   "properties": {
    "alt_name": "Krishnarajapuram",
    "code": "KRAM",
    "colour": "#e542de",
    "name": "Krishnarajapura",
    "name:kn": "ಕೃಷ್ಣರಾಜಪುರ (ಕೆ.ಆರ್.ಪುರ)",
    "name:ml": "കൃഷ്ണരാജപുരം",
    "name:ta": "கிருஷ்ணராஜபுரா",
    "network": "Namma Metro",
    "note": "Contributors are requested to not edit the \"network\" and the \"operator\" tags. (2023/11/08)",
    "old_name": "K R Pura",
    "opening_hours": "Mo-Su 05:00-23:00",
    "operator": "Bangalore Metro Rail Corporation Limited",
    "public_transport": "station",
    "railway": "station",
    "short_name": "K.R. Pura",
    "station": "subway",
    "subway": "yes",
    "website": "https://english.bmrc.co.in/",
    "wheelchair": "yes",
    "wikidata": "Q112683488",
    "wikipedia": "en:Krishnarajapura metro station",
    "@id": "node/5760197765",
    "@relations": [
     {
      "rel": "Purple",
      "reltags": {
       "colour": "#e542de",
       "ref": "Purple",
       "network": "Namma Metro"
      },
      "role": ""
     }
    ]
   },
   "geometry": {
    "type": "Point",
    "coordinates": [
     77.6776703,
     12.9999024
    ]
   }
  },
  {
   "type": "Feature",
   "properties": {
    "alt_name": "Tin Factory",
    "alt_name:kn": "ಟಿನ್ ಫ್ಯಾಕ್ಟರಿ",
    "code": "JTPM",
    "name": "Benniganahalli",
    "name:kn": "ಬೆನ್ನಿಗಾನಹಳ್ಳಿ",
    "name:ml": "ബെന്നിഗാനഹള്ളി",
    "name:ta": "பென்னிங்கனஹள்ளி",
    "network": "Namma Metro",
    "note": "Contributors are requested to not edit the \"network\" and the \"operator\" tags. (2023/11/08)",
    "operator": "Bangalore Metro Rail Corporation Limited",
    "public_transport": "station",
    "railway": "station",
    "start_date": "09/10/2023",
    "station": "subway",
    "subway": "yes",
    "@id": "node/5760197766",
    "@relations": [
     {
      "rel": "Purple",
      "reltags": {
       "colour": "#e542de",
       "ref": "Purple",
       "network": "Namma Metro"
      },
      "role": ""
     }
    ]
   },
   "geometry": {
    "type": "Point",
    "coordinates": [
     77.6684619,
     12.9965158
    ]
   }
  },
  {
   "type": "Feature",
   "properties": {
    "code": "BMSD",
    "layer": "1",
    "lit": "yes",
    "name": "Delta Electronics Bommasandra",
    "name:en": "Delta Electronics Bommasandra",
    "name:kn": "ಡೆಲ್ಟಾ ಎಲೆಕ್ಟ್ರಾನಿಕ್ಸ್ ಬೊಮ್ಮಸಂದ್ರ",
    "network": "Namma Metro",
    "note": "Contributors are requested to not edit the \"network\" and the \"operator\" tags. (2023/11/08)",
    "operator": "Bangalore Metro Rail Corporation Limited",
    "platforms": "2",
    "public_transport": "station",
    "public_transport:version": "2",
    "railway": "station",
    "ref": "BMSD",
    "shelter": "yes",
    "start_date": "2025-08-10",
    "station": "subway",
    "subway": "yes",
    "website": "https://english.brmc.co.in",
    "wheelchair": "yes",
    "@id": "node/5760197806",
    "@relations": [
     {
      "rel": "Yellow",
      "reltags": {
       "colour": "yellow",
       "ref": "Yellow",
       "network": "Namma Metro"
      },
      "role": ""
     }
    ]
   },
   "geometry": {
    "type": "Point",
    "coordinates": [
     77.6883453,
     12.8193944
    ]
   }
  },
  {
   "type": "Feature",
   "properties": {
    "alt_name": "Veerasandra",
    "alt_name:kn": "ವೀರಸಂದ್ರ",
    "code": "HSKR",
    "layer": "1",
    "lit": "yes",
    "name": "Huskur Road",
    "name:en": "Huskur Road",
    "name:kn": "ಹುಸ್ಕೂರು ರಸ್ತೆ",
    "network": "Namma Metro",
    "note": "Contributors are requested to not edit the \"network\" and the \"operator\" tags. (2023/11/08)",
    "operator": "Bangalore Metro Rail Corporation Limited",
    "platforms": "2",
    "public_transport": "station",
    "public_transport:version": "2",
    "railway": "station",
    "shelter": "yes",
    "start_date": "2025-08-10",
    "station": "subway",
    "subway": "yes",
    "website": "https://english.brmc.co.in",
    "wheelchair": "yes",
    "@id": "node/5760198122",
    "@relations": [
     {
      "rel": "Yellow",
      "reltags": {
       "colour": "yellow",
       "ref": "Yellow",
       "network": "Namma Metro"
      },
      "role": ""
     }
    ]
   },
   "geometry": {
    "type": "Point",
    "coordinates": [
     77.6773716,
     12.8391572
    ]
   }
  },
  {
   "type": "Feature",
   "properties": {
    "code": "ECTN",
    "layer": "1",
    "lit": "yes",
    "name": "Infosys Foundation Konappana Agrahara",
    "name:en": "Infosys Foundation Konappana Agrahara",
    "name:kn": "ಇನ್ಫೋಸಿಸ್ ಫೌಂಡೇಶನ್ ಕೊನಪ್ಪನ ಅಗ್ರಹಾರ",
    "network": "Namma Metro",
    "note": "Contributors are requested to not edit the \"network\" and the \"operator\" tags. (2023/11/08)",
    "operator": "Bangalore Metro Rail Corporation Limited",
    "platforms": "2",
    "public_transport": "station",
    "public_transport:version": "2",
    "railway": "station",
    "shelter": "yes",
    "start_date": "2025-08-10",
    "station": "subway",
    "subway": "yes",
    "website": "https://english.brmc.co.in",
    "wheelchair": "yes",
    "@id": "node/5760198133",
    "@relations": [
     {
      "rel": "Yellow",
      "reltags": {
       "colour": "yellow",
       "ref": "Yellow",
       "network": "Namma Metro"
      },
      "role": ""
     }
    ]
   },
   "geometry": {
    "type": "Point",
    "coordinates": [
     77.6711655,
     12.8464134
    ]
   }
  },
  {
   "type": "Feature",
   "properties": {
    "code": "ETCT",
    "layer": "1",
    "lit": "yes",
    "name": "Electronic City",
    "name:en": "Electronic City",
    "name:kn": "ಎಲೆಕ್ಟ್ರಾನಿಕ್ ಸಿಟಿ",
    "network": "Namma Metro",
    "note": "Contributors are requested to not edit the \"network\" and the \"operator\" tags. (2023/11/08)",
    "operator": "Bangalore Metro Rail Corporation Limited",
    "platforms": "2",
    "public_transport": "station",
    "public_transport:version": "2",
    "railway": "station",
    "shelter": "yes",
    "start_date": "2025-08-10",
    "station": "subway",
    "subway": "yes",
    "website": "https://english.brmc.co.in",
    "wheelchair": "yes",
    "@id": "node/5760198145",
    "@relations": [
     {
      "rel": "Yellow",
      "reltags": {
       "colour": "yellow",
       "ref": "Yellow",
       "network": "Namma Metro"
      },
      "role": ""
     }
    ]
   },
   "geometry": {
    "type": "Point",
    "coordinates": [
     77.6635228,
     12.8565053
    ]
   }
  },
  {
   "type": "Feature",
   "properties": {
    "code": "HOSR",
    "layer": "1",
    "lit": "yes",
    "name": "Beratena Agrahara",
    "name:en": "Beratena Agrahara",
    "name:kn": "ಬೆರಟೇನ ಅಗ್ರಹಾರ",
    "network": "Namma Metro",
    "note": "Contributors are requested to not edit the \"network\" and the \"operator\" tags. (2023/11/08)",
    "operator": "Bangalore Metro Rail Corporation Limited",
    "platforms": "2",
    "public_transport": "station",
    "public_transport:version": "2",
    "railway": "station",
    "shelter": "yes",
    "start_date": "2025-08-10",
    "station": "subway",
    "subway": "yes",
    "website": "https://english.brmc.co.in",
    "wheelchair": "yes",
    "@id": "node/5760198153",
    "@relations": [
     {
      "rel": "Yellow",
      "reltags": {
       "colour": "yellow",
       "ref": "Yellow",
       "network": "Namma Metro"
      },
      "role": ""
     }
    ]
   },
   "geometry": {
    "type": "Point",
    "coordinates": [
     77.6578624,
     12.8638665
    ]
   }
  },
  {
   "type": "Feature",
   "properties": {
    "alt_name": "Basapura Road",
    "code": "BSRD",
    "layer": "1",
    "lit": "yes",
    "name": "Hosa Road",
    "name:en": "Hosa Road",
    "name:kn": "ಹೊಸ ರಸ್ತೆ",
    "network": "Namma Metro",
    "note": "Contributors are requested to not edit the \"network\" and the \"operator\" tags. (2023/11/08)",
    "operator": "Bangalore Metro Rail Corporation Limited",
    "platforms": "2",
    "public_transport": "station",
    "public_transport:version": "2",
    "railway": "station",
    "shelter": "yes",
    "start_date": "2025-08-10",
    "station": "subway",
    "subway": "yes",
    "website": "https://english.brmc.co.in",
    "wheelchair": "yes",
    "@id": "node/5760198162",
    "@relations": [
     {
      "rel": "Yellow",
      "reltags": {
       "colour": "yellow",
       "ref": "Yellow",
       "network": "Namma Metro"
      },
      "role": ""
     }
    ]
   },
   "geometry": {
    "type": "Point",
    "coordinates": [
     77.652447,
     12.8707491
    ]
   }
  },
  {
   "type": "Feature",
   "properties": {
    "alt_name": "Chikkabegur",
    "code": "CKBR",
    "layer": "1",
    "lit": "yes",
    "name": "Singasandra",
    "name:en": "Singasandra",
    "name:kn": "ಸಿಂಗಸಂದ್ರ",
    "network": "Namma Metro",
    "note": "Contributors are requested to not edit the \"network\" and the \"operator\" tags. (2023/11/08)",
    "operator": "Bangalore Metro Rail Corporation Limited",
    "platforms": "2",
    "public_transport": "station",
    "public_transport:version": "2",
    "railway": "station",
    "shelter": "yes",
    "start_date": "2025-08-10",
    "station": "subway",
    "subway": "yes",
    "website": "https://english.brmc.co.in",
    "wheelchair": "yes",
    "@id": "node/5760198182",
    "@relations": [
     {
      "rel": "Yellow",
      "reltags": {
       "colour": "yellow",
       "ref": "Yellow",
       "network": "Namma Metro"
      },
      "role": ""
     }
    ]
   },
   "geometry": {
    "type": "Point",
    "coordinates": [
     77.6448456,
     12.8808178
    ]
   }
  },
  {
   "type": "Feature",
   "properties": {
    "alt_name": "Muneshwara Nagar",
    "code": "MSRN",
    "layer": "1",
    "lit": "yes",
    "name": "Kudlu Gate",
    "name:en": "Kudlu Gate",
    "name:kn": "ಕುಡ್ಲು ಗೇಟ್",
    "network": "Namma Metro",
    "note": "Contributors are requested to not edit the \"network\" and the \"operator\" tags. (2023/11/08)",
    "operator": "Bangalore Metro Rail Corporation Limited",
    "platforms": "2",
    "public_transport": "station",
    "public_transport:version": "2",
    "railway": "station",
    "shelter": "yes",
    "start_date": "2025-08-10",
    "station": "subway",
    "subway": "yes",
    "website": "https://english.brmc.co.in",
    "wheelchair": "yes",
    "@id": "node/5760198187",
    "@relations": [
     {
      "rel": "Yellow",
      "reltags": {
       "colour": "yellow",
       "ref": "Yellow",
       "network": "Namma Metro"
      },
      "role": ""
     }
    ]
   },
   "geometry": {
    "type": "Point",
    "coordinates": [
     77.6392156,
     12.8899259
    ]
   }
  },
  {
   "type": "Feature",
   "properties": {
    "alt_name": "Garvebhavi Palya",
    "alt_name:kn": "ಗಾರ್ವೇಬಾವಿ ಪಲ್ಯ",
    "code": "OFDC",
    "layer": "1",
    "lit": "yes",
    "name": "Hongasandra",
    "name:en": "Hongasandra",
    "name:kn": "ಹೊಂಗಸಂದ್ರ",
    "network": "Namma Metro",
    "note": "Contributors are requested to not edit the \"network\" and the \"operator\" tags. (2023/11/08)",
    "operator": "Bangalore Metro Rail Corporation Limited",
    "platforms": "2",
    "public_transport": "station",
    "public_transport:version": "2",
    "railway": "station",
    "shelter": "yes",
    "start_date": "2025-08-10",
    "station": "subway",
    "subway": "yes",
    "website": "https://english.brmc.co.in",
    "wheelchair": "yes",
    "@id": "node/5760198198",
    "@relations": [
     {
      "rel": "Yellow",
      "reltags": {
       "colour": "yellow",
       "ref": "Yellow",
       "network": "Namma Metro"
      },
      "role": ""
     }
    ]
   },
   "geometry": {
    "type": "Point",
    "coordinates": [
     77.6319861,
     12.9016952
    ]
   }
  },
  {
   "type": "Feature",
   "properties": {
    "alt_name": "Roopena Agrahara",
    "alt_name:kn": "ರೂಪೇನ ಅಗ್ರಹಾರ",
    "code": "HSRL",
    "layer": "1",
    "lit": "yes",
    "name": "Bommanahalli",
    "name:en": "Bommanahalli",
    "name:kn": "ಬೊಮ್ಮನಹಳ್ಳಿ",
    "network": "Namma Metro",
    "note": "Contributors are requested to not edit the \"network\" and the \"operator\" tags. (2023/11/08)",
    "operator": "Bangalore Metro Rail Corporation Limited",
    "platforms": "2",
    "public_transport": "station",
    "public_transport:version": "2",
    "railway": "station",
    "shelter": "yes",
    "start_date": "2025-08-10",
    "station": "subway",
    "subway": "yes",
    "website": "https://english.brmc.co.in",
    "wheelchair": "yes",
    "@id": "node/5760198202",
    "@relations": [
     {
      "rel": "Yellow",
      "reltags": {
       "colour": "yellow",
       "ref": "Yellow",
       "network": "Namma Metro"
      },
      "role": ""
     }
    ]
   },
   "geometry": {
    "type": "Point",
    "coordinates": [
     77.6264782,
     12.9106157
    ]
   }
  },
  {
   "type": "Feature",
   "properties": {
    "code": "SBJT",
    "layer": "1",
    "lit": "yes",
    "name": "Central Silk Board",
    "name:en": "Central Silk Board",
    "name:kn": "ಸೆಂಟ್ರಲ್ ಸಿಲ್ಕ ಬೋರ್ಡ್",
    "network": "Namma Metro",
    "note": "Contributors are requested to not edit the \"network\" and the \"operator\" tags. (2023/11/08)",
    "operator": "Bangalore Metro Rail Corporation Limited",
    "platforms": "2",
    "public_transport": "station",
    "public_transport:version": "2",
    "railway": "station",
    "shelter": "yes",
    "start_date": "2025-08-10",
    "station": "subway",
    "subway": "yes",
    "website": "https://english.brmc.co.in",
    "wheelchair": "yes",
    "@id": "node/5760198212",
    "@relations": [
     {
      "rel": "Yellow",
      "reltags": {
       "colour": "yellow",
       "ref": "Yellow",
       "network": "Namma Metro"
      },
      "role": ""
     }
    ]
   },
   "geometry": {
    "type": "Point",
    "coordinates": [
     77.620567,
     12.9165816
    ]
   }
  },
  {
   "type": "Feature",
   "properties": {
    "code": "BTML",
    "layer": "1",
    "lit": "yes",
    "name": "BTM Layout",
    "name:en": "BTM Layout",
    "name:kn": "ಬಿಟಿಎಂ ಬಡಾವಣೆ",
    "network": "Namma Metro",
    "note": "Contributors are requested to not edit the \"network\" and the \"operator\" tags. (2023/11/08)",
    "operator": "Bangalore Metro Rail Corporation Limited",
    "platforms": "2",
    "public_transport": "station",
    "public_transport:version": "2",
    "railway": "station",
    "shelter": "yes",
    "start_date": "2025-08-10",
    "station": "subway",
    "subway": "yes",
    "website": "https://english.brmc.co.in",
    "wheelchair": "yes",
    "@id": "node/5760198226",
    "@relations": [
     {
      "rel": "Yellow",
      "reltags": {
       "colour": "yellow",
       "ref": "Yellow",
       "network": "Namma Metro"
      },
      "role": ""
     }
    ]
   },
   "geometry": {
    "type": "Point",
    "coordinates": [
     77.6081182,
     12.9165878
    ]
   }
  },
  {
   "type": "Feature",
   "properties": {
    "code": "RGDT",
    "layer": "1",
    "lit": "yes",
    "name": "Ragigudda",
    "name:en": "Ragigudda",
    "name:kn": "ರಾಗಿಗುಡ್ಡ",
    "network": "Namma Metro",
    "note": "Contributors are requested to not edit the \"network\" and the \"operator\" tags. (2023/11/08)",
    "operator": "Bangalore Metro Rail Corporation Limited",
    "platforms": "2",
    "public_transport": "station",
    "public_transport:version": "2",
    "railway": "station",
    "shelter": "yes",
    "start_date": "2025-08-10",
    "station": "subway",
    "subway": "yes",
    "toilets:wheelchair": "yes",
    "website": "https://english.brmc.co.in",
    "wheelchair": "yes",
    "@id": "node/5760198239",
    "@relations": [
     {
      "rel": "Yellow",
      "reltags": {
       "colour": "yellow",
       "ref": "Yellow",
       "network": "Namma Metro"
      },
      "role": ""
     }
    ]
   },
   "geometry": {
    "type": "Point",
    "coordinates": [
     77.5883015,
     12.9170807
    ]
   }
  },
  {
   "type": "Feature",
   "properties": {
    "code": "DSH",
    "lit": "yes",
    "name": "Dasarahalli",
    "name:kn": "ದಾಸರಹಳ್ಳಿ",
    "name:ml": "ദാസറഹള്ളി",
    "network": "Namma Metro",
    "note": "Contributors are requested to not edit the \"network\" and the \"operator\" tags. (2023/11/08)",
    "operator": "Bangalore Metro Rail Corporation Limited",
    "public_transport": "station",
    "public_transport:version": "2",
    "railway": "station",
    "shelter": "yes",
    "station": "subway",
    "subway": "yes",
    "website": "https://english.brmc.co.in",
    "wheelchair": "yes",
    "@id": "node/5960788724",
    "@relations": [
     {
      "rel": "Green",
      "reltags": {
       "colour": "#009933",
       "ref": "Green",
       "network": "Namma Metro"
      },
      "role": ""
     }
    ]
   },
   "geometry": {
    "type": "Point",
    "coordinates": [
     77.5125535,
     13.0432607
    ]
   }
  },
  {
   "type": "Feature",
   "properties": {
    "code": "JLHL",
    "lit": "yes",
    "name": "Jalahalli",
    "name:kn": "ಜಾಲಹಳ್ಳಿ",
    "name:ml": "ജാലഹള്ളി",
    "network": "Namma Metro",
    "note": "Contributors are requested to not edit the \"network\" and the \"operator\" tags. (2023/11/08)",
    "operator": "Bangalore Metro Rail Corporation Limited",
    "parking": "yes",
    "public_transport": "station",
    "public_transport:version": "2",
    "railway": "station",
    "shelter": "yes",
    "station": "subway",
    "subway": "yes",
    "website": "https://english.brmc.co.in",
    "wheelchair": "yes",
    "wikidata": "Q30647031",
    "wikipedia": "en:Jalahalli metro station",
    "@id": "node/5960788725",
    "@relations": [
     {
      "rel": "Green",
      "reltags": {
       "colour": "#009933",
       "ref": "Green",
       "network": "Namma Metro"
      },
      "role": ""
     }
    ]
   },
   "geometry": {
    "type": "Point",
    "coordinates": [
     77.5197351,
     13.0394104
    ]
   }
  },
  {
   "type": "Feature",
   "properties": {
    "code": "SPRU",
    "lit": "yes",
    "name": "Srirampura",
    "name:hi": "श्रीरामपुरा",
    "name:kn": "ಶ್ರೀರಾಮಪುರ",
    "name:ml": "ശ്രീരാംപുര",
    "name:ta": "ஸ்ரீராம்புரா",
    "network": "Namma Metro",
    "network:wikidata": "Q279343",
    "note": "Contributors are requested to not edit the \"network\" and the \"operator\" tags. (2023/11/08)",
    "operator": "Bangalore Metro Rail Corporation Limited",
    "public_transport": "station",
    "public_transport:version": "2",
    "railway": "station",
    "shelter": "yes",
    "station": "subway",
    "subway": "yes",
    "website": "https://english.brmc.co.in",
    "wheelchair": "yes",
    "@id": "node/5960788726",
    "@relations": [
     {
      "rel": "Green",
      "reltags": {
       "colour": "#009933",
       "ref": "Green",
       "network": "Namma Metro"
      },
      "role": ""
     }
    ]
   },
   "geometry": {
    "type": "Point",
    "coordinates": [
     77.5631963,
     12.9965253
    ]
   }
  },
  {
   "type": "Feature",
   "properties": {
    "code": "BYPH",
    "layer": "1",
    "lit": "yes",
    "name": "Baiyappanahalli",
    "name:kn": "ಬೈಯ್ಯಪ್ಪನಹಳ್ಳಿ ಮೆಟ್ರೋ ನಿಲ್ದಾಣ",
    "name:ml": "ബൈയപ്പനഹള്ളി",
    "network": "Namma Metro",
    "note": "Contributors are requested to not edit the \"network\" and the \"operator\" tags. (2023/11/08)",
    "operator": "Bangalore Metro Rail Corporation Limited",
    "platforms": "2",
    "public_transport": "station",
    "public_transport:version": "2",
    "railway": "station",
    "ref": "BYPH",
    "shelter": "yes",
    "station": "subway",
    "subway": "yes",
    "toilets:wheelchair": "yes",
    "website": "https://english.brmc.co.in",
    "wheelchair": "yes",
    "@id": "node/6400857549",
    "@relations": [
     {
      "rel": "Purple",
      "reltags": {
       "colour": "#e542de",
       "ref": "Purple",
       "network": "Namma Metro"
      },
      "role": ""
     }
    ]
   },
   "geometry": {
    "type": "Point",
    "coordinates": [
     77.6523612,
     12.9907594
    ]
   }
  },
  {
   "type": "Feature",
   "properties": {
    "code": "SVRD",
    "layer": "1",
    "lit": "yes",
    "name": "Swami Vivekananda Road",
    "name:etymology:wikidata": "Q47478",
    "name:kn": "ಸ್ವಾಮಿ ವಿವೇಕಾನಂದ ರಸ್ತೆ",
    "name:ml": "സ്വാമി വിവേകാനന്ദ റോഡ്",
    "network": "Namma Metro",
    "note": "Contributors are requested to not edit the \"network\" and the \"operator\" tags. (2023/11/08)",
    "operator": "Bangalore Metro Rail Corporation Limited",
    "platforms": "2",
    "public_transport": "station",
    "public_transport:version": "2",
    "railway": "station",
    "shelter": "yes",
    "station": "subway",
    "subway": "yes",
    "website": "https://english.brmc.co.in",
    "wheelchair": "yes",
    "@id": "node/6400857550",
    "@relations": [
     {
      "rel": "Purple",
      "reltags": {
       "colour": "#e542de",
       "ref": "Purple",
       "network": "Namma Metro"
      },
      "role": ""
     }
    ]
   },
   "geometry": {
    "type": "Point",
    "coordinates": [
     77.644897,
     12.9859306
    ]
   }
  },
  {
   "type": "Feature",
   "properties": {
    "code": "IDN",
    "layer": "1",
    "lit": "yes",
    "name": "Indiranagar",
    "name:hi": "इंदिरानगर",
    "name:kn": "ಇಂದಿರಾನಗರ",
    "name:ml": "ഇന്ദിരാനഗർ",
    "network": "Namma Metro",
    "note": "Contributors are requested to not edit the \"network\" and the \"operator\" tags. (2023/11/08)",
    "operator": "Bangalore Metro Rail Corporation Limited",
    "platforms": "2",
    "public_transport": "station",
    "public_transport:version": "2",
    "railway": "station",
    "shelter": "yes",
    "station": "subway",
    "subway": "yes",
    "website": "https://english.brmc.co.in",
    "wheelchair": "yes",
    "@id": "node/6400857551",
    "@relations": [
     {
      "rel": "Purple",
      "reltags": {
       "colour": "#e542de",
       "ref": "Purple",
       "network": "Namma Metro"
      },
      "role": ""
     }
    ]
   },
   "geometry": {
    "type": "Point",
    "coordinates": [
     77.6386612,
     12.9783325
    ]
   }
  },
  {
   "type": "Feature",
   "properties": {
    "code": "HLRU",
    "layer": "1",
    "lit": "yes",
    "name": "Halasuru",
    "name:kn": "ಹಲಸೂರು",
    "name:ml": "ഹലസുരു",
    "network": "Namma Metro",
    "note": "Contributors are requested to not edit the \"network\" and the \"operator\" tags. (2023/11/08)",
    "operator": "Bangalore Metro Rail Corporation Limited",
    "platforms": "2",
    "public_transport": "station",
    "public_transport:version": "2",
    "railway": "station",
    "shelter": "yes",
    "station": "subway",
    "subway": "yes",
    "website": "https://english.brmc.co.in",
    "wheelchair": "yes",
    "@id": "node/6400857552",
    "@relations": [
     {
      "rel": "Purple",
      "reltags": {
       "colour": "#e542de",
       "ref": "Purple",
       "network": "Namma Metro"
      },
      "role": ""
     }
    ]
   },
   "geometry": {
    "type": "Point",
    "coordinates": [
     77.626686,
     12.9764992
    ]
   }
  },
  {
   "type": "Feature",
   "properties": {
    "code": "TTY",
    "layer": "1",
    "lit": "yes",
    "name": "Trinity",
    "name:hi": "ट्रिनिटी",
    "name:kn": "ಟ್ರಿನಿಟಿ ಮೆಟ್ರೊ ನಿಲ್ದಾಣ",
    "name:ml": "ട്രിനിറ്റി",
    "network": "Namma Metro",
    "note": "Contributors are requested to not edit the \"network\" and the \"operator\" tags. (2023/11/08)",
    "operator": "Bangalore Metro Rail Corporation Limited",
    "platforms": "2",
    "public_transport": "station",
    "public_transport:version": "2",
    "railway": "station",
    "shelter": "yes",
    "station": "subway",
    "subway": "yes",
    "website": "https://english.brmc.co.in",
    "wheelchair": "yes",
    "@id": "node/6400857553",
    "@relations": [
     {
      "rel": "Purple",
      "reltags": {
       "colour": "#e542de",
       "ref": "Purple",
       "network": "Namma Metro"
      },
      "role": ""
     }
    ]
   },
   "geometry": {
    "type": "Point",
    "coordinates": [
     77.6170205,
     12.9730218
    ]
   }
  },
  {
   "type": "Feature",
   "properties": {
    "alt_name": "Plaza Theatre Metro Station",
    "code": "MAGR",
    "layer": "1",
    "lit": "yes",
    "name": "Mahatma Gandhi Road",
    "name:kn": "ಮಹಾತ್ಮ ಗಾಂಧಿ ರಸ್ತೆ",
    "name:ta": "மகாத்மா காந்தி சாலை",
    "network": "Namma Metro",
    "note": "Contributors are requested to not edit the \"network\" and the \"operator\" tags. (2023/11/08)",
    "operator": "Bangalore Metro Rail Corporation Limited",
    "platforms": "2",
    "public_transport": "station",
    "public_transport:version": "2",
    "railway": "station",
    "shelter": "yes",
    "short_name": "MG Road",
    "start_date": "20-10-2011",
    "station": "subway",
    "subway": "yes",
    "website": "https://english.brmc.co.in",
    "wheelchair": "yes",
    "wikidata": "Q5539354",
    "wikipedia": "en:Mahatma Gandhi Road metro station (Bangalore)",
    "@id": "node/6400857554",
    "@relations": [
     {
      "rel": "Purple",
      "reltags": {
       "colour": "#e542de",
       "ref": "Purple",
       "network": "Namma Metro"
      },
      "role": ""
     }
    ]
   },
   "geometry": {
    "type": "Point",
    "coordinates": [
     77.6067902,
     12.9755264
    ]
   }
  },
  {
   "type": "Feature",
   "properties": {
    "code": "CBPK",
    "name": "Cubbon Park",
    "name:etymology:wikidata": "Q6767214",
    "name:hi": "कबन पार्क",
    "name:kn": "ಕಬ್ಬನ್ ಪಾರ್ಕ್",
    "name:ml": "കബ്ബൺ പാർക്ക്",
    "network": "Namma Metro",
    "note": "Contributors are requested to not edit the \"network\" and the \"operator\" tags. (2023/11/08)",
    "operator": "Bangalore Metro Rail Corporation Limited",
    "public_transport": "station",
    "public_transport:version": "2",
    "railway": "station",
    "shelter": "yes",
    "station": "subway",
    "subway": "yes",
    "tunnel": "yes",
    "website": "https://english.brmc.co.in",
    "wheelchair": "yes",
    "@id": "node/6400857555",
    "@relations": [
     {
      "rel": "Purple",
      "reltags": {
       "colour": "#e542de",
       "ref": "Purple",
       "network": "Namma Metro"
      },
      "role": ""
     }
    ]
   },
   "geometry": {
    "type": "Point",
    "coordinates": [
     77.5975756,
     12.9809575
    ]
   }
  },
  {
   "type": "Feature",
   "properties": {
    "code": "VDSA",
    "name": "Dr. B. R. Ambedkar Station, Vidhana Soudha",
    "name:kn": "ಡಾ.ಬಿ.ಆರ್. ಅಂಬೇಡ್ಕರ್ ಠಾಣೆ, ವಿಧಾನಸೌಧ",
    "name:ml": "ഡോ.ബി.ആർ. അംബേദ്കർ സ്റ്റേഷൻ, വിധാന സൗധ",
    "network": "Namma Metro",
    "note": "Contributors are requested to not edit the \"network\" and the \"operator\" tags. (2023/11/08)",
    "operator": "Bangalore Metro Rail Corporation Limited",
    "public_transport": "station",
    "public_transport:version": "2",
    "railway": "station",
    "ref": "VDSA",
    "shelter": "yes",
    "station": "subway",
    "subway": "yes",
    "tunnel": "yes",
    "website": "https://english.brmc.co.in",
    "wheelchair": "yes",
    "@id": "node/6400857556",
    "@relations": [
     {
      "rel": "Purple",
      "reltags": {
       "colour": "#e542de",
       "ref": "Purple",
       "network": "Namma Metro"
      },
      "role": ""
     }
    ]
   },
   "geometry": {
    "type": "Point",
    "coordinates": [
     77.5916385,
     12.9787419
    ]
   }
  },
  {
   "type": "Feature",
   "properties": {
    "alt_name": "Central College",
    "code": "VSWA",
    "name": "Sir M. Visvesvaraya Stn., Central College",
    "name:kn": "ಸರ್ ಎಂ ವಿಶ್ವೇಶ್ವರಯ್ಯ - ಸೆಂಟ್ರಲ್ ಕಾಲೇಜು",
    "name:ml": "സർ എം വിശ്വേശ്വരയ്യ - സെൻട്രൽ കോളേജ്",
    "network": "Namma Metro",
    "note": "Contributors are requested to not edit the \"network\" and the \"operator\" tags. (2023/11/08)",
    "operator": "Bangalore Metro Rail Corporation Limited",
    "public_transport": "station",
    "public_transport:version": "2",
    "railway": "station",
    "shelter": "yes",
    "station": "subway",
    "subway": "yes",
    "tunnel": "yes",
    "website": "https://english.brmc.co.in",
    "wheelchair": "yes",
    "@id": "node/6400857557",
    "@relations": [
     {
      "rel": "Purple",
      "reltags": {
       "colour": "#e542de",
       "ref": "Purple",
       "network": "Namma Metro"
      },
      "role": ""
     }
    ]
   },
   "geometry": {
    "type": "Point",
    "coordinates": [
     77.58422,
     12.9745197
    ]
   }
  },
  {
   "type": "Feature",
   "properties": {
    "alt_name": "Majestic Metro Station",
    "code": "KGWA",
    "level": "-2;-1;0",
    "name": "Nadaprabhu Kempegowda Station, Majestic",
    "name:etymology:wikidata": "Q6387049",
    "name:kn": "ನಾಡಪ್ರಭು ಕೆಂಪೇಗೌಡ ನಿಲ್ದಾಣ, ಮೆಜೆಸ್ಟಿಕ್",
    "name:ml": "നാടപ്രഭു കെമ്പഗൗഡ സ്റ്റേഷൻ, മജസ്റ്റിക്",
    "name:ta": "நாடப்பிரபு கெம்பேகவுடா மெஜஸ்டிக்",
    "network": "Namma Metro",
    "note": "Contributors are requested to not edit the \"network\" and the \"operator\" tags. (2023/11/08)",
    "operator": "Bangalore Metro Rail Corporation Limited",
    "public_transport": "station",
    "public_transport:version": "2",
    "railway": "station",
    "shelter": "yes",
    "station": "subway",
    "subway": "yes",
    "website": "https://english.brmc.co.in",
    "wheelchair": "yes",
    "wikidata": "Q6737727",
    "wikipedia": "en:Majestic metro station",
    "@id": "node/6400857558",
    "@relations": [
     {
      "rel": "Purple",
      "reltags": {
       "colour": "#e542de",
       "ref": "Purple",
       "network": "Namma Metro"
      },
      "role": ""
     },
     {
      "rel": "Green",
      "reltags": {
       "colour": "#009933",
       "ref": "Green",
       "network": "Namma Metro"
      },
      "role": ""
     }
    ]
   },
   "geometry": {
    "type": "Point",
    "coordinates": [
     77.5728757,
     12.9757079
    ]
   }
  },
  {
   "type": "Feature",
   "properties": {
    "code": "BRCS",
    "name": "Krantivira Sangolli Rayanna Railway Station",
    "name:kn": "ಕ್ರಾಂತಿವೀರ ಸಂಗೊಳ್ಳಿ ರಾಯಣ್ಣ",
    "name:ml": "ക്രാന്തിവീര സങ്കൊല്ലി രായണ്ണ",
    "network": "Namma Metro",
    "note": "Contributors are requested to not edit the \"network\" and the \"operator\" tags. (2023/11/08)",
    "operator": "Bangalore Metro Rail Corporation Limited",
    "public_transport": "station",
    "public_transport:version": "2",
    "railway": "station",
    "shelter": "yes",
    "station": "subway",
    "subway": "yes",
    "website": "https://english.brmc.co.in",
    "wheelchair": "yes",
    "@id": "node/6400857559",
    "@relations": [
     {
      "rel": "Purple",
      "reltags": {
       "colour": "#e542de",
       "ref": "Purple",
       "network": "Namma Metro"
      },
      "role": ""
     }
    ]
   },
   "geometry": {
    "type": "Point",
    "coordinates": [
     77.5653767,
     12.9758768
    ]
   }
  },
  {
   "type": "Feature",
   "properties": {
    "code": "MIRD",
    "name": "Magadi Road",
    "name:kn": "ಮಾಗಡಿ ರಸ್ತೆ ಮೆಟ್ರೊ",
    "name:ml": "മാഗഡി റോഡ്",
    "network": "Namma Metro",
    "network:wikidata": "Q279343",
    "note": "Contributors are requested to not edit the \"network\" and the \"operator\" tags. (2023/11/08)",
    "operator": "Bangalore Metro Rail Corporation Limited",
    "public_transport": "station",
    "public_transport:version": "2",
    "railway": "station",
    "shelter": "yes",
    "station": "subway",
    "subway": "yes",
    "website": "https://english.brmc.co.in",
    "wheelchair": "yes",
    "@id": "node/6400857560",
    "@relations": [
     {
      "rel": "Purple",
      "reltags": {
       "colour": "#e542de",
       "ref": "Purple",
       "network": "Namma Metro"
      },
      "role": ""
     }
    ]
   },
   "geometry": {
    "type": "Point",
    "coordinates": [
     77.5553523,
     12.975632
    ]
   }
  },
  {
   "type": "Feature",
   "properties": {
    "code": "HSLI",
    "name": "Sri Balagangadharanatha Swamiji Station, Hosahalli",
    "name:kn": "ಶ್ರೀ ಬಾಲಗಂಗಾಧರನಾಥ ಮೆಟ್ರೋ",
    "name:ml": "ശ്രീ ബാലഗംഗാധരനാഥ സ്വാമി, ഹൊസഹള്ളി",
    "network": "Namma Metro",
    "network:wikidata": "Q279343",
    "note": "Contributors are requested to not edit the \"network\" and the \"operator\" tags. (2023/11/08)",
    "operator": "Bangalore Metro Rail Corporation Limited",
    "public_transport": "station",
    "public_transport:version": "2",
    "railway": "station",
    "shelter": "yes",
    "station": "subway",
    "subway": "yes",
    "website": "https://english.brmc.co.in",
    "wheelchair": "yes",
    "@id": "node/6400857561",
    "@relations": [
     {
      "rel": "Purple",
      "reltags": {
       "colour": "#e542de",
       "ref": "Purple",
       "network": "Namma Metro"
      },
      "role": ""
     }
    ]
   },
   "geometry": {
    "type": "Point",
    "coordinates": [
     77.5456215,
     12.9742933
    ]
   }
  },
  {
   "type": "Feature",
   "properties": {
    "code": "VJN",
    "name": "Vijayanagar",
    "name:kn": "ವಿಜಯನಗರ",
    "name:ml": "വിജയനഗര",
    "network": "Namma Metro",
    "network:wikidata": "Q279343",
    "note": "Contributors are requested to not edit the \"network\" and the \"operator\" tags. (2023/11/08)",
    "operator": "Bangalore Metro Rail Corporation Limited",
    "public_transport": "station",
    "public_transport:version": "2",
    "railway": "station",
    "shelter": "yes",
    "station": "subway",
    "subway": "yes",
    "website": "https://english.brmc.co.in",
    "wheelchair": "yes",
    "@id": "node/6400857562",
    "@relations": [
     {
      "rel": "Purple",
      "reltags": {
       "colour": "#e542de",
       "ref": "Purple",
       "network": "Namma Metro"
      },
      "role": ""
     }
    ]
   },
   "geometry": {
    "type": "Point",
    "coordinates": [
     77.5374044,
     12.9709559
    ]
   }
  },
  {
   "type": "Feature",
   "properties": {
    "code": "AGPP",
    "name": "Attiguppe",
    "name:kn": "ಅತ್ತಿಗುಪ್ಪೆ ಮೆಟ್ರೋ",
    "name:ml": "അത്തിഗുപ്പെ",
    "network": "Namma Metro",
    "network:wikidata": "Q279343",
    "note": "Contributors are requested to not edit the \"network\" and the \"operator\" tags. (2023/11/08)",
    "operator": "Bangalore Metro Rail Corporation Limited",
    "public_transport": "station",
    "public_transport:version": "2",
    "railway": "station",
    "shelter": "yes",
    "station": "subway",
    "subway": "yes",
    "website": "https://english.brmc.co.in",
    "wheelchair": "yes",
    "@id": "node/6400857563",
    "@relations": [
     {
      "rel": "Purple",
      "reltags": {
       "colour": "#e542de",
       "ref": "Purple",
       "network": "Namma Metro"
      },
      "role": ""
     }
    ]
   },
   "geometry": {
    "type": "Point",
    "coordinates": [
     77.5335788,
     12.9618931
    ]
   }
  },
  {
   "type": "Feature",
   "properties": {
    "code": "DJNR",
    "name": "Deepanjali Nagar",
    "name:kn": "ದೀಪಾಂಜಲಿ ನಗರ",
    "name:ml": "ദീപാഞ്ജലി നഗർ",
    "network": "Namma Metro",
    "note": "Contributors are requested to not edit the \"network\" and the \"operator\" tags. (2023/11/08)",
    "operator": "Bangalore Metro Rail Corporation Limited",
    "public_transport": "station",
    "public_transport:version": "2",
    "railway": "station",
    "shelter": "yes",
    "station": "subway",
    "subway": "yes",
    "website": "https://english.brmc.co.in",
    "wheelchair": "yes",
    "@id": "node/6400857564",
    "@relations": [
     {
      "rel": "Purple",
      "reltags": {
       "colour": "#e542de",
       "ref": "Purple",
       "network": "Namma Metro"
      },
      "role": ""
     }
    ]
   },
   "geometry": {
    "type": "Point",
    "coordinates": [
     77.5370122,
     12.9520578
    ]
   }
  },
  {
   "type": "Feature",
   "properties": {
    "code": "MYRD",
    "name": "Mysore Road",
    "name:kn": "ಮೈಸೂರು ರಸ್ತೆ ಮೆಟ್ರೋ",
    "name:ml": "മൈസൂർ റോഡ്",
    "network": "Namma Metro",
    "network:wikidata": "Q279343",
    "note": "Contributors are requested to not edit the \"network\" and the \"operator\" tags. (2023/11/08)",
    "operator": "Bangalore Metro Rail Corporation Limited",
    "public_transport": "station",
    "public_transport:version": "2",
    "railway": "station",
    "shelter": "yes",
    "station": "subway",
    "subway": "yes",
    "website": "https://english.brmc.co.in",
    "wheelchair": "yes",
    "@id": "node/6400857565",
    "@relations": [
     {
      "rel": "Purple",
      "reltags": {
       "colour": "#e542de",
       "ref": "Purple",
       "network": "Namma Metro"
      },
      "role": ""
     }
    ]
   },
   "geometry": {
    "type": "Point",
    "coordinates": [
     77.5301588,
     12.9467183
    ]
   }
  },
  {
   "type": "Feature",
   "properties": {
    "code": "SPGD",
    "name": "Mantri Square Sampige Road",
    "name:kn": "ಮಂತ್ರಿ ಸ್ಕ್ವೇರ್ ಸಂಪಿಗೆ ರಸ್ತೆ",
    "name:ml": "മന്ത്രി സ്ക്വയർ സമ്പിഗെ റോഡ്",
    "network": "Namma Metro",
    "network:wikidata": "Q279343",
    "note": "Contributors are requested to not edit the \"network\" and the \"operator\" tags. (2023/11/08)",
    "operator": "Bangalore Metro Rail Corporation Limited",
    "public_transport": "station",
    "public_transport:version": "2",
    "railway": "station",
    "ref": "SPGD",
    "shelter": "yes",
    "station": "subway",
    "subway": "yes",
    "website": "https://english.brmc.co.in",
    "wheelchair": "yes",
    "@id": "node/6410706688",
    "@relations": [
     {
      "rel": "Green",
      "reltags": {
       "colour": "#009933",
       "ref": "Green",
       "network": "Namma Metro"
      },
      "role": ""
     }
    ]
   },
   "geometry": {
    "type": "Point",
    "coordinates": [
     77.5707293,
     12.9904629
    ]
   }
  },
  {
   "type": "Feature",
   "properties": {
    "code": "KVPR",
    "name": "Mahakavi Kuvempu Road",
    "name:etymology:wikidata": "Q3351108",
    "name:kn": "ಮಹಾಕವಿ ಕುವೆಂಪು ರಸ್ತೆ",
    "name:ml": "മഹാകവി കുവെമ്പു റോഡ്",
    "name:ta": "மகாகவி குவேம்பு சாலை",
    "network": "Namma Metro",
    "network:wikidata": "Q279343",
    "note": "Contributors are requested to not edit the \"network\" and the \"operator\" tags. (2023/11/08)",
    "operator": "Bangalore Metro Rail Corporation Limited",
    "public_transport": "station",
    "public_transport:version": "2",
    "railway": "station",
    "shelter": "yes",
    "short_name": "MKK Road",
    "station": "subway",
    "subway": "yes",
    "website": "https://english.brmc.co.in",
    "wheelchair": "yes",
    "@id": "node/6410706689",
    "@relations": [
     {
      "rel": "Green",
      "reltags": {
       "colour": "#009933",
       "ref": "Green",
       "network": "Namma Metro"
      },
      "role": ""
     }
    ]
   },
   "geometry": {
    "type": "Point",
    "coordinates": [
     77.5568986,
     12.9985297
    ]
   }
  },
  {
   "type": "Feature",
   "properties": {
    "code": "RJNR",
    "name": "Rajajinagar",
    "name:hi": "राजाजीनगर",
    "name:kn": "ರಾಜಾಜಿನಗರ",
    "name:ml": "രാജാജിനഗർ",
    "name:ta": "ராஜாஜி நகர்",
    "network": "Namma Metro",
    "note": "Contributors are requested to not edit the \"network\" and the \"operator\" tags. (2023/11/08)",
    "operator": "Bangalore Metro Rail Corporation Limited",
    "public_transport": "station",
    "public_transport:version": "2",
    "railway": "station",
    "shelter": "yes",
    "station": "subway",
    "subway": "yes",
    "website": "https://english.brmc.co.in",
    "wheelchair": "yes",
    "@id": "node/6410706690",
    "@relations": [
     {
      "rel": "Green",
      "reltags": {
       "colour": "#009933",
       "ref": "Green",
       "network": "Namma Metro"
      },
      "role": ""
     }
    ]
   },
   "geometry": {
    "type": "Point",
    "coordinates": [
     77.5496568,
     13.0005247
    ]
   }
  },
  {
   "type": "Feature",
   "properties": {
    "code": "MHLI",
    "name": "Mahalakshmi",
    "name:hi": "महालक्ष्मी",
    "name:kn": "ಮಹಾಲಕ್ಷ್ಮಿ",
    "name:ml": "മഹാലക്ഷ്മി",
    "name:ta": "மகாலட்சுமி",
    "network": "Namma Metro",
    "network:wikidata": "Q279343",
    "note": "Contributors are requested to not edit the \"network\" and the \"operator\" tags. (2023/11/08)",
    "operator": "Bangalore Metro Rail Corporation Limited",
    "public_transport": "station",
    "public_transport:version": "2",
    "railway": "station",
    "shelter": "yes",
    "station": "subway",
    "subway": "yes",
    "website": "https://english.brmc.co.in",
    "wheelchair": "yes",
    "@id": "node/6410706691",
    "@relations": [
     {
      "rel": "Green",
      "reltags": {
       "colour": "#009933",
       "ref": "Green",
       "network": "Namma Metro"
      },
      "role": ""
     }
    ]
   },
   "geometry": {
    "type": "Point",
    "coordinates": [
     77.5488066,
     13.0080475
    ]
   }
  },
  {
   "type": "Feature",
   "properties": {
    "code": "SSFY",
    "name": "Sandal Soap Factory",
    "name:kn": "ಸಾಂಡಲ್ ಸೋಪ್ ಕಾರ್ಖಾನೆ",
    "name:ml": "സാൻഡൽ സോപ്പ് ഫാക്ടറി",
    "network": "Namma Metro",
    "network:wikidata": "Q279343",
    "note": "Contributors are requested to not edit the \"network\" and the \"operator\" tags. (2023/11/08)",
    "operator": "Bangalore Metro Rail Corporation Limited",
    "public_transport": "station",
    "public_transport:version": "2",
    "railway": "station",
    "shelter": "yes",
    "station": "subway",
    "subway": "yes",
    "website": "https://english.brmc.co.in",
    "wheelchair": "yes",
    "wikipedia": "en:Sandal Soap Factory metro station",
    "@id": "node/6410706692",
    "@relations": [
     {
      "rel": "Green",
      "reltags": {
       "colour": "#009933",
       "ref": "Green",
       "network": "Namma Metro"
      },
      "role": ""
     }
    ]
   },
   "geometry": {
    "type": "Point",
    "coordinates": [
     77.5539839,
     13.0146544
    ]
   }
  },
  {
   "type": "Feature",
   "properties": {
    "code": "PEYA",
    "name": "Peenya",
    "name:kn": "ಪೀಣ್ಯ",
    "name:ml": "പീണ്യ",
    "network": "Namma Metro",
    "network:wikidata": "Q279343",
    "note": "Contributors are requested to not edit the \"network\" and the \"operator\" tags. (2023/11/08)",
    "operator": "Bangalore Metro Rail Corporation Limited",
    "public_transport": "station",
    "public_transport:version": "2",
    "railway": "station",
    "shelter": "yes",
    "station": "subway",
    "subway": "yes",
    "website": "https://english.brmc.co.in",
    "wheelchair": "yes",
    "@id": "node/6410706695",
    "@relations": [
     {
      "rel": "Green",
      "reltags": {
       "colour": "#009933",
       "ref": "Green",
       "network": "Namma Metro"
      },
      "role": ""
     }
    ]
   },
   "geometry": {
    "type": "Point",
    "coordinates": [
     77.533201,
     13.0330189
    ]
   }
  },
  {
   "type": "Feature",
   "properties": {
    "code": "PYID",
    "name": "Peenya Industry",
    "name:kn": "ಪೀಣ್ಯ ಇಂಡಸ್ಟ್ರಿ",
    "name:ml": "പീണ്യ ഇൻഡസ്ട്രി",
    "network": "Namma Metro",
    "network:wikidata": "Q279343",
    "note": "Contributors are requested to not edit the \"network\" and the \"operator\" tags. (2023/11/08)",
    "operator": "Bangalore Metro Rail Corporation Limited",
    "public_transport": "station",
    "public_transport:version": "2",
    "railway": "station",
    "ref": "PYID",
    "shelter": "yes",
    "station": "subway",
    "subway": "yes",
    "website": "https://english.brmc.co.in",
    "wheelchair": "yes",
    "@id": "node/6410706696",
    "@relations": [
     {
      "rel": "Green",
      "reltags": {
       "colour": "#009933",
       "ref": "Green",
       "network": "Namma Metro"
      },
      "role": ""
     }
    ]
   },
   "geometry": {
    "type": "Point",
    "coordinates": [
     77.5254924,
     13.0363176
    ]
   }
  },
  {
   "type": "Feature",
   "properties": {
    "code": "PUTH",
    "layer": "1",
    "lit": "yes",
    "name": "Yelachenahalli",
    "name:kn": "ಯಲಚೇನಹಳ್ಳಿ",
    "name:ml": "യലച്ചേനഹള്ളി",
    "name:ta": "எலச்சேனஹல்லி",
    "network": "Namma Metro",
    "note": "Contributors are requested to not edit the \"network\" and the \"operator\" tags. (2023/11/08)",
    "operator": "Bangalore Metro Rail Corporation Limited",
    "platforms": "2",
    "public_transport": "station",
    "public_transport:version": "2",
    "railway": "station",
    "shelter": "yes",
    "station": "subway",
    "subway": "yes",
    "website": "https://english.brmc.co.in",
    "wheelchair": "yes",
    "@id": "node/6432710292",
    "@relations": [
     {
      "rel": "Green",
      "reltags": {
       "colour": "#009933",
       "ref": "Green",
       "network": "Namma Metro"
      },
      "role": ""
     }
    ]
   },
   "geometry": {
    "type": "Point",
    "coordinates": [
     77.5701194,
     12.8960498
    ]
   }
  },
  {
   "type": "Feature",
   "properties": {
    "code": "JPN",
    "layer": "1",
    "lit": "yes",
    "name": "Jaya Prakash Nagar",
    "name:kn": "ಜೆಪಿ ನಗರ",
    "name:ml": "ജെ പി നഗർ",
    "name:ta": "ஜே பி நகர்",
    "network": "Namma Metro",
    "note": "Contributors are requested to not edit the \"network\" and the \"operator\" tags. (2023/11/08)",
    "operator": "Bangalore Metro Rail Corporation Limited",
    "platforms": "2",
    "public_transport": "station",
    "public_transport:version": "2",
    "railway": "station",
    "shelter": "yes",
    "short_name": "J P Nagar",
    "station": "subway",
    "subway": "yes",
    "website": "https://english.brmc.co.in",
    "wheelchair": "yes",
    "@id": "node/6432710293",
    "@relations": [
     {
      "rel": "Green",
      "reltags": {
       "colour": "#009933",
       "ref": "Green",
       "network": "Namma Metro"
      },
      "role": ""
     }
    ]
   },
   "geometry": {
    "type": "Point",
    "coordinates": [
     77.5731279,
     12.9074747
    ]
   }
  },
  {
   "type": "Feature",
   "properties": {
    "code": "BSNK",
    "layer": "1",
    "lit": "yes",
    "name": "Banashankari",
    "name:kn": "ಬನಶಂಕರಿ",
    "name:ml": "ബനശങ്കരി",
    "name:ta": "பனசங்கரி",
    "network": "Namma Metro",
    "note": "Contributors are requested to not edit the \"network\" and the \"operator\" tags. (2023/11/08)",
    "operator": "Bangalore Metro Rail Corporation Limited",
    "platforms": "2",
    "public_transport": "station",
    "public_transport:version": "2",
    "railway": "station",
    "ref": "BSNK",
    "shelter": "yes",
    "station": "subway",
    "subway": "yes",
    "website": "https://english.brmc.co.in",
    "wheelchair": "yes",
    "@id": "node/6432710294",
    "@relations": [
     {
      "rel": "Green",
      "reltags": {
       "colour": "#009933",
       "ref": "Green",
       "network": "Namma Metro"
      },
      "role": ""
     }
    ]
   },
   "geometry": {
    "type": "Point",
    "coordinates": [
     77.573598,
     12.9152208
    ]
   }
  },
  {
   "type": "Feature",
   "properties": {
    "alt_name": "RV Road metro station",
    "code": "RVR",
    "layer": "1",
    "lit": "yes",
    "name": "Rashtreeya Vidyalaya Road",
    "name:en": "Rashtreeya Vidyalaya Road",
    "name:kn": "ರಾಷ್ಟ್ರೀಯ ವಿದ್ಯಾಲಯ ರಸ್ತೆ",
    "name:ml": "രാഷ്ട്രീയ വിദ്യാലയ റോഡ്",
    "name:ta": "ராஷ்ட்ரீய வித்யாலயா சாலை",
    "network": "Namma Metro",
    "note": "Contributors are requested to not edit the \"network\" and the \"operator\" tags. (2023/11/08)",
    "operator": "Bangalore Metro Rail Corporation Limited",
    "platforms": "4",
    "public_transport": "station",
    "public_transport:version": "2",
    "railway": "station",
    "shelter": "yes",
    "station": "subway",
    "subway": "yes",
    "website": "https://english.brmc.co.in",
    "wheelchair": "yes",
    "@id": "node/6432710295",
    "@relations": [
     {
      "rel": "Green",
      "reltags": {
       "colour": "#009933",
       "ref": "Green",
       "network": "Namma Metro"
      },
      "role": ""
     },
     {
      "rel": "Yellow",
      "reltags": {
       "colour": "yellow",
       "ref": "Yellow",
       "network": "Namma Metro"
      },
      "role": ""
     }
    ]
   },
   "geometry": {
    "type": "Point",
    "coordinates": [
     77.5802015,
     12.9215807
    ]
   }
  },
  {
   "type": "Feature",
   "properties": {
    "code": "JYN",
    "layer": "1",
    "lit": "yes",
    "name": "Jayanagar",
    "name:hi": "जयानगर",
    "name:kn": "ಜಯನಗರ",
    "name:ml": "ജയനഗർ",
    "name:ta": "ஜெயாநகர்",
    "network": "Namma Metro",
    "note": "Contributors are requested to not edit the \"network\" and the \"operator\" tags. (2023/11/08)",
    "operator": "Bangalore Metro Rail Corporation Limited",
    "platforms": "2",
    "public_transport": "station",
    "public_transport:version": "2",
    "railway": "station",
    "shelter": "yes",
    "station": "subway",
    "subway": "yes",
    "website": "https://english.brmc.co.in",
    "wheelchair": "yes",
    "@id": "node/6432710296",
    "@relations": [
     {
      "rel": "Green",
      "reltags": {
       "colour": "#009933",
       "ref": "Green",
       "network": "Namma Metro"
      },
      "role": ""
     }
    ]
   },
   "geometry": {
    "type": "Point",
    "coordinates": [
     77.5801439,
     12.9295069
    ]
   }
  },
  {
   "type": "Feature",
   "properties": {
    "code": "SECE",
    "layer": "1",
    "lit": "yes",
    "name": "South End Circle",
    "name:kn": "ತಿ.ನಂ.ಶ್ರೀ ವೃತ್ತ",
    "name:ml": "സൗത്ത് എൻഡ് സർക്കിൾ",
    "name:ta": "சவுத் என்டு சர்கிள்",
    "network": "Namma Metro",
    "note": "Contributors are requested to not edit the \"network\" and the \"operator\" tags. (2023/11/08)",
    "operator": "Bangalore Metro Rail Corporation Limited",
    "platforms": "2",
    "public_transport": "station",
    "public_transport:version": "2",
    "railway": "station",
    "shelter": "yes",
    "station": "subway",
    "subway": "yes",
    "website": "https://english.brmc.co.in",
    "wheelchair": "yes",
    "@id": "node/6432710297",
    "@relations": [
     {
      "rel": "Green",
      "reltags": {
       "colour": "#009933",
       "ref": "Green",
       "network": "Namma Metro"
      },
      "role": ""
     }
    ]
   },
   "geometry": {
    "type": "Point",
    "coordinates": [
     77.5800556,
     12.9382573
    ]
   }
  },
  {
   "type": "Feature",
   "properties": {
    "code": "LBGH",
    "layer": "1",
    "lit": "yes",
    "name": "Lalbagh",
    "name:hi": "लालबाग़",
    "name:kn": "ಲಾಲ್ ಬಾಗ್",
    "name:ml": "ലാൽബാഗ്",
    "name:ta": "லால்பாக்",
    "network": "Namma Metro",
    "note": "Contributors are requested to not edit the \"network\" and the \"operator\" tags. (2023/11/08)",
    "operator": "Bangalore Metro Rail Corporation Limited",
    "platforms": "2",
    "public_transport": "station",
    "public_transport:version": "2",
    "railway": "station",
    "ref": "LBGH",
    "shelter": "yes",
    "station": "subway",
    "subway": "yes",
    "website": "https://english.brmc.co.in",
    "wheelchair": "yes",
    "@id": "node/6432710298",
    "@relations": [
     {
      "rel": "Green",
      "reltags": {
       "colour": "#009933",
       "ref": "Green",
       "network": "Namma Metro"
      },
      "role": ""
     }
    ]
   },
   "geometry": {
    "type": "Point",
    "coordinates": [
     77.580016,
     12.9465265
    ]
   }
  },
  {
   "type": "Feature",
   "properties": {
    "code": "NLC",
    "layer": "1",
    "lit": "yes",
    "name": "National College",
    "name:kn": "ನ್ಯಾಶನಲ್ ಕಾಲೇಜು",
    "name:ml": "നാഷണൽ കോളേജ്",
    "name:ta": "நேஷனல் கல்லூரி",
    "network": "Namma Metro",
    "note": "Contributors are requested to not edit the \"network\" and the \"operator\" tags. (2023/11/08)",
    "operator": "Bangalore Metro Rail Corporation Limited",
    "platforms": "2",
    "public_transport": "station",
    "public_transport:version": "2",
    "railway": "station",
    "shelter": "yes",
    "station": "subway",
    "subway": "yes",
    "website": "https://english.brmc.co.in",
    "wheelchair": "yes",
    "@id": "node/6432710299",
    "@relations": [
     {
      "rel": "Green",
      "reltags": {
       "colour": "#009933",
       "ref": "Green",
       "network": "Namma Metro"
      },
      "role": ""
     }
    ]
   },
   "geometry": {
    "type": "Point",
    "coordinates": [
     77.5736898,
     12.9505266
    ]
   }
  },
  {
   "type": "Feature",
   "properties": {
    "code": "KRMT",
    "lit": "yes",
    "name": "Krishna Rajendra Market",
    "name:kn": "ಕೃಷ್ಣರಾಜೇಂದ್ರ ಮಾರುಕಟ್ಟೆ",
    "name:ml": "കൃഷ്ണ രാജേന്ദ്ര മാർക്കറ്റ്",
    "name:ta": "கிருஷ்ண ராஜேந்திர‌ மார்கெட்",
    "network": "Namma Metro",
    "note": "Contributors are requested to not edit the \"network\" and the \"operator\" tags. (2023/11/08)",
    "operator": "Bangalore Metro Rail Corporation Limited",
    "public_transport": "station",
    "public_transport:version": "2",
    "railway": "station",
    "shelter": "yes",
    "station": "subway",
    "subway": "yes",
    "tunnel": "yes",
    "website": "https://english.brmc.co.in",
    "wheelchair": "yes",
    "@id": "node/6432710300",
    "@relations": [
     {
      "rel": "Green",
      "reltags": {
       "colour": "#009933",
       "ref": "Green",
       "network": "Namma Metro"
      },
      "role": ""
     }
    ]
   },
   "geometry": {
    "type": "Point",
    "coordinates": [
     77.5746578,
     12.9608788
    ]
   }
  },
  {
   "type": "Feature",
   "properties": {
    "code": "CKPE",
    "lit": "yes",
    "name": "Chickpete",
    "name:hi": "चिकपेटे",
    "name:kn": "ಚಿಕ್ಕಪೇಟೆ",
    "name:ml": "ചിക്കപ്പേട്ട",
    "name:ta": "சிக்கபேட்டே",
    "network": "Namma Metro",
    "note": "Contributors are requested to not edit the \"network\" and the \"operator\" tags. (2023/11/08)",
    "operator": "Bangalore Metro Rail Corporation Limited",
    "public_transport": "station",
    "public_transport:version": "2",
    "railway": "station",
    "shelter": "yes",
    "station": "subway",
    "subway": "yes",
    "tunnel": "yes",
    "website": "https://english.brmc.co.in",
    "wheelchair": "yes",
    "@id": "node/6432710301",
    "@relations": [
     {
      "rel": "Green",
      "reltags": {
       "colour": "#009933",
       "ref": "Green",
       "network": "Namma Metro"
      },
      "role": ""
     }
    ]
   },
   "geometry": {
    "type": "Point",
    "coordinates": [
     77.5745566,
     12.9668974
    ]
   }
  },
  {
   "type": "Feature",
   "properties": {
    "code": "BGUC",
    "name": "Jnanabharathi",
    "name:kn": "ಜ್ಞಾನ ಭಾರತಿ",
    "name:ml": "ജ്ഞാന ഭാരതി",
    "network": "Namma Metro",
    "note": "Contributors are requested to not edit the \"network\" and the \"operator\" tags. (2023/11/08)",
    "operator": "Bangalore Metro Rail Corporation Limited",
    "public_transport": "station",
    "public_transport:version": "2",
    "railway": "station",
    "shelter": "yes",
    "station": "subway",
    "subway": "yes",
    "website": "https://english.brmc.co.in",
    "wheelchair": "yes",
    "@id": "node/9049846515",
    "@relations": [
     {
      "rel": "Purple",
      "reltags": {
       "colour": "#e542de",
       "ref": "Purple",
       "network": "Namma Metro"
      },
      "role": ""
     }
    ]
   },
   "geometry": {
    "type": "Point",
    "coordinates": [
     77.5124063,
     12.9354357
    ]
   }
  },
  {
   "type": "Feature",
   "properties": {
    "alt_name": "Pantarapalya",
    "code": "NYHM",
    "name": "Pantharapalya - Nayandahalli",
    "name:kn": "ಪಂತರಪಾಳ್ಯ - ನಾಯಂಡಹಳ್ಳಿ",
    "name:ml": "നായണ്ടഹള്ളി",
    "network": "Namma Metro",
    "network:wikidata": "Q279343",
    "note": "Contributors are requested to not edit the \"network\" and the \"operator\" tags. (2023/11/08)",
    "old_name": "Nayandahalli",
    "operator": "Bangalore Metro Rail Corporation Limited",
    "public_transport": "station",
    "railway": "station",
    "station": "subway",
    "subway": "yes",
    "website": "https://english.brmc.co.in",
    "@id": "node/9050797592",
    "@relations": [
     {
      "rel": "Purple",
      "reltags": {
       "colour": "#e542de",
       "ref": "Purple",
       "network": "Namma Metro"
      },
      "role": ""
     }
    ]
   },
   "geometry": {
    "type": "Point",
    "coordinates": [
     77.5251166,
     12.9416715
    ]
   }
  },
  {
   "type": "Feature",
   "properties": {
    "code": "MLSD",
    "name": "Kengeri Bus Terminal",
    "name:kn": "ಕೆಂಗೇರಿ ಬಸ್ ಟರ್ಮಿನಲ್",
    "name:ml": "കെങ്കേരി ബസ് ടെർമിനൽ",
    "network": "Namma Metro",
    "note": "Contributors are requested to not edit the \"network\" and the \"operator\" tags. (2023/11/08)",
    "operator": "Bangalore Metro Rail Corporation Limited",
    "public_transport": "station",
    "railway": "station",
    "station": "subway",
    "subway": "yes",
    "website": "https://english.brmc.co.in",
    "@id": "node/9051395755",
    "@relations": [
     {
      "rel": "Purple",
      "reltags": {
       "colour": "#e542de",
       "ref": "Purple",
       "network": "Namma Metro"
      },
      "role": ""
     }
    ]
   },
   "geometry": {
    "type": "Point",
    "coordinates": [
     77.4878557,
     12.914689
    ]
   }
  },
  {
   "type": "Feature",
   "properties": {
    "code": "KGIT",
    "name": "Kengeri",
    "name:kn": "ಕೆಂಗೇರಿ",
    "name:ml": "കെങ്കേരി",
    "name:ta": "கெங்கேரி",
    "network": "Namma Metro",
    "note": "Contributors are requested to not edit the \"network\" and the \"operator\" tags. (2023/11/08)",
    "operator": "Bangalore Metro Rail Corporation Limited",
    "public_transport": "station",
    "railway": "station",
    "station": "subway",
    "subway": "yes",
    "website": "https://english.brmc.co.in",
    "@id": "node/9051405243",
    "@relations": [
     {
      "rel": "Purple",
      "reltags": {
       "colour": "#e542de",
       "ref": "Purple",
       "network": "Namma Metro"
      },
      "role": ""
     }
    ]
   },
   "geometry": {
    "type": "Point",
    "coordinates": [
     77.4765784,
     12.9079105
    ]
   }
  },
  {
   "type": "Feature",
   "properties": {
    "code": "RRRN",
    "name": "Rajarajeshwari Nagar",
    "name:kn": "ರಾಜರಾಜೇಶ್ವರಿ ನಗರ",
    "name:ml": "രാജരാജേശ്വരി നഗർ",
    "network": "Namma Metro",
    "note": "Contributors are requested to not edit the \"network\" and the \"operator\" tags. (2023/11/08)",
    "operator": "Bangalore Metro Rail Corporation Limited",
    "public_transport": "station",
    "railway": "station",
    "station": "subway",
    "subway": "yes",
    "website": "https://english.brmc.co.in",
    "@id": "node/9051410519",
    "@relations": [
     {
      "rel": "Purple",
      "reltags": {
       "colour": "#e542de",
       "ref": "Purple",
       "network": "Namma Metro"
      },
      "role": ""
     }
    ]
   },
   "geometry": {
    "type": "Point",
    "coordinates": [
     77.5196788,
     12.9365996
    ]
   }
  },
  {
   "type": "Feature",
   "properties": {
    "code": "PATG",
    "name": "Pattanagere",
    "name:kn": "ಪಟ್ಟಣಗೆರೆ",
    "name:ml": "പട്ടനഗരെ",
    "network": "Namma Metro",
    "note": "Contributors are requested to not edit the \"network\" and the \"operator\" tags. (2023/11/08)",
    "operator": "Bangalore Metro Rail Corporation Limited",
    "public_transport": "station",
    "railway": "station",
    "station": "subway",
    "subway": "yes",
    "website": "https://english.brmc.co.in",
    "wheelchair": "yes",
    "@id": "node/9051417969",
    "@relations": [
     {
      "rel": "Purple",
      "reltags": {
       "colour": "#e542de",
       "ref": "Purple",
       "network": "Namma Metro"
      },
      "role": ""
     }
    ]
   },
   "geometry": {
    "type": "Point",
    "coordinates": [
     77.4983509,
     12.9242505
    ]
   }
  },
  {
   "type": "Feature",
   "properties": {
    "code": "CLGA",
    "name": "Challaghatta",
    "name:kn": "ಚಲ್ಲಘಟ್ಟ",
    "name:ml": "ചള്ളഘട്ട",
    "name:ta": "சல்லகட்டா",
    "network": "Namma Metro",
    "note": "Contributors are requested to not edit the \"network\" and the \"operator\" tags. (2023/11/08)",
    "operator": "Bangalore Metro Rail Corporation Limited",
    "public_transport": "station",
    "railway": "station",
    "start_date": "09/10/2023",
    "station": "subway",
    "subway": "yes",
    "@id": "node/9919570131",
    "@relations": [
     {
      "rel": "Purple",
      "reltags": {
       "colour": "#e542de",
       "ref": "Purple",
       "network": "Namma Metro"
      },
      "role": ""
     }
    ]
   },
   "geometry": {
    "type": "Point",
    "coordinates": [
     77.4612877,
     12.8973539
    ]
   }
  },
  {
   "type": "Feature",
   "properties": {
    "code": "APTS",
    "name": "Silk Institute",
    "name:kn": "ರೇಷ್ಮೆ ಸಂಸ್ಥೆ",
    "name:ml": "സിൽക്ക് ഇൻസ്റ്റിറ്റ്യൂട്ട്",
    "name:ta": "சில்க் இன்ஸ்டிட்யூட்",
    "network": "Namma Metro",
    "note": "Contributors are requested to not edit the \"network\" and the \"operator\" tags. (2023/11/08)",
    "operator": "Bangalore Metro Rail Corporation Limited",
    "platforms": "2",
    "public_transport": "station",
    "railway": "station",
    "ref": "APTS",
    "shelter": "yes",
    "station": "subway",
    "subway": "yes",
    "wheelchair": "yes",
    "@id": "node/9919651773",
    "@relations": [
     {
      "rel": "Green",
      "reltags": {
       "colour": "#009933",
       "ref": "Green",
       "network": "Namma Metro"
      },
      "role": ""
     }
    ]
   },
   "geometry": {
    "type": "Point",
    "coordinates": [
     77.5299545,
     12.8617298
    ]
   }
  },
  {
   "type": "Feature",
   "properties": {
    "code": "TGTP",
    "name": "Thalaghattapura",
    "name:kn": "ತಲಘಟ್ಟಪುರ",
    "name:ml": "തലഘട്ടപുര",
    "name:ta": "தலகட்டபுரா",
    "network": "Namma Metro",
    "note": "Contributors are requested to not edit the \"network\" and the \"operator\" tags. (2023/11/08)",
    "operator": "Bangalore Metro Rail Corporation Limited",
    "platforms": "2",
    "public_transport": "station",
    "railway": "station",
    "ref": "TGTP",
    "shelter": "yes",
    "station": "subway",
    "subway": "yes",
    "wheelchair": "yes",
    "@id": "node/9919651774",
    "@relations": [
     {
      "rel": "Green",
      "reltags": {
       "colour": "#009933",
       "ref": "Green",
       "network": "Namma Metro"
      },
      "role": ""
     }
    ]
   },
   "geometry": {
    "type": "Point",
    "coordinates": [
     77.5383958,
     12.8714097
    ]
   }
  },
  {
   "type": "Feature",
   "properties": {
    "code": "VJRH",
    "name": "Vajarahalli",
    "name:kn": "ವಾಜರಹಳ್ಳಿ",
    "name:ml": "വാജറഹള്ളി",
    "name:ta": "வஜ்ஜரஹல்லி",
    "network": "Namma Metro",
    "note": "Contributors are requested to not edit the \"network\" and the \"operator\" tags. (2023/11/08)",
    "operator": "Bangalore Metro Rail Corporation Limited",
    "platforms": "2",
    "public_transport": "station",
    "railway": "station",
    "ref": "VJRH",
    "shelter": "yes",
    "station": "subway",
    "subway": "yes",
    "wheelchair": "yes",
    "@id": "node/9919651775",
    "@relations": [
     {
      "rel": "Green",
      "reltags": {
       "colour": "#009933",
       "ref": "Green",
       "network": "Namma Metro"
      },
      "role": ""
     }
    ]
   },
   "geometry": {
    "type": "Point",
    "coordinates": [
     77.5447414,
     12.8774369
    ]
   }
  },
  {
   "type": "Feature",
   "properties": {
    "code": "KLPK",
    "name": "Doddakallasandra",
    "name:kn": "ದೊಡ್ಡಕಲ್ಲಸಂದ್ರ",
    "name:ml": "ദൊഡ്ഡകല്ലസന്ദ്ര",
    "name:ta": "டொட்டகல்லசந்த்ரா",
    "network": "Namma Metro",
    "note": "Contributors are requested to not edit the \"network\" and the \"operator\" tags. (2023/11/08)",
    "operator": "Bangalore Metro Rail Corporation Limited",
    "platforms": "2",
    "public_transport": "station",
    "railway": "station",
    "shelter": "yes",
    "station": "subway",
    "subway": "yes",
    "wheelchair": "yes",
    "@id": "node/9919651776",
    "@relations": [
     {
      "rel": "Green",
      "reltags": {
       "colour": "#009933",
       "ref": "Green",
       "network": "Namma Metro"
      },
      "role": ""
     }
    ]
   },
   "geometry": {
    "type": "Point",
    "coordinates": [
     77.5527546,
     12.8846435
    ]
   }
  },
  {
   "type": "Feature",
   "properties": {
    "code": "APRC",
    "layer": "1",
    "lit": "yes",
    "name": "Konanakunte Cross",
    "name:kn": "ಕೋಣನಕುಂಟೆ ಕ್ರಾಸ್",
    "name:ml": "യലച്ചേനഹള്ളി",
    "name:ta": "கோனானகுன்டே‌ க்ராஸ்",
    "network": "Namma Metro",
    "note": "Contributors are requested to not edit the \"network\" and the \"operator\" tags. (2023/11/08)",
    "operator": "Bangalore Metro Rail Corporation Limited",
    "platforms": "2",
    "public_transport": "station",
    "public_transport:version": "2",
    "railway": "station",
    "shelter": "yes",
    "station": "subway",
    "subway": "yes",
    "website": "https://english.brmc.co.in",
    "wheelchair": "yes",
    "@id": "node/9919651777",
    "@relations": [
     {
      "rel": "Green",
      "reltags": {
       "colour": "#009933",
       "ref": "Green",
       "network": "Namma Metro"
      },
      "role": ""
     }
    ]
   },
   "geometry": {
    "type": "Point",
    "coordinates": [
     77.5626665,
     12.8889671
    ]
   }
  },
  {
   "type": "Feature",
   "properties": {
    "code": "HBGI",
    "layer": "1",
    "lit": "yes",
    "name": "Biocon Hebbagodi",
    "name:en": "Biocon Hebbagodi",
    "name:kn": "ಬಯೋಕಾನ್ ಹೆಬ್ಬಗೋಡಿ",
    "network": "Namma Metro",
    "note": "Contributors are requested to not edit the \"network\" and the \"operator\" tags. (2023/11/08)",
    "operator": "Bangalore Metro Rail Corporation Limited",
    "platforms": "2",
    "public_transport": "station",
    "public_transport:version": "2",
    "railway": "station",
    "shelter": "yes",
    "start_date": "2025-08-10",
    "station": "subway",
    "subway": "yes",
    "website": "https://english.brmc.co.in",
    "wheelchair": "yes",
    "@id": "node/11521199307",
    "@relations": [
     {
      "rel": "Yellow",
      "reltags": {
       "colour": "yellow",
       "ref": "Yellow",
       "network": "Namma Metro"
      },
      "role": ""
     }
    ]
   },
   "geometry": {
    "type": "Point",
    "coordinates": [
     77.6813744,
     12.8290325
    ]
   }
  },
  {
   "type": "Feature",
   "properties": {
    "code": "NGSA",
    "name": "Nagasandra",
    "name:kn": "ನಾಗಸಂದ್ರ",
    "name:ml": "നാഗസന്ദ്ര",
    "network": "Namma Metro",
    "network:wikidata": "Q279343",
    "note": "Contributors are requested to not edit the \"network\" and the \"operator\" tags. (2023/11/08)",
    "operator": "Bangalore Metro Rail Corporation Limited",
    "public_transport": "station",
    "public_transport:version": "2",
    "railway": "station",
    "shelter": "yes",
    "station": "subway",
    "subway": "yes",
    "website": "https://english.brmc.co.in",
    "wheelchair": "yes",
    "wikipedia": "en:Nagasandra metro station",
    "@id": "node/11941173068",
    "@relations": [
     {
      "rel": "Green",
      "reltags": {
       "colour": "#009933",
       "ref": "Green",
       "network": "Namma Metro"
      },
      "role": ""
     }
    ]
   },
   "geometry": {
    "type": "Point",
    "coordinates": [
     77.5001422,
     13.0479536
    ]
   }
  },
  {
   "type": "Feature",
   "properties": {
    "alt_name": "Yeshwantpura",
    "code": "YPM",
    "name": "Yeshwantpur",
    "name:kn": "ಯಶವಂತಪುರ",
    "name:ml": "യശ്വന്തപുര",
    "network": "Namma Metro",
    "network:wikidata": "Q279343",
    "note": "Contributors are requested to not edit the \"network\" and the \"operator\" tags. (2023/11/08)",
    "operator": "Bangalore Metro Rail Corporation Limited",
    "public_transport": "station",
    "public_transport:version": "2",
    "railway": "station",
    "shelter": "yes",
    "station": "subway",
    "subway": "yes",
    "website": "https://english.brmc.co.in",
    "wheelchair": "yes",
    "wikipedia": "en:Yeshwanthpur metro station",
    "@id": "node/11941186869",
    "@relations": [
     {
      "rel": "Green",
      "reltags": {
       "colour": "#009933",
       "ref": "Green",
       "network": "Namma Metro"
      },
      "role": ""
     }
    ]
   },
   "geometry": {
    "type": "Point",
    "coordinates": [
     77.5498751,
     13.0232678
    ]
   }
  },
  {
   "type": "Feature",
   "properties": {
    "alt_name": "Tree Park",
    "code": "KDGD",
    "name": "Kadugodi Tree Park",
    "name:kn": "ಕಾಡುಗೋಡಿ ಟ್ರೀ ಪಾರ್ಕ್",
    "name:ta": "கடுகோடி மரப் பூங்கா",
    "network": "Namma Metro",
    "network:wikidata": "Q279343",
    "note": "Contributors are requested to not edit the \"network\" and the \"operator\" tags. (2023/11/08)",
    "old_name": "Kadugodi",
    "operator": "Bangalore Metro Rail Corporation Limited",
    "public_transport": "station",
    "public_transport:version": "2",
    "railway": "station",
    "shelter": "yes",
    "station": "subway",
    "subway": "yes",
    "website": "https://english.brmc.co.in",
    "wheelchair": "yes",
    "wikipedia": "en:Kadugodi metro station",
    "@id": "node/11941186870",
    "@relations": [
     {
      "rel": "Purple",
      "reltags": {
       "colour": "#e542de",
       "ref": "Purple",
       "network": "Namma Metro"
      },
      "role": ""
     }
    ]
   },
   "geometry": {
    "type": "Point",
    "coordinates": [
     77.7470121,
     12.9856503
    ]
   }
  },
  {
   "type": "Feature",
   "properties": {
    "code": "YPI",
    "name": "Goraguntepalya",
    "name:kn": "ಗೊರಗುಂಟೆಪಾಳ್ಯ",
    "name:ml": "ഗോരഗുണ്ടെപാൾയ",
    "network": "Namma Metro",
    "network:wikidata": "Q279343",
    "note": "Contributors are requested to not edit the \"network\" and the \"operator\" tags. (2023/11/08)",
    "old_name": "Yeshwantpur Industry",
    "operator": "Bangalore Metro Rail Corporation Limited",
    "public_transport": "station",
    "public_transport:version": "2",
    "railway": "station",
    "shelter": "yes",
    "station": "subway",
    "subway": "yes",
    "website": "https://english.brmc.co.in",
    "wheelchair": "yes",
    "@id": "node/1353733806",
    "@relations": [
     {
      "rel": "Green",
      "reltags": {
       "colour": "#009933",
       "ref": "Green",
       "network": "Namma Metro"
      },
      "role": ""
     }
    ]
   },
   "geometry": {
    "type": "Point",
    "coordinates": [
     77.5408483,
     13.0283319
    ]
   }
  },
  {
   "type": "Feature",
   "properties": {
    "addr:floor": "G",
    "level": "0",
    "name": "Baiyappanahalli Station Entrance",
    "operator": "BMRCL",
    "railway": "subway_entrance",
    "ref": "A",
    "wheelchair": "yes",
    "@id": "node/1684513404",
    "station_code": "BYPH"
   },
   "geometry": {
    "type": "Point",
    "coordinates": [
     77.6535236,
     12.9897579
    ]
   }
  },
  {
   "type": "Feature",
   "properties": {
    "alt_name": "A: Orion Mall Side",
    "level": "0",
    "name": "A: Orion Mall",
    "operator": "BMRCL",
    "railway": "subway_entrance",
    "ref": "A",
    "wheelchair": "no",
    "@id": "node/2877041283",
    "station_code": "SSFY"
   },
   "geometry": {
    "type": "Point",
    "coordinates": [
     77.5543785,
     13.0133597
    ]
   }
  },
  {
   "type": "Feature",
   "properties": {
    "alt_name": "D: Plaza Entrance",
    "name": "D: Church Street Side",
    "operator": "BMRCL",
    "railway": "subway_entrance",
    "ref": "D",
    "wheelchair": "limited",
    "@id": "node/3164545466",
    "station_code": "MAGR"
   },
   "geometry": {
    "type": "Point",
    "coordinates": [
     77.6066004,
     12.9748219
    ]
   }
  },
  {
   "type": "Feature",
   "properties": {
    "name": "B: North Side",
    "note": "Occassionally kept closed",
    "operator": "BMRCL",
    "railway": "subway_entrance",
    "ref": "B",
    "@id": "node/3329651041",
    "station_code": "TTY"
   },
   "geometry": {
    "type": "Point",
    "coordinates": [
     77.6173564,
     12.9731055
    ]
   }
  },
  {
   "type": "Feature",
   "properties": {
    "name": "A: South Side",
    "operator": "BMRCL",
    "railway": "subway_entrance",
    "ref": "A",
    "@id": "node/3329651042",
    "station_code": "TTY"
   },
   "geometry": {
    "type": "Point",
    "coordinates": [
     77.6170687,
     12.9728333
    ]
   }
  },
  {
   "type": "Feature",
   "properties": {
    "name": "C: ESI Hospital Side",
    "operator": "BMRCL",
    "railway": "subway_entrance",
    "ref": "C",
    "wheelchair": "yes",
    "@id": "node/3369890774",
    "station_code": "IDN"
   },
   "geometry": {
    "type": "Point",
    "coordinates": [
     77.6389412,
     12.9781471
    ]
   }
  },
  {
   "type": "Feature",
   "properties": {
    "name": "A: Raghavendra Swamy Mutt Side",
    "operator": "BMRCL",
    "railway": "subway_entrance",
    "ref": "A",
    "wheelchair": "no",
    "@id": "node/3369890781",
    "station_code": "IDN"
   },
   "geometry": {
    "type": "Point",
    "coordinates": [
     77.6384492,
     12.9784294
    ]
   }
  },
  {
   "type": "Feature",
   "properties": {
    "name": "E: 80 Feet Road",
    "operator": "BMRCL",
    "railway": "subway_entrance",
    "ref": "E",
    "wheelchair": "no",
    "@id": "node/3370456528",
    "station_code": "SVRD"
   },
   "geometry": {
    "type": "Point",
    "coordinates": [
     77.6442717,
     12.9852598
    ]
   }
  },
  {
   "type": "Feature",
   "properties": {
    "name": "C: 80 Feet Road",
    "operator": "BMRCL",
    "railway": "subway_entrance",
    "ref": "C",
    "wheelchair": "no",
    "@id": "node/3370456530",
    "station_code": "SVRD"
   },
   "geometry": {
    "type": "Point",
    "coordinates": [
     77.6448587,
     12.9854975
    ]
   }
  },
  {
   "type": "Feature",
   "properties": {
    "access": "yes",
    "highway": "elevator",
    "level": "0;1",
    "name": "A",
    "operator": "BMRCL",
    "railway": "subway_entrance",
    "ref": "A",
    "wheelchair": "yes",
    "@id": "node/3370456537",
    "station_code": "SVRD"
   },
   "geometry": {
    "type": "Point",
    "coordinates": [
     77.6444753,
     12.9858712
    ]
   }
  },
  {
   "type": "Feature",
   "properties": {
    "alt_name": "A: Sampige Road",
    "name": "A: PNR Nagar",
    "operator": "BMRCL",
    "railway": "subway_entrance",
    "ref": "A",
    "@id": "node/3393357972",
    "station_code": "SPGD"
   },
   "geometry": {
    "type": "Point",
    "coordinates": [
     77.5712481,
     12.9900464
    ]
   }
  },
  {
   "type": "Feature",
   "properties": {
    "alt_name": "B: Krishna Rao Road",
    "name": "B: Trinity Hospital",
    "operator": "BMRCL",
    "railway": "subway_entrance",
    "ref": "B",
    "wheelchair": "no",
    "@id": "node/3428132034",
    "station_code": "LBGH"
   },
   "geometry": {
    "type": "Point",
    "coordinates": [
     77.5798296,
     12.9457703
    ]
   }
  },
  {
   "type": "Feature",
   "properties": {
    "highway": "elevator",
    "name": "C: Krishna Rao Road",
    "operator": "BMRCL",
    "railway": "subway_entrance",
    "ref": "C",
    "wheelchair": "yes",
    "@id": "node/3428132057",
    "station_code": "LBGH"
   },
   "geometry": {
    "type": "Point",
    "coordinates": [
     77.5799026,
     12.9461605
    ]
   }
  },
  {
   "type": "Feature",
   "properties": {
    "name": "C: Mantri Square Mall",
    "operator": "BMRCL",
    "railway": "subway_entrance",
    "ref": "C",
    "@id": "node/3500872792",
    "station_code": "SPGD"
   },
   "geometry": {
    "type": "Point",
    "coordinates": [
     77.5705534,
     12.9909512
    ]
   }
  },
  {
   "type": "Feature",
   "properties": {
    "level": "0",
    "name": "B: Mysore Sandal Soap Factory",
    "operator": "BMRCL",
    "railway": "subway_entrance",
    "ref": "B",
    "wheelchair": "yes",
    "@id": "node/3585553895",
    "station_code": "SSFY"
   },
   "geometry": {
    "type": "Point",
    "coordinates": [
     77.5539456,
     13.0140197
    ]
   }
  },
  {
   "type": "Feature",
   "properties": {
    "operator": "BMRCL",
    "railway": "subway_entrance",
    "@id": "node/3665546385",
    "station_code": "BYPH"
   },
   "geometry": {
    "type": "Point",
    "coordinates": [
     77.6525126,
     12.9917778
    ]
   }
  },
  {
   "type": "Feature",
   "properties": {
    "operator": "BMRCL",
    "railway": "subway_entrance",
    "@id": "node/3665546395",
    "station_code": "BYPH"
   },
   "geometry": {
    "type": "Point",
    "coordinates": [
     77.6520849,
     12.9921534
    ]
   }
  },
  {
   "type": "Feature",
   "properties": {
    "name": "G: Income Tax Office",
    "operator": "BMRCL",
    "railway": "subway_entrance",
    "ref": "G",
    "@id": "node/3671878175",
    "station_code": "CBPK"
   },
   "geometry": {
    "type": "Point",
    "coordinates": [
     77.5972439,
     12.9813285
    ]
   }
  },
  {
   "type": "Feature",
   "properties": {
    "highway": "elevator",
    "name": "F:",
    "operator": "BMRCL",
    "railway": "subway_entrance",
    "ref": "F",
    "@id": "node/3671878177",
    "station_code": "CBPK"
   },
   "geometry": {
    "type": "Point",
    "coordinates": [
     77.5963211,
     12.9813746
    ]
   }
  },
  {
   "type": "Feature",
   "properties": {
    "operator": "BMRCL",
    "railway": "subway_entrance",
    "wheelchair": "yes",
    "@id": "node/3820147040",
    "station_code": "HLRU"
   },
   "geometry": {
    "type": "Point",
    "coordinates": [
     77.6263339,
     12.9762059
    ]
   }
  },
  {
   "type": "Feature",
   "properties": {
    "level": "0",
    "name": "A1: KSR Railway Station",
    "operator": "BMRCL",
    "railway": "subway_entrance",
    "wheelchair": "yes",
    "@id": "node/4254495751",
    "station_code": "KGWA"
   },
   "geometry": {
    "type": "Point",
    "coordinates": [
     77.5712083,
     12.9758525
    ]
   }
  },
  {
   "type": "Feature",
   "properties": {
    "name": "A: KSR Bengaluru Railway Stn. Side",
    "operator": "BMRCL",
    "railway": "subway_entrance",
    "ref": "A",
    "@id": "node/4536076200",
    "station_code": "BRCS"
   },
   "geometry": {
    "type": "Point",
    "coordinates": [
     77.5670288,
     12.9763198
    ]
   }
  },
  {
   "type": "Feature",
   "properties": {
    "level": "0",
    "name": "D: BMTC Bus Stand",
    "operator": "BMRCL",
    "railway": "subway_entrance",
    "ref": "D",
    "@id": "node/4865775644",
    "station_code": "KGWA"
   },
   "geometry": {
    "type": "Point",
    "coordinates": [
     77.5731485,
     12.9760979
    ]
   }
  },
  {
   "type": "Feature",
   "properties": {
    "name": "D: Outer Ring Road",
    "operator": "BMRCL",
    "railway": "subway_entrance",
    "ref": "D",
    "@id": "node/4907587624",
    "station_code": "JPN"
   },
   "geometry": {
    "type": "Point",
    "coordinates": [
     77.5730097,
     12.906668
    ]
   }
  },
  {
   "type": "Feature",
   "properties": {
    "name": "B: Chinnaswamy Stadium",
    "operator": "BMRCL",
    "railway": "subway_entrance",
    "ref": "B",
    "@id": "node/4979669546",
    "station_code": "CBPK"
   },
   "geometry": {
    "type": "Point",
    "coordinates": [
     77.5979516,
     12.980257
    ]
   }
  },
  {
   "type": "Feature",
   "properties": {
    "access": "permissive",
    "highway": "elevator",
    "name": "D: BSNL Office",
    "operator": "BMRCL",
    "railway": "subway_entrance",
    "ref": "D",
    "wheelchair": "yes",
    "@id": "node/4979669574",
    "station_code": "CBPK"
   },
   "geometry": {
    "type": "Point",
    "coordinates": [
     77.5965643,
     12.9810816
    ]
   }
  },
  {
   "type": "Feature",
   "properties": {
    "name": "C: Cubbon Park",
    "operator": "BMRCL",
    "railway": "subway_entrance",
    "ref": "C",
    "@id": "node/4979669577",
    "station_code": "CBPK"
   },
   "geometry": {
    "type": "Point",
    "coordinates": [
     77.5969463,
     12.9809639
    ]
   }
  },
  {
   "type": "Feature",
   "properties": {
    "name": "A: HAL",
    "operator": "BMRCL",
    "railway": "subway_entrance",
    "ref": "A",
    "@id": "node/5012445080",
    "station_code": "CBPK"
   },
   "geometry": {
    "type": "Point",
    "coordinates": [
     77.5983643,
     12.9807608
    ]
   }
  },
  {
   "type": "Feature",
   "properties": {
    "alt_name": "A: BWSSB Water Tank",
    "door": "no",
    "name": "A: Tata Motors Showroom",
    "operator": "BMRCL",
    "railway": "subway_entrance",
    "ref": "A",
    "wheelchair": "limited",
    "width": "4",
    "@id": "node/5269220031",
    "station_code": "RJNR"
   },
   "geometry": {
    "type": "Point",
    "coordinates": [
     77.5495391,
     12.9994615
    ]
   }
  },
  {
   "type": "Feature",
   "properties": {
    "alt_name": "A: Tata Motors Showroom",
    "highway": "elevator",
    "name": "A: BWSSB Water Tank",
    "operator": "BMRCL",
    "railway": "subway_entrance",
    "ref": "A",
    "wheelchair": "yes",
    "@id": "node/5269220034",
    "station_code": "RJNR"
   },
   "geometry": {
    "type": "Point",
    "coordinates": [
     77.5496234,
     12.9995184
    ]
   }
  },
  {
   "type": "Feature",
   "properties": {
    "name": "B: Ananya Hospital",
    "operator": "BMRCL",
    "railway": "subway_entrance",
    "ref": "B",
    "wheelchair": "no",
    "@id": "node/5269220035",
    "station_code": "RJNR"
   },
   "geometry": {
    "type": "Point",
    "coordinates": [
     77.5500827,
     13.000191
    ]
   }
  },
  {
   "type": "Feature",
   "properties": {
    "name": "C: Outer Ring Road",
    "operator": "BMRCL",
    "railway": "subway_entrance",
    "ref": "C",
    "@id": "node/5279332260",
    "station_code": "MYRD"
   },
   "geometry": {
    "type": "Point",
    "coordinates": [
     77.5306902,
     12.9462443
    ]
   }
  },
  {
   "type": "Feature",
   "properties": {
    "name": "D: Nayandahalli Junction",
    "operator": "BMRCL",
    "railway": "subway_entrance",
    "ref": "D",
    "wheelchair": "yes",
    "@id": "node/5279332262",
    "station_code": "MYRD"
   },
   "geometry": {
    "type": "Point",
    "coordinates": [
     77.5294911,
     12.9464971
    ]
   }
  },
  {
   "type": "Feature",
   "properties": {
    "name": "C: Tank Bund Road Side",
    "operator": "BMRCL",
    "railway": "subway_entrance",
    "ref": "C",
    "@id": "node/5304136793",
    "station_code": "BRCS"
   },
   "geometry": {
    "type": "Point",
    "coordinates": [
     77.5653076,
     12.9754128
    ]
   }
  },
  {
   "type": "Feature",
   "properties": {
    "alt_name": "B: Tank Bund Road",
    "level": "0",
    "name": "C: Upparpete Police Station",
    "operator": "BMRCL",
    "railway": "subway_entrance",
    "ref": "C",
    "wheelchair": "yes",
    "@id": "node/5305932615",
    "station_code": "KGWA"
   },
   "geometry": {
    "type": "Point",
    "coordinates": [
     77.5729169,
     12.9746275
    ]
   }
  },
  {
   "type": "Feature",
   "properties": {
    "level": "0",
    "name": "B: Chikka Lalbagh",
    "operator": "BMRCL",
    "railway": "subway_entrance",
    "ref": "B",
    "wheelchair": "yes",
    "@id": "node/5462852027",
    "station_code": "KGWA"
   },
   "geometry": {
    "type": "Point",
    "coordinates": [
     77.5730334,
     12.9741855
    ]
   }
  },
  {
   "type": "Feature",
   "properties": {
    "level": "0",
    "operator": "BMRCL",
    "railway": "subway_entrance",
    "ref": "A",
    "wheelchair": "yes",
    "@id": "node/5462859407",
    "station_code": "KGWA"
   },
   "geometry": {
    "type": "Point",
    "coordinates": [
     77.571201,
     12.9757334
    ]
   }
  },
  {
   "type": "Feature",
   "properties": {
    "name": "C: Brigade Road Side",
    "operator": "BMRCL",
    "railway": "subway_entrance",
    "ref": "C",
    "wheelchair": "yes",
    "@id": "node/6584009929",
    "station_code": "MAGR"
   },
   "geometry": {
    "type": "Point",
    "coordinates": [
     77.6066829,
     12.9752542
    ]
   }
  },
  {
   "type": "Feature",
   "properties": {
    "name": "G",
    "operator": "BMRCL",
    "railway": "subway_entrance",
    "ref": "G",
    "wheelchair": "no",
    "@id": "node/6631824079",
    "station_code": "YPM"
   },
   "geometry": {
    "type": "Point",
    "coordinates": [
     77.5504697,
     13.023149
    ]
   }
  },
  {
   "type": "Feature",
   "properties": {
    "name": "E",
    "operator": "BMRCL",
    "railway": "subway_entrance",
    "ref": "E",
    "wheelchair": "no",
    "@id": "node/6631824080",
    "station_code": "YPM"
   },
   "geometry": {
    "type": "Point",
    "coordinates": [
     77.5503358,
     13.0236209
    ]
   }
  },
  {
   "type": "Feature",
   "properties": {
    "name": "E: Maruti Suzuki (RNS)",
    "operator": "BMRCL",
    "railway": "subway_entrance",
    "ref": "E",
    "wheelchair": "no",
    "@id": "node/6654524744",
    "station_code": "YPI"
   },
   "geometry": {
    "type": "Point",
    "coordinates": [
     77.5414416,
     13.0283383
    ]
   }
  },
  {
   "type": "Feature",
   "properties": {
    "name": "C",
    "operator": "BMRCL",
    "railway": "subway_entrance",
    "ref": "C",
    "wheelchair": "no",
    "@id": "node/7093027173",
    "station_code": "YPM"
   },
   "geometry": {
    "type": "Point",
    "coordinates": [
     77.5489865,
     13.0234578
    ]
   }
  },
  {
   "type": "Feature",
   "properties": {
    "name": "A",
    "operator": "BMRCL",
    "railway": "subway_entrance",
    "ref": "A",
    "wheelchair": "no",
    "@id": "node/7093027174",
    "station_code": "YPM"
   },
   "geometry": {
    "type": "Point",
    "coordinates": [
     77.5504978,
     13.0225846
    ]
   }
  },
  {
   "type": "Feature",
   "properties": {
    "name": "A: Bapuji Nagar",
    "operator": "BMRCL",
    "railway": "subway_entrance",
    "ref": "A",
    "@id": "node/7164440801",
    "station_code": "DJNR"
   },
   "geometry": {
    "type": "Point",
    "coordinates": [
     77.5372928,
     12.9520147
    ]
   }
  },
  {
   "type": "Feature",
   "properties": {
    "name": "B",
    "operator": "BMRCL",
    "railway": "subway_entrance",
    "ref": "B",
    "wheelchair": "yes",
    "@id": "node/7164440802",
    "station_code": "DJNR"
   },
   "geometry": {
    "type": "Point",
    "coordinates": [
     77.5368174,
     12.9521944
    ]
   }
  },
  {
   "type": "Feature",
   "properties": {
    "name": "A: Srinivasa Temple",
    "operator": "BMRCL",
    "railway": "subway_entrance",
    "ref": "A",
    "wheelchair": "limited",
    "@id": "node/7201052036",
    "station_code": "MHLI"
   },
   "geometry": {
    "type": "Point",
    "coordinates": [
     77.5485777,
     13.007826
    ]
   }
  },
  {
   "type": "Feature",
   "properties": {
    "name": "C: ISKCON Temple",
    "operator": "BMRCL",
    "railway": "subway_entrance",
    "ref": "C",
    "wheelchair": "yes",
    "@id": "node/7201052037",
    "station_code": "MHLI"
   },
   "geometry": {
    "type": "Point",
    "coordinates": [
     77.5489417,
     13.0079147
    ]
   }
  },
  {
   "type": "Feature",
   "properties": {
    "highway": "elevator",
    "name": "A: Srinivasa Temple",
    "operator": "BMRCL",
    "railway": "subway_entrance",
    "ref": "A",
    "wheelchair": "no",
    "@id": "node/7215550064",
    "station_code": "MHLI"
   },
   "geometry": {
    "type": "Point",
    "coordinates": [
     77.5486017,
     13.0080002
    ]
   }
  },
  {
   "type": "Feature",
   "properties": {
    "level": "0",
    "name": "A: Konanakunte Village",
    "operator": "BMRCL",
    "railway": "subway_entrance",
    "ref": "A",
    "wheelchair": "yes",
    "@id": "node/8318600528",
    "station_code": "APRC"
   },
   "geometry": {
    "type": "Point",
    "coordinates": [
     77.5628936,
     12.8888731
    ]
   }
  },
  {
   "type": "Feature",
   "properties": {
    "level": "0",
    "name": "B: Vasanthapura Main Road",
    "operator": "BMRCL",
    "railway": "subway_entrance",
    "ref": "B",
    "wheelchair": "yes",
    "@id": "node/8318600529",
    "station_code": "APRC"
   },
   "geometry": {
    "type": "Point",
    "coordinates": [
     77.5625824,
     12.8891094
    ]
   }
  },
  {
   "type": "Feature",
   "properties": {
    "level": "0",
    "name": "B",
    "operator": "BMRCL",
    "railway": "subway_entrance",
    "ref": "B",
    "wheelchair": "yes",
    "@id": "node/8318600546",
    "station_code": "KLPK"
   },
   "geometry": {
    "type": "Point",
    "coordinates": [
     77.5526913,
     12.8848165
    ]
   }
  },
  {
   "type": "Feature",
   "properties": {
    "level": "0",
    "name": "A: Doddakallasandra",
    "operator": "BMRCL",
    "railway": "subway_entrance",
    "ref": "A",
    "wheelchair": "yes",
    "@id": "node/8318600547",
    "station_code": "KLPK"
   },
   "geometry": {
    "type": "Point",
    "coordinates": [
     77.5528308,
     12.8844656
    ]
   }
  },
  {
   "type": "Feature",
   "properties": {
    "level": "0",
    "name": "B: Raghuvanahalli",
    "operator": "BMRCL",
    "railway": "subway_entrance",
    "ref": "B",
    "wheelchair": "yes",
    "@id": "node/8318600561",
    "station_code": "VJRH"
   },
   "geometry": {
    "type": "Point",
    "coordinates": [
     77.5445791,
     12.8775861
    ]
   }
  },
  {
   "type": "Feature",
   "properties": {
    "level": "0",
    "name": "A: Bayanapalya",
    "operator": "BMRCL",
    "railway": "subway_entrance",
    "ref": "A",
    "wheelchair": "yes",
    "@id": "node/8318600562",
    "station_code": "VJRH"
   },
   "geometry": {
    "type": "Point",
    "coordinates": [
     77.5449328,
     12.8774413
    ]
   }
  },
  {
   "type": "Feature",
   "properties": {
    "level": "0",
    "name": "B: Thalaghattapura Police Station",
    "operator": "BMRCL",
    "railway": "subway_entrance",
    "ref": "B",
    "wheelchair": "yes",
    "@id": "node/8318600575",
    "station_code": "TGTP"
   },
   "geometry": {
    "type": "Point",
    "coordinates": [
     77.5382252,
     12.8715193
    ]
   }
  },
  {
   "type": "Feature",
   "properties": {
    "level": "0",
    "name": "A",
    "operator": "BMRCL",
    "railway": "subway_entrance",
    "ref": "A",
    "wheelchair": "yes",
    "@id": "node/8318600576",
    "station_code": "TGTP"
   },
   "geometry": {
    "type": "Point",
    "coordinates": [
     77.5385271,
     12.8713
    ]
   }
  },
  {
   "type": "Feature",
   "properties": {
    "level": "0",
    "name": "A: Judicial Layout (BDA)",
    "operator": "BMRCL",
    "railway": "subway_entrance",
    "ref": "A",
    "wheelchair": "yes",
    "@id": "node/8318600589",
    "station_code": "APTS"
   },
   "geometry": {
    "type": "Point",
    "coordinates": [
     77.5301618,
     12.8616691
    ]
   }
  },
  {
   "type": "Feature",
   "properties": {
    "level": "0",
    "name": "B: Anjanapura Township",
    "operator": "BMRCL",
    "railway": "subway_entrance",
    "ref": "B",
    "wheelchair": "yes",
    "@id": "node/8318600590",
    "station_code": "APTS"
   },
   "geometry": {
    "type": "Point",
    "coordinates": [
     77.5296769,
     12.8615644
    ]
   }
  },
  {
   "type": "Feature",
   "properties": {
    "name": "A: Bangalore University",
    "operator": "BMRCL",
    "railway": "subway_entrance",
    "ref": "A",
    "@id": "node/9140200259",
    "station_code": "VSWA"
   },
   "geometry": {
    "type": "Point",
    "coordinates": [
     77.5846674,
     12.9749374
    ]
   }
  },
  {
   "type": "Feature",
   "properties": {
    "name": "D: Cubbon Park/RBI Side",
    "operator": "BMRCL",
    "railway": "subway_entrance",
    "ref": "D",
    "@id": "node/9161059598",
    "station_code": "VDSA"
   },
   "geometry": {
    "type": "Point",
    "coordinates": [
     77.5910052,
     12.9776274
    ]
   }
  },
  {
   "type": "Feature",
   "properties": {
    "name": "A: RV College of Engineering",
    "name:kn": "ಪಟ್ಟಣಗೆರೆ",
    "operator": "BMRCL",
    "railway": "subway_entrance",
    "ref": "A",
    "wheelchair": "yes",
    "@id": "node/9199245472",
    "station_code": "PATG"
   },
   "geometry": {
    "type": "Point",
    "coordinates": [
     77.4982484,
     12.924066
    ]
   }
  },
  {
   "type": "Feature",
   "properties": {
    "name": "C: City Civil Court",
    "operator": "BMRCL",
    "railway": "subway_entrance",
    "ref": "C",
    "@id": "node/9296328865",
    "station_code": "VSWA"
   },
   "geometry": {
    "type": "Point",
    "coordinates": [
     77.5829576,
     12.9735046
    ]
   }
  },
  {
   "type": "Feature",
   "properties": {
    "name": "A: Jayanagar 5th Block Side",
    "operator": "BMRCL",
    "railway": "subway_entrance",
    "ref": "A",
    "wheelchair": "no",
    "@id": "node/9611226734",
    "station_code": "RVR"
   },
   "geometry": {
    "type": "Point",
    "coordinates": [
     77.5804076,
     12.920954
    ]
   }
  },
  {
   "type": "Feature",
   "properties": {
    "name": "A: Sri Shwetambhar Terapanth Jain Bhavan",
    "operator": "BMRCL",
    "railway": "subway_entrance",
    "ref": "A",
    "@id": "node/9654247761",
    "station_code": "BGUC"
   },
   "geometry": {
    "type": "Point",
    "coordinates": [
     77.5122087,
     12.9350973
    ]
   }
  },
  {
   "type": "Feature",
   "properties": {
    "highway": "elevator",
    "name": "A: Maruthi Extension",
    "operator": "BMRCL",
    "railway": "subway_entrance",
    "ref": "A",
    "wheelchair": "yes",
    "@id": "node/9759859774",
    "station_code": "SPRU"
   },
   "geometry": {
    "type": "Point",
    "coordinates": [
     77.5635846,
     12.9966847
    ]
   }
  },
  {
   "type": "Feature",
   "properties": {
    "name": "B: Maruthi Extension",
    "railway": "subway_entrance",
    "ref": "B",
    "@id": "node/9759859787",
    "station_code": "SPRU"
   },
   "geometry": {
    "type": "Point",
    "coordinates": [
     77.5639259,
     12.9965208
    ]
   }
  },
  {
   "type": "Feature",
   "properties": {
    "emergency": "yes",
    "name": "Emergency Exit",
    "note": "Often kept closed",
    "operator": "BMRCL",
    "railway": "subway_entrance",
    "@id": "node/9777549158",
    "station_code": "VSWA"
   },
   "geometry": {
    "type": "Point",
    "coordinates": [
     77.5847663,
     12.9744571
    ]
   }
  },
  {
   "type": "Feature",
   "properties": {
    "name": "B: ESI Hospital Side",
    "operator": "BMRCL",
    "railway": "subway_entrance",
    "ref": "B",
    "wheelchair": "yes",
    "@id": "node/9950846471",
    "station_code": "IDN"
   },
   "geometry": {
    "type": "Point",
    "coordinates": [
     77.6392532,
     12.9782029
    ]
   }
  },
  {
   "type": "Feature",
   "properties": {
    "name": "B:",
    "railway": "subway_entrance",
    "ref": "B",
    "@id": "node/9953193070",
    "station_code": "KRMT"
   },
   "geometry": {
    "type": "Point",
    "coordinates": [
     77.5750586,
     12.9606712
    ]
   }
  },
  {
   "type": "Feature",
   "properties": {
    "highway": "elevator",
    "name": "C: South Side",
    "operator": "BMRCL",
    "railway": "subway_entrance",
    "ref": "C",
    "@id": "node/10162602109",
    "station_code": "TTY"
   },
   "geometry": {
    "type": "Point",
    "coordinates": [
     77.6171978,
     12.9726044
    ]
   }
  },
  {
   "type": "Feature",
   "properties": {
    "highway": "elevator",
    "name": "C: High Court Side",
    "operator": "BMRCL",
    "railway": "subway_entrance",
    "ref": "C",
    "@id": "node/10162674833",
    "station_code": "VDSA"
   },
   "geometry": {
    "type": "Point",
    "coordinates": [
     77.5923487,
     12.9791847
    ]
   }
  },
  {
   "type": "Feature",
   "properties": {
    "name": "E: Vikasa Soudha Side",
    "operator": "BMRCL",
    "railway": "subway_entrance",
    "ref": "E",
    "@id": "node/10162674834",
    "station_code": "VDSA"
   },
   "geometry": {
    "type": "Point",
    "coordinates": [
     77.5902757,
     12.9776599
    ]
   }
  },
  {
   "type": "Feature",
   "properties": {
    "name": "A: Vidhana Soudha/Indian Express Side",
    "operator": "BMRCL",
    "railway": "subway_entrance",
    "ref": "A",
    "wheelchair": "no",
    "@id": "node/10162674835",
    "station_code": "VDSA"
   },
   "geometry": {
    "type": "Point",
    "coordinates": [
     77.5926339,
     12.980113
    ]
   }
  },
  {
   "type": "Feature",
   "properties": {
    "name": "B: High Court Side",
    "operator": "BMRCL",
    "railway": "subway_entrance",
    "ref": "B",
    "@id": "node/10162674836",
    "station_code": "VDSA"
   },
   "geometry": {
    "type": "Point",
    "coordinates": [
     77.5925717,
     12.9794236
    ]
   }
  },
  {
   "type": "Feature",
   "properties": {
    "name": "E: Prestige Minsk Square",
    "operator": "BMRCL",
    "railway": "subway_entrance",
    "ref": "E",
    "@id": "node/10183537171",
    "station_code": "CBPK"
   },
   "geometry": {
    "type": "Point",
    "coordinates": [
     77.5964389,
     12.9817513
    ]
   }
  },
  {
   "type": "Feature",
   "properties": {
    "name": "C: Prakash Nagar",
    "railway": "subway_entrance",
    "ref": "C",
    "@id": "node/10572417852",
    "station_code": "SPRU"
   },
   "geometry": {
    "type": "Point",
    "coordinates": [
     77.5636915,
     12.9962392
    ]
   }
  },
  {
   "type": "Feature",
   "properties": {
    "highway": "elevator",
    "name": "C: JP Nagar 6th Phase",
    "railway": "subway_entrance",
    "ref": "C",
    "wheelchair": "yes",
    "@id": "node/10607507429",
    "station_code": "JPN"
   },
   "geometry": {
    "type": "Point",
    "coordinates": [
     77.5734008,
     12.9071324
    ]
   }
  },
  {
   "type": "Feature",
   "properties": {
    "name": "B: JP Nagar 6th Phase",
    "railway": "subway_entrance",
    "ref": "B",
    "@id": "node/10607507430",
    "station_code": "JPN"
   },
   "geometry": {
    "type": "Point",
    "coordinates": [
     77.5733691,
     12.9074923
    ]
   }
  },
  {
   "type": "Feature",
   "properties": {
    "highway": "elevator",
    "name": "C: Kanakapura Road",
    "operator": "BMRCL",
    "railway": "subway_entrance",
    "ref": "C",
    "wheelchair": "yes",
    "@id": "node/10823514266",
    "station_code": "SECE"
   },
   "geometry": {
    "type": "Point",
    "coordinates": [
     77.5798386,
     12.9381844
    ]
   }
  },
  {
   "type": "Feature",
   "properties": {
    "name": "B: South End Circle",
    "operator": "BMRCL",
    "railway": "subway_entrance",
    "ref": "B",
    "wheelchair": "no",
    "@id": "node/10823514267",
    "station_code": "SECE"
   },
   "geometry": {
    "type": "Point",
    "coordinates": [
     77.5799036,
     12.937897
    ]
   }
  },
  {
   "type": "Feature",
   "properties": {
    "name": "C: Vanivilas Hospital/Bangalore Medical College Side",
    "railway": "subway_entrance",
    "ref": "C",
    "@id": "node/10853089376",
    "station_code": "KRMT"
   },
   "geometry": {
    "type": "Point",
    "coordinates": [
     77.5743101,
     12.9600026
    ]
   }
  },
  {
   "type": "Feature",
   "properties": {
    "name": "D: Vanivilas Hospital/Bangalore Medical College Side",
    "railway": "subway_entrance",
    "ref": "D",
    "@id": "node/10853089381",
    "station_code": "KRMT"
   },
   "geometry": {
    "type": "Point",
    "coordinates": [
     77.5746226,
     12.9607528
    ]
   }
  },
  {
   "type": "Feature",
   "properties": {
    "name": "E: Vanivilas Hospital Side",
    "railway": "subway_entrance",
    "ref": "E",
    "@id": "node/10853089391",
    "station_code": "KRMT"
   },
   "geometry": {
    "type": "Point",
    "coordinates": [
     77.5753174,
     12.9618599
    ]
   }
  },
  {
   "type": "Feature",
   "properties": {
    "name": "A: Kalasipalyam Side",
    "operator": "BMRCL",
    "railway": "subway_entrance",
    "ref": "A",
    "@id": "node/10853089396",
    "station_code": "KRMT"
   },
   "geometry": {
    "type": "Point",
    "coordinates": [
     77.5756755,
     12.9618644
    ]
   }
  },
  {
   "type": "Feature",
   "properties": {
    "name": "A: Shakambari Nagar Side",
    "operator": "BMRCL",
    "railway": "subway_entrance",
    "ref": "A",
    "wheelchair": "no",
    "@id": "node/10853169822",
    "station_code": "BSNK"
   },
   "geometry": {
    "type": "Point",
    "coordinates": [
     77.5739669,
     12.9161802
    ]
   }
  },
  {
   "type": "Feature",
   "properties": {
    "name": "D: Banashankari Temple Side",
    "railway": "subway_entrance",
    "ref": "D",
    "wheelchair": "no",
    "@id": "node/10853169823",
    "station_code": "BSNK"
   },
   "geometry": {
    "type": "Point",
    "coordinates": [
     77.573433,
     12.9164402
    ]
   }
  },
  {
   "type": "Feature",
   "properties": {
    "highway": "elevator",
    "name": "B: Shakambari Nagar Side",
    "railway": "subway_entrance",
    "ref": "B",
    "wheelchair": "yes",
    "@id": "node/10853169838",
    "station_code": "BSNK"
   },
   "geometry": {
    "type": "Point",
    "coordinates": [
     77.5738745,
     12.9156092
    ]
   }
  },
  {
   "type": "Feature",
   "properties": {
    "name": "B: Kamaraj Road Side",
    "operator": "BMRCL",
    "railway": "subway_entrance",
    "ref": "B",
    "wheelchair": "yes",
    "@id": "node/11214889012",
    "station_code": "MAGR"
   },
   "geometry": {
    "type": "Point",
    "coordinates": [
     77.6071818,
     12.9754943
    ]
   }
  },
  {
   "type": "Feature",
   "properties": {
    "addr:floor": "G",
    "door": "yes",
    "level": "0",
    "name": "A: Kumble Circle Side",
    "operator": "BMRCL",
    "railway": "subway_entrance",
    "ref": "A",
    "wheelchair": "yes",
    "@id": "node/11215576585",
    "station_code": "MAGR"
   },
   "geometry": {
    "type": "Point",
    "coordinates": [
     77.60647,
     12.9756606
    ]
   }
  },
  {
   "type": "Feature",
   "properties": {
    "name": "KTPO Side",
    "railway": "subway_entrance",
    "ref": "A",
    "wheelchair": "yes",
    "@id": "node/11215591532",
    "station_code": "KDNH"
   },
   "geometry": {
    "type": "Point",
    "coordinates": [
     77.7156624,
     12.9777452
    ]
   }
  },
  {
   "type": "Feature",
   "properties": {
    "name": "Kundalahalli Side",
    "railway": "subway_entrance",
    "ref": "B",
    "wheelchair": "yes",
    "@id": "node/11215591533",
    "station_code": "KDNH"
   },
   "geometry": {
    "type": "Point",
    "coordinates": [
     77.7156647,
     12.9773919
    ]
   }
  },
  {
   "type": "Feature",
   "properties": {
    "name": "C: Goraguntepalya",
    "operator": "BMRCL",
    "railway": "subway_entrance",
    "ref": "C",
    "to": "Gorgantapalaya Shiva Temple",
    "wheelchair": "no",
    "@id": "node/11231119956",
    "station_code": "YPI"
   },
   "geometry": {
    "type": "Point",
    "coordinates": [
     77.5403086,
     13.0283897
    ]
   }
  },
  {
   "type": "Feature",
   "properties": {
    "door": "overhead",
    "name": "B: Doddanekkundi",
    "railway": "subway_entrance",
    "ref": "B",
    "wheelchair": "yes",
    "@id": "node/11298101306",
    "station_code": "VWIA"
   },
   "geometry": {
    "type": "Point",
    "coordinates": [
     77.7086559,
     12.9807203
    ]
   }
  },
  {
   "type": "Feature",
   "properties": {
    "door": "overhead",
    "name": "A: Seetharampalya",
    "operator": "BMRCL",
    "railway": "subway_entrance",
    "ref": "A",
    "wheelchair": "yes",
    "@id": "node/11298101307",
    "station_code": "VWIA"
   },
   "geometry": {
    "type": "Point",
    "coordinates": [
     77.7089872,
     12.980889
    ]
   }
  },
  {
   "type": "Feature",
   "properties": {
    "name": "C: Sultanpete",
    "railway": "subway_entrance",
    "ref": "C",
    "@id": "node/11310106745",
    "station_code": "CKPE"
   },
   "geometry": {
    "type": "Point",
    "coordinates": [
     77.5741486,
     12.9666193
    ]
   }
  },
  {
   "type": "Feature",
   "properties": {
    "name": "B: KR Market",
    "railway": "subway_entrance",
    "ref": "B",
    "@id": "node/11310106750",
    "station_code": "CKPE"
   },
   "geometry": {
    "type": "Point",
    "coordinates": [
     77.5748735,
     12.9659376
    ]
   }
  },
  {
   "type": "Feature",
   "properties": {
    "name": "D: BVK Iyengar Road",
    "railway": "subway_entrance",
    "ref": "D",
    "wheelchair": "yes",
    "@id": "node/11310129304",
    "station_code": "CKPE"
   },
   "geometry": {
    "type": "Point",
    "coordinates": [
     77.5746599,
     12.9674605
    ]
   }
  },
  {
   "type": "Feature",
   "properties": {
    "name": "A: BVK Iyengar Road",
    "operator": "BMRCL",
    "railway": "subway_entrance",
    "ref": "A",
    "@id": "node/11310129310",
    "station_code": "CKPE"
   },
   "geometry": {
    "type": "Point",
    "coordinates": [
     77.5746839,
     12.9676657
    ]
   }
  },
  {
   "type": "Feature",
   "properties": {
    "name": "E: Minerva Mills Road Side",
    "operator": "BMRCL",
    "railway": "subway_entrance",
    "ref": "E",
    "@id": "node/11341218834",
    "station_code": "BRCS"
   },
   "geometry": {
    "type": "Point",
    "coordinates": [
     77.5644672,
     12.976257
    ]
   }
  },
  {
   "type": "Feature",
   "properties": {
    "name": "D: Tank Bund Road Side",
    "operator": "BMRCL",
    "railway": "subway_entrance",
    "ref": "D",
    "@id": "node/11341218836",
    "station_code": "BRCS"
   },
   "geometry": {
    "type": "Point",
    "coordinates": [
     77.5646505,
     12.9760816
    ]
   }
  },
  {
   "type": "Feature",
   "properties": {
    "name": "D: City Civil Court",
    "operator": "BMRCL",
    "railway": "subway_entrance",
    "ref": "D",
    "@id": "node/11408768750",
    "station_code": "VSWA"
   },
   "geometry": {
    "type": "Point",
    "coordinates": [
     77.5827644,
     12.9738342
    ]
   }
  },
  {
   "type": "Feature",
   "properties": {
    "highway": "elevator",
    "name": "E: City Civil Court",
    "operator": "BMRCL",
    "railway": "subway_entrance",
    "ref": "E",
    "wheelchair": "yes",
    "@id": "node/11408768761",
    "station_code": "VSWA"
   },
   "geometry": {
    "type": "Point",
    "coordinates": [
     77.5832262,
     12.9740883
    ]
   }
  },
  {
   "type": "Feature",
   "properties": {
    "highway": "elevator",
    "railway": "subway_entrance",
    "wheelchair": "yes",
    "@id": "node/11417649228",
    "station_code": "KRMT"
   },
   "geometry": {
    "type": "Point",
    "coordinates": [
     77.5744837,
     12.9605194
    ]
   }
  },
  {
   "type": "Feature",
   "properties": {
    "highway": "elevator",
    "railway": "subway_entrance",
    "wheelchair": "yes",
    "@id": "node/11417649267",
    "station_code": "KRMT"
   },
   "geometry": {
    "type": "Point",
    "coordinates": [
     77.5751036,
     12.9613935
    ]
   }
  },
  {
   "type": "Feature",
   "properties": {
    "level": "0",
    "name": "A: KR Pura/Mahadevapura Side",
    "railway": "subway_entrance",
    "ref": "A",
    "wheelchair": "yes",
    "@id": "node/11446092838",
    "station_code": "JTPM"
   },
   "geometry": {
    "type": "Point",
    "coordinates": [
     77.6689,
     12.9972777
    ]
   }
  },
  {
   "type": "Feature",
   "properties": {
    "railway": "subway_entrance",
    "@id": "node/11521368779",
    "station_code": "OFDC"
   },
   "geometry": {
    "type": "Point",
    "coordinates": [
     77.6315367,
     12.9021429
    ]
   }
  },
  {
   "type": "Feature",
   "properties": {
    "railway": "subway_entrance",
    "@id": "node/11521368786",
    "station_code": "CKBR"
   },
   "geometry": {
    "type": "Point",
    "coordinates": [
     77.6444081,
     12.8812146
    ]
   }
  },
  {
   "type": "Feature",
   "properties": {
    "railway": "subway_entrance",
    "@id": "node/11521368791",
    "station_code": "BSRD"
   },
   "geometry": {
    "type": "Point",
    "coordinates": [
     77.6527176,
     12.8702321
    ]
   }
  },
  {
   "type": "Feature",
   "properties": {
    "railway": "subway_entrance",
    "@id": "node/11521368822",
    "station_code": "HOSR"
   },
   "geometry": {
    "type": "Point",
    "coordinates": [
     77.6583079,
     12.8633791
    ]
   }
  },
  {
   "type": "Feature",
   "properties": {
    "name": "A: Mysore Road",
    "railway": "subway_entrance",
    "ref": "A",
    "@id": "node/11669547578",
    "station_code": "CLGA"
   },
   "geometry": {
    "type": "Point",
    "coordinates": [
     77.4614556,
     12.8973263
    ]
   }
  },
  {
   "type": "Feature",
   "properties": {
    "level": "0",
    "railway": "subway_entrance",
    "ref": "D",
    "@id": "node/11827253915",
    "station_code": "VDHP"
   },
   "geometry": {
    "type": "Point",
    "coordinates": [
     77.7253045,
     12.9764642
    ]
   }
  },
  {
   "type": "Feature",
   "properties": {
    "level": "1",
    "name": "IKEA Side",
    "railway": "subway_entrance",
    "@id": "node/11897176795",
    "station_code": "NGSA"
   },
   "geometry": {
    "type": "Point",
    "coordinates": [
     77.5003965,
     13.0481929
    ]
   }
  },
  {
   "type": "Feature",
   "properties": {
    "level": "0",
    "name": "A: Kaveri Nagara Side",
    "railway": "subway_entrance",
    "ref": "A",
    "wheelchair": "yes",
    "@id": "node/11933395712",
    "station_code": "GDCP"
   },
   "geometry": {
    "type": "Point",
    "coordinates": [
     77.7038859,
     12.9935502
    ]
   }
  },
  {
   "type": "Feature",
   "properties": {
    "name": "B: MS Ramaiah Enclave Side",
    "railway": "subway_entrance",
    "@id": "node/11981110991",
    "station_code": "NGSA"
   },
   "geometry": {
    "type": "Point",
    "coordinates": [
     77.5007861,
     13.0478236
    ]
   }
  },
  {
   "type": "Feature",
   "properties": {
    "name": "A: Manjunath Nagar Side",
    "railway": "subway_entrance",
    "@id": "node/11981110996",
    "station_code": "NGSA"
   },
   "geometry": {
    "type": "Point",
    "coordinates": [
     77.4997106,
     13.0483334
    ]
   }
  },
  {
   "type": "Feature",
   "properties": {
    "name": "C: Shankarapura",
    "railway": "subway_entrance",
    "ref": "C",
    "@id": "node/12009601980",
    "station_code": "NLC"
   },
   "geometry": {
    "type": "Point",
    "coordinates": [
     77.5735814,
     12.9501226
    ]
   }
  },
  {
   "type": "Feature",
   "properties": {
    "name": "A: Lalbagh West Gate",
    "railway": "subway_entrance",
    "ref": "A",
    "wheelchair": "no",
    "@id": "node/12009602003",
    "station_code": "LBGH"
   },
   "geometry": {
    "type": "Point",
    "coordinates": [
     77.5801928,
     12.9462397
    ]
   }
  },
  {
   "type": "Feature",
   "properties": {
    "name": "A: Vijaya College",
    "operator": "BMRCL",
    "railway": "subway_entrance",
    "ref": "A",
    "wheelchair": "no",
    "@id": "node/12048924772",
    "station_code": "SECE"
   },
   "geometry": {
    "type": "Point",
    "coordinates": [
     77.5802177,
     12.9379241
    ]
   }
  },
  {
   "type": "Feature",
   "properties": {
    "name": "B: Sri Sathya Sai Hospital Side",
    "railway": "subway_entrance",
    "wheelchair": "yes",
    "@id": "node/12072910394",
    "station_code": "SSHP"
   },
   "geometry": {
    "type": "Point",
    "coordinates": [
     77.7276967,
     12.9811011
    ]
   }
  },
  {
   "type": "Feature",
   "properties": {
    "name": "A: KIADB Industrial Area Side",
    "railway": "subway_entrance",
    "wheelchair": "yes",
    "@id": "node/12072910396",
    "station_code": "SSHP"
   },
   "geometry": {
    "type": "Point",
    "coordinates": [
     77.7274396,
     12.9811648
    ]
   }
  },
  {
   "type": "Feature",
   "properties": {
    "level": "1",
    "railway": "subway_entrance",
    "@id": "node/12134110035",
    "station_code": "KRAM"
   },
   "geometry": {
    "type": "Point",
    "coordinates": [
     77.6773384,
     12.9999984
    ]
   }
  },
  {
   "type": "Feature",
   "properties": {
    "name": "B: Whitefield Railway Station",
    "railway": "subway_entrance",
    "ref": "B",
    "wheelchair": "steps",
    "@id": "node/12135161072",
    "station_code": "WHTM"
   },
   "geometry": {
    "type": "Point",
    "coordinates": [
     77.7580792,
     12.9959271
    ]
   }
  },
  {
   "type": "Feature",
   "properties": {
    "name": "A: Whitefield Traffic Police Station",
    "railway": "subway_entrance",
    "ref": "A",
    "wheelchair": "yes",
    "@id": "node/12135161086",
    "station_code": "WHTM"
   },
   "geometry": {
    "type": "Point",
    "coordinates": [
     77.7578338,
     12.9950455
    ]
   }
  },
  {
   "type": "Feature",
   "properties": {
    "level": "0",
    "name": "D: 80 Feet Road",
    "operator": "BMRCL",
    "railway": "subway_entrance",
    "ref": "D",
    "wheelchair": "yes",
    "@id": "node/12136946731",
    "station_code": "SVRD"
   },
   "geometry": {
    "type": "Point",
    "coordinates": [
     77.644561,
     12.9854117
    ]
   }
  },
  {
   "type": "Feature",
   "properties": {
    "name": "C: Jayanagar 7th Block",
    "railway": "subway_entrance",
    "ref": "C",
    "@id": "node/12147101386",
    "station_code": "JYN"
   },
   "geometry": {
    "type": "Point",
    "coordinates": [
     77.5800156,
     12.9299766
    ]
   }
  },
  {
   "type": "Feature",
   "properties": {
    "highway": "elevator",
    "name": "A: Jayanagar 4th Block",
    "railway": "subway_entrance",
    "ref": "A",
    "wheelchair": "yes",
    "@id": "node/12147101829",
    "station_code": "JYN"
   },
   "geometry": {
    "type": "Point",
    "coordinates": [
     77.5803872,
     12.9292989
    ]
   }
  },
  {
   "type": "Feature",
   "properties": {
    "name": "B: Jayanagar 4th Block",
    "railway": "subway_entrance",
    "ref": "B",
    "@id": "node/12147101830",
    "station_code": "JYN"
   },
   "geometry": {
    "type": "Point",
    "coordinates": [
     77.5803242,
     12.9290089
    ]
   }
  },
  {
   "type": "Feature",
   "properties": {
    "level": "0",
    "railway": "subway_entrance",
    "ref": "C",
    "wheelchair": "yes",
    "@id": "node/12147783383",
    "station_code": "VDHP"
   },
   "geometry": {
    "type": "Point",
    "coordinates": [
     77.7246538,
     12.9765124
    ]
   }
  },
  {
   "type": "Feature",
   "properties": {
    "level": "0",
    "railway": "subway_entrance",
    "ref": "B",
    "@id": "node/12147783398",
    "station_code": "VDHP"
   },
   "geometry": {
    "type": "Point",
    "coordinates": [
     77.7249971,
     12.976495
    ]
   }
  },
  {
   "type": "Feature",
   "properties": {
    "level": "0",
    "name": "A: KR Puram Railway Station Side",
    "railway": "subway_entrance",
    "ref": "A",
    "@id": "node/12174567575",
    "station_code": "KRAM"
   },
   "geometry": {
    "type": "Point",
    "coordinates": [
     77.6768971,
     12.9998684
    ]
   }
  },
  {
   "type": "Feature",
   "properties": {
    "level": "0",
    "name": "A: Singayyanapalya Side",
    "railway": "subway_entrance",
    "ref": "A",
    "wheelchair": "no",
    "@id": "node/12174614843",
    "station_code": "MDVP"
   },
   "geometry": {
    "type": "Point",
    "coordinates": [
     77.692558,
     12.9967491
    ]
   }
  },
  {
   "type": "Feature",
   "properties": {
    "name": "B: Pattandur Agrahara Side",
    "railway": "subway_entrance",
    "ref": "B",
    "wheelchair": "yes",
    "@id": "node/12232459972",
    "station_code": "KDGD"
   },
   "geometry": {
    "type": "Point",
    "coordinates": [
     77.747025,
     12.9854651
    ]
   }
  },
  {
   "type": "Feature",
   "properties": {
    "name": "A: Kadugodi Tree Park Side",
    "railway": "subway_entrance",
    "ref": "A",
    "wheelchair": "yes",
    "@id": "node/12232459973",
    "station_code": "KDGD"
   },
   "geometry": {
    "type": "Point",
    "coordinates": [
     77.7471367,
     12.985803
    ]
   }
  },
  {
   "type": "Feature",
   "properties": {
    "name": "A: Thigalarapalya Side",
    "railway": "subway_entrance",
    "ref": "A",
    "wheelchair": "yes",
    "@id": "node/12304373281",
    "station_code": "ITPL"
   },
   "geometry": {
    "type": "Point",
    "coordinates": [
     77.7379171,
     12.9877543
    ]
   }
  },
  {
   "type": "Feature",
   "properties": {
    "name": "B: Pattandur Agrahara Side",
    "railway": "subway_entrance",
    "ref": "B",
    "wheelchair": "yes",
    "@id": "node/12304373282",
    "station_code": "ITPL"
   },
   "geometry": {
    "type": "Point",
    "coordinates": [
     77.7378918,
     12.9874245
    ]
   }
  },
  {
   "type": "Feature",
   "properties": {
    "name": "A: Bangalore International Exhibition Centre Side",
    "railway": "subway_entrance",
    "ref": "A",
    "@id": "node/12319830846",
    "station_code": "BIET"
   },
   "geometry": {
    "type": "Point",
    "coordinates": [
     77.4723441,
     13.0576091
    ]
   }
  },
  {
   "type": "Feature",
   "properties": {
    "fixme": "Confirm if this pedestrian underpass already exists",
    "railway": "subway_entrance",
    "@id": "node/12319830847",
    "station_code": "BIET"
   },
   "geometry": {
    "type": "Point",
    "coordinates": [
     77.4726389,
     13.0566933
    ]
   }
  },
  {
   "type": "Feature",
   "properties": {
    "name": "B: Bangalore International Exhibition Centre Side",
    "railway": "subway_entrance",
    "ref": "B",
    "@id": "node/12322821294",
    "station_code": "BIET"
   },
   "geometry": {
    "type": "Point",
    "coordinates": [
     77.4735487,
     13.0573178
    ]
   }
  },
  {
   "type": "Feature",
   "properties": {
    "name": "B",
    "operator": "BMRCL",
    "railway": "subway_entrance",
    "ref": "B",
    "wheelchair": "no",
    "@id": "node/12329959736",
    "station_code": "SVRD"
   },
   "geometry": {
    "type": "Point",
    "coordinates": [
     77.6450951,
     12.9861347
    ]
   }
  },
  {
   "type": "Feature",
   "properties": {
    "highway": "elevator",
    "name": "D",
    "operator": "BMRCL",
    "railway": "subway_entrance",
    "ref": "D",
    "wheelchair": "yes",
    "@id": "node/12330049607",
    "station_code": "YPM"
   },
   "geometry": {
    "type": "Point",
    "coordinates": [
     77.5501455,
     13.0232902
    ]
   }
  },
  {
   "type": "Feature",
   "properties": {
    "highway": "elevator",
    "name": "B",
    "operator": "BMRCL",
    "railway": "subway_entrance",
    "ref": "B",
    "wheelchair": "yes",
    "@id": "node/12330049609",
    "station_code": "YPM"
   },
   "geometry": {
    "type": "Point",
    "coordinates": [
     77.5496866,
     13.0229751
    ]
   }
  },
  {
   "type": "Feature",
   "properties": {
    "highway": "elevator",
    "name": "B: Sri Adichunchanagiri Mutt",
    "operator": "BMRCL",
    "railway": "subway_entrance",
    "ref": "B",
    "wheelchair": "yes",
    "@id": "node/12386430545",
    "station_code": "HSLI"
   },
   "geometry": {
    "type": "Point",
    "coordinates": [
     77.5458975,
     12.9740661
    ]
   }
  },
  {
   "type": "Feature",
   "properties": {
    "name": "C: Sri Adichunchanagiri Mutt",
    "operator": "BMRCL",
    "railway": "subway_entrance",
    "ref": "C",
    "@id": "node/12386430546",
    "station_code": "HSLI"
   },
   "geometry": {
    "type": "Point",
    "coordinates": [
     77.5449301,
     12.9740134
    ]
   }
  },
  {
   "type": "Feature",
   "properties": {
    "name": "A: BSNL Telephone Exchange",
    "operator": "BMRCL",
    "railway": "subway_entrance",
    "ref": "A",
    "@id": "node/12386430562",
    "station_code": "HSLI"
   },
   "geometry": {
    "type": "Point",
    "coordinates": [
     77.5458699,
     12.9743758
    ]
   }
  },
  {
   "type": "Feature",
   "properties": {
    "railway": "subway_entrance",
    "ref": "A",
    "wheelchair": "yes",
    "@id": "node/12422897650",
    "station_code": "DKIA"
   },
   "geometry": {
    "type": "Point",
    "coordinates": [
     77.7114968,
     12.988693
    ]
   }
  },
  {
   "type": "Feature",
   "properties": {
    "railway": "subway_entrance",
    "ref": "B",
    "wheelchair": "yes",
    "@id": "node/12422897651",
    "station_code": "DKIA"
   },
   "geometry": {
    "type": "Point",
    "coordinates": [
     77.7112405,
     12.9889399
    ]
   }
  },
  {
   "type": "Feature",
   "properties": {
    "name": "A: Post Office Side",
    "railway": "subway_entrance",
    "ref": "A",
    "@id": "node/12441727560",
    "station_code": "VJN"
   },
   "geometry": {
    "type": "Point",
    "coordinates": [
     77.5373405,
     12.9712331
    ]
   }
  },
  {
   "type": "Feature",
   "properties": {
    "name": "B: Hosahalli Side",
    "railway": "subway_entrance",
    "ref": "B",
    "@id": "node/12441727561",
    "station_code": "VJN"
   },
   "geometry": {
    "type": "Point",
    "coordinates": [
     77.5374359,
     12.9704047
    ]
   }
  },
  {
   "type": "Feature",
   "properties": {
    "level": "0",
    "name": "A: Kadugodi Colony",
    "railway": "subway_entrance",
    "ref": "A",
    "wheelchair": "yes",
    "@id": "node/12452763601",
    "station_code": "UWVL"
   },
   "geometry": {
    "type": "Point",
    "coordinates": [
     77.7537044,
     12.9873269
    ]
   }
  },
  {
   "type": "Feature",
   "properties": {
    "level": "0",
    "name": "B: Kadugodi",
    "railway": "subway_entrance",
    "ref": "B",
    "wheelchair": "yes",
    "@id": "node/12452763602",
    "station_code": "UWVL"
   },
   "geometry": {
    "type": "Point",
    "coordinates": [
     77.7540495,
     12.9872112
    ]
   }
  },
  {
   "type": "Feature",
   "properties": {
    "railway": "subway_entrance",
    "ref": "A",
    "wheelchair": "yes",
    "@id": "node/12455449773",
    "station_code": "VDHP"
   },
   "geometry": {
    "type": "Point",
    "coordinates": [
     77.7248509,
     12.9768191
    ]
   }
  },
  {
   "type": "Feature",
   "properties": {
    "name": "A: Vishveshwara Puram",
    "railway": "subway_entrance",
    "ref": "A",
    "@id": "node/12495362064",
    "station_code": "NLC"
   },
   "geometry": {
    "type": "Point",
    "coordinates": [
     77.5738839,
     12.9511196
    ]
   }
  },
  {
   "type": "Feature",
   "properties": {
    "name": "C: Jyothy Kendriya Vidyalaya",
    "railway": "subway_entrance",
    "ref": "C",
    "@id": "node/12512090197",
    "station_code": "PUTH"
   },
   "geometry": {
    "type": "Point",
    "coordinates": [
     77.5702769,
     12.8957719
    ]
   }
  },
  {
   "type": "Feature",
   "properties": {
    "highway": "elevator",
    "name": "B: Kanakapura Road",
    "railway": "subway_entrance",
    "ref": "B",
    "wheelchair": "yes",
    "@id": "node/12512090198",
    "station_code": "PUTH"
   },
   "geometry": {
    "type": "Point",
    "coordinates": [
     77.5706131,
     12.8960838
    ]
   }
  },
  {
   "type": "Feature",
   "properties": {
    "name": "A: Kanakapura Road",
    "railway": "subway_entrance",
    "ref": "A",
    "@id": "node/12512090199",
    "station_code": "PUTH"
   },
   "geometry": {
    "type": "Point",
    "coordinates": [
     77.5708054,
     12.8963839
    ]
   }
  },
  {
   "type": "Feature",
   "properties": {
    "name": "E: Yelachenahalli Side",
    "railway": "subway_entrance",
    "ref": "E",
    "@id": "node/12512090200",
    "station_code": "PUTH"
   },
   "geometry": {
    "type": "Point",
    "coordinates": [
     77.5700615,
     12.8962123
    ]
   }
  },
  {
   "type": "Feature",
   "properties": {
    "name": "D: Yelachenahalli Side",
    "railway": "subway_entrance",
    "ref": "D",
    "@id": "node/12512092601",
    "station_code": "PUTH"
   },
   "geometry": {
    "type": "Point",
    "coordinates": [
     77.5695226,
     12.8955507
    ]
   }
  },
  {
   "type": "Feature",
   "properties": {
    "highway": "elevator",
    "name": "B: Vishveshwara Puram",
    "railway": "subway_entrance",
    "ref": "B",
    "wheelchair": "yes",
    "@id": "node/12512424261",
    "station_code": "NLC"
   },
   "geometry": {
    "type": "Point",
    "coordinates": [
     77.5738862,
     12.950842
    ]
   }
  },
  {
   "type": "Feature",
   "properties": {
    "name": "C: Prakash Nagar",
    "railway": "subway_entrance",
    "ref": "C",
    "@id": "node/12512566639",
    "station_code": "KVPR"
   },
   "geometry": {
    "type": "Point",
    "coordinates": [
     77.5567154,
     12.998388
    ]
   }
  },
  {
   "type": "Feature",
   "properties": {
    "highway": "elevator",
    "name": "B: Prakash Nagar",
    "railway": "subway_entrance",
    "ref": "B",
    "wheelchair": "yes",
    "@id": "node/12512566640",
    "station_code": "KVPR"
   },
   "geometry": {
    "type": "Point",
    "coordinates": [
     77.5573029,
     12.9982339
    ]
   }
  },
  {
   "type": "Feature",
   "properties": {
    "name": "A: Gayathri Nagar",
    "railway": "subway_entrance",
    "ref": "A",
    "@id": "node/12512566642",
    "station_code": "KVPR"
   },
   "geometry": {
    "type": "Point",
    "coordinates": [
     77.5572331,
     12.9985898
    ]
   }
  },
  {
   "type": "Feature",
   "properties": {
    "alt_name": "B: Sampige Road",
    "highway": "elevator",
    "name": "B: PNR Nagar",
    "operator": "BMRCL",
    "railway": "subway_entrance",
    "ref": "B",
    "wheelchair": "yes",
    "@id": "node/12512566683",
    "station_code": "SPGD"
   },
   "geometry": {
    "type": "Point",
    "coordinates": [
     77.5709919,
     12.989874
    ]
   }
  },
  {
   "type": "Feature",
   "properties": {
    "name": "A: Rajajinagar 6th Block",
    "railway": "subway_entrance",
    "ref": "A",
    "@id": "node/12513657975",
    "station_code": "MIRD"
   },
   "geometry": {
    "type": "Point",
    "coordinates": [
     77.5558504,
     12.9757162
    ]
   }
  },
  {
   "type": "Feature",
   "properties": {
    "name": "B: Sheshadripuram College",
    "railway": "subway_entrance",
    "ref": "B",
    "@id": "node/12513657976",
    "station_code": "MIRD"
   },
   "geometry": {
    "type": "Point",
    "coordinates": [
     77.555843,
     12.9754622
    ]
   }
  },
  {
   "type": "Feature",
   "properties": {
    "name": "C: Karumariyamma Temple",
    "railway": "subway_entrance",
    "ref": "C",
    "@id": "node/12513657977",
    "station_code": "MIRD"
   },
   "geometry": {
    "type": "Point",
    "coordinates": [
     77.5548103,
     12.9756803
    ]
   }
  },
  {
   "type": "Feature",
   "properties": {
    "name": "C",
    "railway": "subway_entrance",
    "ref": "C",
    "wheelchair": "no",
    "@id": "node/12513657993",
    "station_code": "AGPP"
   },
   "geometry": {
    "type": "Point",
    "coordinates": [
     77.5334245,
     12.9616977
    ]
   }
  },
  {
   "type": "Feature",
   "properties": {
    "name": "B",
    "railway": "subway_entrance",
    "ref": "B",
    "wheelchair": "yes",
    "@id": "node/12513657994",
    "station_code": "AGPP"
   },
   "geometry": {
    "type": "Point",
    "coordinates": [
     77.5339106,
     12.9620263
    ]
   }
  },
  {
   "type": "Feature",
   "properties": {
    "name": "A",
    "railway": "subway_entrance",
    "ref": "A",
    "@id": "node/12513657995",
    "station_code": "AGPP"
   },
   "geometry": {
    "type": "Point",
    "coordinates": [
     77.534046,
     12.9624615
    ]
   }
  },
  {
   "type": "Feature",
   "properties": {
    "name": "B",
    "railway": "subway_entrance",
    "ref": "B",
    "@id": "node/12513661486",
    "station_code": "DSH"
   },
   "geometry": {
    "type": "Point",
    "coordinates": [
     77.5128787,
     13.0433484
    ]
   }
  },
  {
   "type": "Feature",
   "properties": {
    "name": "A",
    "railway": "subway_entrance",
    "ref": "A",
    "@id": "node/12513661487",
    "station_code": "DSH"
   },
   "geometry": {
    "type": "Point",
    "coordinates": [
     77.5121089,
     13.0435937
    ]
   }
  },
  {
   "type": "Feature",
   "properties": {
    "name": "B",
    "railway": "subway_entrance",
    "ref": "B",
    "@id": "node/12513661488",
    "station_code": "JLHL"
   },
   "geometry": {
    "type": "Point",
    "coordinates": [
     77.5203422,
     13.0392975
    ]
   }
  },
  {
   "type": "Feature",
   "properties": {
    "name": "A",
    "railway": "subway_entrance",
    "ref": "A",
    "@id": "node/12513661489",
    "station_code": "JLHL"
   },
   "geometry": {
    "type": "Point",
    "coordinates": [
     77.5193989,
     13.0398238
    ]
   }
  },
  {
   "type": "Feature",
   "properties": {
    "name": "B",
    "railway": "subway_entrance",
    "ref": "B",
    "@id": "node/12513661490",
    "station_code": "PYID"
   },
   "geometry": {
    "type": "Point",
    "coordinates": [
     77.5261271,
     13.0360606
    ]
   }
  },
  {
   "type": "Feature",
   "properties": {
    "name": "A",
    "railway": "subway_entrance",
    "ref": "A",
    "@id": "node/12513661491",
    "station_code": "PYID"
   },
   "geometry": {
    "type": "Point",
    "coordinates": [
     77.5250952,
     13.0366157
    ]
   }
  },
  {
   "type": "Feature",
   "properties": {
    "name": "B:, CMTI",
    "railway": "subway_entrance",
    "ref": "B",
    "@id": "node/12513661493",
    "station_code": "PEYA"
   },
   "geometry": {
    "type": "Point",
    "coordinates": [
     77.5335945,
     13.0329046
    ]
   }
  },
  {
   "type": "Feature",
   "properties": {
    "highway": "elevator",
    "levels": "1;2",
    "name": "B: Goraguntepalya L-1",
    "railway": "subway_entrance",
    "ref": "B",
    "wheelchair": "yes",
    "@id": "node/12513661496",
    "station_code": "YPI"
   },
   "geometry": {
    "type": "Point",
    "coordinates": [
     77.5408942,
     13.0280603
    ]
   }
  },
  {
   "type": "Feature",
   "properties": {
    "name": "A: Goraguntepalya",
    "railway": "subway_entrance",
    "ref": "A",
    "@id": "node/12513661497",
    "station_code": "YPI"
   },
   "geometry": {
    "type": "Point",
    "coordinates": [
     77.5411532,
     13.0278951
    ]
   }
  },
  {
   "type": "Feature",
   "properties": {
    "name": "B: KG Ground",
    "railway": "subway_entrance",
    "ref": "B",
    "@id": "node/12513672737",
    "station_code": "MHLI"
   },
   "geometry": {
    "type": "Point",
    "coordinates": [
     77.5486305,
     13.0082093
    ]
   }
  },
  {
   "type": "Feature",
   "properties": {
    "name": "A: Nayandahalli Junction",
    "operator": "BMRCL",
    "railway": "subway_entrance",
    "ref": "A",
    "wheelchair": "yes",
    "@id": "node/12513719423",
    "station_code": "MYRD"
   },
   "geometry": {
    "type": "Point",
    "coordinates": [
     77.5300455,
     12.9467501
    ]
   }
  },
  {
   "type": "Feature",
   "properties": {
    "name": "B: BHEL",
    "operator": "BMRCL",
    "railway": "subway_entrance",
    "ref": "B",
    "@id": "node/12513719429",
    "station_code": "MYRD"
   },
   "geometry": {
    "type": "Point",
    "coordinates": [
     77.5302681,
     12.9468442
    ]
   }
  },
  {
   "type": "Feature",
   "properties": {
    "name": "B: Nayandahalli Junction",
    "railway": "subway_entrance",
    "ref": "B",
    "wheelchair": "yes",
    "@id": "node/12513719430",
    "station_code": "NYHM"
   },
   "geometry": {
    "type": "Point",
    "coordinates": [
     77.5249779,
     12.9418308
    ]
   }
  },
  {
   "type": "Feature",
   "properties": {
    "name": "A: Pantharapalya",
    "railway": "subway_entrance",
    "ref": "A",
    "wheelchair": "yes",
    "@id": "node/12513719431",
    "station_code": "NYHM"
   },
   "geometry": {
    "type": "Point",
    "coordinates": [
     77.52526,
     12.9416669
    ]
   }
  },
  {
   "type": "Feature",
   "properties": {
    "name": "B: Sports Authority of India",
    "railway": "subway_entrance",
    "ref": "B",
    "wheelchair": "yes",
    "@id": "node/12513719432",
    "station_code": "RRRN"
   },
   "geometry": {
    "type": "Point",
    "coordinates": [
     77.5195195,
     12.9367385
    ]
   }
  },
  {
   "type": "Feature",
   "properties": {
    "name": "A: Gopalan Arcade Mall",
    "railway": "subway_entrance",
    "ref": "A",
    "wheelchair": "yes",
    "@id": "node/12513719433",
    "station_code": "RRRN"
   },
   "geometry": {
    "type": "Point",
    "coordinates": [
     77.5196168,
     12.9364651
    ]
   }
  },
  {
   "type": "Feature",
   "properties": {
    "highway": "elevator",
    "name": "C: Pattangere",
    "railway": "subway_entrance",
    "ref": "C",
    "wheelchair": "yes",
    "@id": "node/12513719438",
    "station_code": "BGUC"
   },
   "geometry": {
    "type": "Point",
    "coordinates": [
     77.5118303,
     12.9349647
    ]
   }
  },
  {
   "type": "Feature",
   "properties": {
    "name": "B: Bangalore University",
    "railway": "subway_entrance",
    "ref": "B",
    "wheelchair": "yes",
    "@id": "node/12513719439",
    "station_code": "BGUC"
   },
   "geometry": {
    "type": "Point",
    "coordinates": [
     77.5121484,
     12.9355266
    ]
   }
  },
  {
   "type": "Feature",
   "properties": {
    "name": "B: Dubasipalya",
    "operator": "BMRCL",
    "railway": "subway_entrance",
    "ref": "B",
    "wheelchair": "yes",
    "@id": "node/12513719440",
    "station_code": "PATG"
   },
   "geometry": {
    "type": "Point",
    "coordinates": [
     77.4981352,
     12.9243736
    ]
   }
  },
  {
   "type": "Feature",
   "properties": {
    "name": "B: Kengeri",
    "railway": "subway_entrance",
    "ref": "B",
    "wheelchair": "yes",
    "@id": "node/12513719441",
    "station_code": "MLSD"
   },
   "geometry": {
    "type": "Point",
    "coordinates": [
     77.4880652,
     12.9150924
    ]
   }
  },
  {
   "type": "Feature",
   "properties": {
    "name": "A: Kengeri",
    "railway": "subway_entrance",
    "ref": "A",
    "wheelchair": "yes",
    "@id": "node/12513719442",
    "station_code": "MLSD"
   },
   "geometry": {
    "type": "Point",
    "coordinates": [
     77.4872553,
     12.9144898
    ]
   }
  },
  {
   "type": "Feature",
   "properties": {
    "name": "B: Kengeri Police Station",
    "railway": "subway_entrance",
    "ref": "B",
    "wheelchair": "yes",
    "@id": "node/12513719443",
    "station_code": "KGIT"
   },
   "geometry": {
    "type": "Point",
    "coordinates": [
     77.4763858,
     12.9079868
    ]
   }
  },
  {
   "type": "Feature",
   "properties": {
    "name": "A: Challaghatta",
    "railway": "subway_entrance",
    "ref": "A",
    "wheelchair": "yes",
    "@id": "node/12513719444",
    "station_code": "KGIT"
   },
   "geometry": {
    "type": "Point",
    "coordinates": [
     77.4765263,
     12.9077814
    ]
   }
  },
  {
   "type": "Feature",
   "properties": {
    "name": "B: Challaghatta",
    "railway": "subway_entrance",
    "ref": "B",
    "@id": "node/12513719445",
    "station_code": "CLGA"
   },
   "geometry": {
    "type": "Point",
    "coordinates": [
     77.4612864,
     12.8975286
    ]
   }
  },
  {
   "type": "Feature",
   "properties": {
    "level": "0",
    "name": "B:  Hebbal/Baiyappanahalli Side",
    "railway": "subway_entrance",
    "ref": "B",
    "wheelchair": "yes",
    "@id": "node/12551629109",
    "station_code": "JTPM"
   },
   "geometry": {
    "type": "Point",
    "coordinates": [
     77.6686139,
     12.9961252
    ]
   }
  },
  {
   "type": "Feature",
   "properties": {
    "level": "0",
    "name": "B: Garudacharpalya Side",
    "railway": "subway_entrance",
    "ref": "B",
    "wheelchair": "yes",
    "@id": "node/12557900790",
    "station_code": "GDCP"
   },
   "geometry": {
    "type": "Point",
    "coordinates": [
     77.7037605,
     12.9932124
    ]
   }
  },
  {
   "type": "Feature",
   "properties": {
    "level": "0",
    "name": "B: Whitefield Main Road Side",
    "railway": "subway_entrance",
    "ref": "Blue",
    "wheelchair": "yes",
    "@id": "node/12654717187",
    "station_code": "KRAM"
   },
   "geometry": {
    "type": "Point",
    "coordinates": [
     77.6781981,
     12.9999105
    ]
   }
  },
  {
   "type": "Feature",
   "properties": {
    "level": "1",
    "railway": "subway_entrance",
    "start_date": "2026-01-16",
    "@id": "node/12999157106",
    "station_code": "ITPL"
   },
   "geometry": {
    "type": "Point",
    "coordinates": [
     77.7373716,
     12.9874847
    ]
   }
  },
  {
   "type": "Feature",
   "properties": {
    "name": "B: Electronic City Phase 2",
    "railway": "subway_entrance",
    "ref": "B",
    "@id": "node/13046007550",
    "station_code": "ECTN"
   },
   "geometry": {
    "type": "Point",
    "coordinates": [
     77.6712716,
     12.8458828
    ]
   }
  },
  {
   "type": "Feature",
   "properties": {
    "name": "A: Electronic City Phase 1",
    "railway": "subway_entrance",
    "ref": "A",
    "@id": "node/13046007553",
    "station_code": "ECTN"
   },
   "geometry": {
    "type": "Point",
    "coordinates": [
     77.6707137,
     12.8467081
    ]
   }
  },
  {
   "type": "Feature",
   "properties": {
    "highway": "elevator",
    "name": "B",
    "operator": "BMRCL",
    "railway": "subway_entrance",
    "ref": "B",
    "@id": "node/13048471371",
    "station_code": "ETCT"
   },
   "geometry": {
    "type": "Point",
    "coordinates": [
     77.66417,
     12.8557139
    ]
   }
  },
  {
   "type": "Feature",
   "properties": {
    "name": "C: Electronic City Phase 2",
    "railway": "subway_entrance",
    "ref": "C",
    "@id": "node/13070290262",
    "station_code": "ECTN"
   },
   "geometry": {
    "type": "Point",
    "coordinates": [
     77.6708986,
     12.8470127
    ]
   }
  },
  {
   "type": "Feature",
   "properties": {
    "railway": "subway_entrance",
    "@id": "node/13070290270",
    "station_code": "HBGI"
   },
   "geometry": {
    "type": "Point",
    "coordinates": [
     77.6812025,
     12.8289182
    ]
   }
  },
  {
   "type": "Feature",
   "properties": {
    "name": "A",
    "railway": "subway_entrance",
    "ref": "A",
    "@id": "node/13070296275",
    "station_code": "HSKR"
   },
   "geometry": {
    "type": "Point",
    "coordinates": [
     77.6778063,
     12.8383089
    ]
   }
  },
  {
   "type": "Feature",
   "properties": {
    "name": "B",
    "railway": "subway_entrance",
    "ref": "B",
    "@id": "node/13070296276",
    "station_code": "HSKR"
   },
   "geometry": {
    "type": "Point",
    "coordinates": [
     77.6779375,
     12.8391485
    ]
   }
  },
  {
   "type": "Feature",
   "properties": {
    "name": "A: Bommasandra Industrial Area",
    "railway": "subway_entrance",
    "ref": "A",
    "@id": "node/13070299122",
    "station_code": "BMSD"
   },
   "geometry": {
    "type": "Point",
    "coordinates": [
     77.6881719,
     12.819263
    ]
   }
  },
  {
   "type": "Feature",
   "properties": {
    "name": "A: Bommanahalli",
    "railway": "subway_entrance",
    "ref": "A",
    "@id": "node/13070432924",
    "station_code": "HSRL"
   },
   "geometry": {
    "type": "Point",
    "coordinates": [
     77.6262659,
     12.9106209
    ]
   }
  },
  {
   "type": "Feature",
   "properties": {
    "railway": "subway_entrance",
    "@id": "node/13070432933",
    "station_code": "OFDC"
   },
   "geometry": {
    "type": "Point",
    "coordinates": [
     77.6318508,
     12.9015986
    ]
   }
  },
  {
   "type": "Feature",
   "properties": {
    "railway": "subway_entrance",
    "@id": "node/13070432942",
    "station_code": "MSRN"
   },
   "geometry": {
    "type": "Point",
    "coordinates": [
     77.6390457,
     12.8898609
    ]
   }
  },
  {
   "type": "Feature",
   "properties": {
    "railway": "subway_entrance",
    "@id": "node/13070432950",
    "station_code": "MSRN"
   },
   "geometry": {
    "type": "Point",
    "coordinates": [
     77.639426,
     12.8893442
    ]
   }
  },
  {
   "type": "Feature",
   "properties": {
    "railway": "subway_entrance",
    "@id": "node/13070437909",
    "station_code": "CKBR"
   },
   "geometry": {
    "type": "Point",
    "coordinates": [
     77.6447255,
     12.8806709
    ]
   }
  },
  {
   "type": "Feature",
   "properties": {
    "railway": "subway_entrance",
    "@id": "node/13070438051",
    "station_code": "BSRD"
   },
   "geometry": {
    "type": "Point",
    "coordinates": [
     77.6522862,
     12.870684
    ]
   }
  },
  {
   "type": "Feature",
   "properties": {
    "railway": "subway_entrance",
    "@id": "node/13070438114",
    "station_code": "HOSR"
   },
   "geometry": {
    "type": "Point",
    "coordinates": [
     77.6577677,
     12.8637636
    ]
   }
  },
  {
   "type": "Feature",
   "properties": {
    "name": "B",
    "railway": "subway_entrance",
    "ref": "B",
    "@id": "node/13070438140",
    "station_code": "ETCT"
   },
   "geometry": {
    "type": "Point",
    "coordinates": [
     77.6639029,
     12.8559991
    ]
   }
  },
  {
   "type": "Feature",
   "properties": {
    "name": "A: Doddathoguru",
    "railway": "subway_entrance",
    "ref": "A",
    "@id": "node/13070438142",
    "station_code": "ETCT"
   },
   "geometry": {
    "type": "Point",
    "coordinates": [
     77.6634179,
     12.8564021
    ]
   }
  },
  {
   "type": "Feature",
   "properties": {
    "name": "A: JP Nagar",
    "railway": "subway_entrance",
    "ref": "A",
    "@id": "node/13070461133",
    "station_code": "RGDT"
   },
   "geometry": {
    "type": "Point",
    "coordinates": [
     77.5882013,
     12.9168619
    ]
   }
  },
  {
   "type": "Feature",
   "properties": {
    "name": "B: Jayanagar 9th Block",
    "railway": "subway_entrance",
    "ref": "B",
    "wheelchair": "yes",
    "@id": "node/13070461134",
    "station_code": "RGDT"
   },
   "geometry": {
    "type": "Point",
    "coordinates": [
     77.5882227,
     12.9173117
    ]
   }
  },
  {
   "type": "Feature",
   "properties": {
    "name": "A: BTM Layout 2nd Stage",
    "railway": "subway_entrance",
    "ref": "A",
    "wheelchair": "yes",
    "@id": "node/13070461145",
    "station_code": "BTML"
   },
   "geometry": {
    "type": "Point",
    "coordinates": [
     77.6082005,
     12.9163673
    ]
   }
  },
  {
   "type": "Feature",
   "properties": {
    "name": "B: BTM Layout 2nd Stage",
    "railway": "subway_entrance",
    "ref": "B",
    "wheelchair": "yes",
    "@id": "node/13070461146",
    "station_code": "BTML"
   },
   "geometry": {
    "type": "Point",
    "coordinates": [
     77.6082139,
     12.9167922
    ]
   }
  },
  {
   "type": "Feature",
   "properties": {
    "name": "C: Central Silk Board Colony",
    "railway": "subway_entrance",
    "ref": "C",
    "@id": "node/13070461152",
    "station_code": "SBJT"
   },
   "geometry": {
    "type": "Point",
    "coordinates": [
     77.6210734,
     12.9168033
    ]
   }
  },
  {
   "type": "Feature",
   "properties": {
    "name": "A: Central Silk Board",
    "railway": "subway_entrance",
    "ref": "A",
    "@id": "node/13070461153",
    "station_code": "SBJT"
   },
   "geometry": {
    "type": "Point",
    "coordinates": [
     77.6199601,
     12.9162177
    ]
   }
  },
  {
   "type": "Feature",
   "properties": {
    "addr:floor": "G",
    "entrance": "yes",
    "level": "0",
    "name": "C: Jayanagar 7th Block",
    "railway": "subway_entrance",
    "ref": "C",
    "wheelchair": "no",
    "@id": "node/13072783943",
    "station_code": "RVR"
   },
   "geometry": {
    "type": "Point",
    "coordinates": [
     77.5800154,
     12.9222016
    ]
   }
  },
  {
   "type": "Feature",
   "properties": {
    "name": "B: Jayanagar 8th Block",
    "railway": "subway_entrance",
    "ref": "B",
    "wheelchair": "yes",
    "@id": "node/13072783947",
    "station_code": "RVR"
   },
   "geometry": {
    "type": "Point",
    "coordinates": [
     77.580108,
     12.9208072
    ]
   }
  },
  {
   "type": "Feature",
   "properties": {
    "automatic_door": "button",
    "door": "sliding",
    "indoor": "door",
    "level": "0",
    "loc_ref": "K",
    "railway": "subway_entrance",
    "repeat_on": "1",
    "wheelchair": "yes",
    "@id": "node/13072783952",
    "station_code": "JDHP"
   },
   "geometry": {
    "type": "Point",
    "coordinates": [
     77.5996763,
     12.916514
    ]
   }
  },
  {
   "type": "Feature",
   "properties": {
    "name": "A: Bommasandra Industrial Area",
    "railway": "subway_entrance",
    "ref": "A",
    "@id": "node/13072789357",
    "station_code": "BMSD"
   },
   "geometry": {
    "type": "Point",
    "coordinates": [
     77.6883479,
     12.8194273
    ]
   }
  },
  {
   "type": "Feature",
   "properties": {
    "highway": "elevator",
    "name": "B: Textile Testing Laboratory",
    "operator": "BMRCL",
    "railway": "subway_entrance",
    "ref": "B",
    "wheelchair": "yes",
    "@id": "node/13074467233",
    "station_code": "SBJT"
   },
   "geometry": {
    "type": "Point",
    "coordinates": [
     77.6211082,
     12.9165784
    ]
   }
  },
  {
   "type": "Feature",
   "properties": {
    "conveying": "yes",
    "loc_ref": "J",
    "railway": "subway_entrance",
    "wheelchair": "no",
    "@id": "node/13366204846",
    "station_code": "JDHP"
   },
   "geometry": {
    "type": "Point",
    "coordinates": [
     77.599675,
     12.9162994
    ]
   }
  },
  {
   "type": "Feature",
   "properties": {
    "loc_ref": "L",
    "railway": "subway_entrance",
    "wheelchair": "no",
    "@id": "node/13366204857",
    "station_code": "JDHP"
   },
   "geometry": {
    "type": "Point",
    "coordinates": [
     77.5993799,
     12.9165704
    ]
   }
  },
  {
   "type": "Feature",
   "properties": {
    "conveying": "yes",
    "loc_ref": "A",
    "railway": "subway_entrance",
    "wheelchair": "no",
    "@id": "node/13370973184",
    "station_code": "JDHP"
   },
   "geometry": {
    "type": "Point",
    "coordinates": [
     77.5994464,
     12.9169118
    ]
   }
  },
  {
   "type": "Feature",
   "properties": {
    "automatic_door": "button",
    "door": "sliding",
    "indoor": "door",
    "level": "0",
    "loc_ref": "B",
    "railway": "subway_entrance",
    "repeat_on": "1",
    "@id": "node/13370973191",
    "station_code": "JDHP"
   },
   "geometry": {
    "type": "Point",
    "coordinates": [
     77.5997434,
     12.9170027
    ]
   }
  },
  {
   "type": "Feature",
   "properties": {
    "loc_ref": "C",
    "railway": "subway_entrance",
    "wheelchair": "no",
    "@id": "node/13370973200",
    "station_code": "JDHP"
   },
   "geometry": {
    "type": "Point",
    "coordinates": [
     77.5997486,
     12.9172172
    ]
   }
  },
  {
   "type": "Feature",
   "properties": {
    "automatic_door": "button",
    "door": "sliding",
    "indoor": "door",
    "level": "0",
    "loc_ref": "E",
    "railway": "subway_entrance",
    "repeat_on": "1",
    "wheelchair": "yes",
    "@id": "node/13371007413",
    "station_code": "JDHP"
   },
   "geometry": {
    "type": "Point",
    "coordinates": [
     77.6001884,
     12.916983
    ]
   }
  },
  {
   "type": "Feature",
   "properties": {
    "loc_ref": "F",
    "railway": "subway_entrance",
    "wheelchair": "no",
    "@id": "node/13371007419",
    "station_code": "JDHP"
   },
   "geometry": {
    "type": "Point",
    "coordinates": [
     77.6003044,
     12.9168654
    ]
   }
  },
  {
   "type": "Feature",
   "properties": {
    "conveying": "yes",
    "loc_ref": "D",
    "railway": "subway_entrance",
    "wheelchair": "no",
    "@id": "node/13371007420",
    "station_code": "JDHP"
   },
   "geometry": {
    "type": "Point",
    "coordinates": [
     77.6001795,
     12.9171109
    ]
   }
  },
  {
   "type": "Feature",
   "properties": {
    "conveying": "yes",
    "loc_ref": "G",
    "railway": "subway_entrance",
    "wheelchair": "no",
    "@id": "node/13371007446",
    "station_code": "JDHP"
   },
   "geometry": {
    "type": "Point",
    "coordinates": [
     77.6004246,
     12.9165714
    ]
   }
  },
  {
   "type": "Feature",
   "properties": {
    "automatic_door": "button",
    "door": "sliding",
    "indoor": "door",
    "level": "0",
    "loc_ref": "H",
    "railway": "subway_entrance",
    "repeat_on": "1",
    "wheelchair": "yes",
    "@id": "node/13371007447",
    "station_code": "JDHP"
   },
   "geometry": {
    "type": "Point",
    "coordinates": [
     77.6001678,
     12.9165157
    ]
   }
  },
  {
   "type": "Feature",
   "properties": {
    "loc_ref": "I",
    "railway": "subway_entrance",
    "wheelchair": "no",
    "@id": "node/13371007454",
    "station_code": "JDHP"
   },
   "geometry": {
    "type": "Point",
    "coordinates": [
     77.6002003,
     12.916227
    ]
   }
  },
  {
   "type": "Feature",
   "properties": {
    "@id": "platform/Purple/WHTM/WHTM-CLGA",
    "platform": "Purple",
    "code": "WHTM",
    "ref": "Purple",
    "from": "WHTM",
    "to": "CLGA",
    "network": "Namma Metro"
   },
   "geometry": {
    "type": "Point",
    "coordinates": [
     77.7578215,
     12.99519
    ]
   }
  },
  {
   "type": "Feature",
   "properties": {
    "@id": "platform/Purple/UWVL/WHTM-CLGA",
    "platform": "Purple",
    "code": "UWVL",
    "ref": "Purple",
    "from": "WHTM",
    "to": "CLGA",
    "network": "Namma Metro"
   },
   "geometry": {
    "type": "Point",
    "coordinates": [
     77.7538642,
     12.9872074
    ]
   }
  },
  {
   "type": "Feature",
   "properties": {
    "@id": "platform/Purple/KDGD/WHTM-CLGA",
    "platform": "Purple",
    "code": "KDGD",
    "ref": "Purple",
    "from": "WHTM",
    "to": "CLGA",
    "network": "Namma Metro"
   },
   "geometry": {
    "type": "Point",
    "coordinates": [
     77.7465715,
     12.9857936
    ]
   }
  },
  {
   "type": "Feature",
   "properties": {
    "@id": "platform/Purple/ITPL/WHTM-CLGA",
    "platform": "Purple",
    "code": "ITPL",
    "ref": "Purple",
    "from": "WHTM",
    "to": "CLGA",
    "network": "Namma Metro"
   },
   "geometry": {
    "type": "Point",
    "coordinates": [
     77.7372451,
     12.9875935
    ]
   }
  },
  {
   "type": "Feature",
   "properties": {
    "@id": "platform/Purple/SSHP/WHTM-CLGA",
    "platform": "Purple",
    "code": "SSHP",
    "ref": "Purple",
    "from": "WHTM",
    "to": "CLGA",
    "network": "Namma Metro"
   },
   "geometry": {
    "type": "Point",
    "coordinates": [
     77.7274963,
     12.9807354
    ]
   }
  },
  {
   "type": "Feature",
   "properties": {
    "@id": "platform/Purple/VDHP/WHTM-CLGA",
    "platform": "Purple",
    "code": "VDHP",
    "ref": "Purple",
    "from": "WHTM",
    "to": "CLGA",
    "network": "Namma Metro"
   },
   "geometry": {
    "type": "Point",
    "coordinates": [
     77.7243495,
     12.9766126
    ]
   }
  },
  {
   "type": "Feature",
   "properties": {
    "@id": "platform/Purple/KDNH/WHTM-CLGA",
    "platform": "Purple",
    "code": "KDNH",
    "ref": "Purple",
    "from": "WHTM",
    "to": "CLGA",
    "network": "Namma Metro"
   },
   "geometry": {
    "type": "Point",
    "coordinates": [
     77.715061,
     12.9776292
    ]
   }
  },
  {
   "type": "Feature",
   "properties": {
    "@id": "platform/Purple/VWIA/WHTM-CLGA",
    "platform": "Purple",
    "code": "VWIA",
    "ref": "Purple",
    "from": "WHTM",
    "to": "CLGA",
    "network": "Namma Metro"
   },
   "geometry": {
    "type": "Point",
    "coordinates": [
     77.7086129,
     12.9813697
    ]
   }
  },
  {
   "type": "Feature",
   "properties": {
    "@id": "platform/Purple/DKIA/WHTM-CLGA",
    "platform": "Purple",
    "code": "DKIA",
    "ref": "Purple",
    "from": "WHTM",
    "to": "CLGA",
    "network": "Namma Metro"
   },
   "geometry": {
    "type": "Point",
    "coordinates": [
     77.7118453,
     12.9891327
    ]
   }
  },
  {
   "type": "Feature",
   "properties": {
    "@id": "platform/Purple/GDCP/WHTM-CLGA",
    "platform": "Purple",
    "code": "GDCP",
    "ref": "Purple",
    "from": "WHTM",
    "to": "CLGA",
    "network": "Namma Metro"
   },
   "geometry": {
    "type": "Point",
    "coordinates": [
     77.7032966,
     12.9935165
    ]
   }
  },
  {
   "type": "Feature",
   "properties": {
    "@id": "platform/Purple/MDVP/WHTM-CLGA",
    "platform": "Purple",
    "code": "MDVP",
    "ref": "Purple",
    "from": "WHTM",
    "to": "CLGA",
    "network": "Namma Metro"
   },
   "geometry": {
    "type": "Point",
    "coordinates": [
     77.6921457,
     12.9966967
    ]
   }
  },
  {
   "type": "Feature",
   "properties": {
    "@id": "platform/Purple/KRAM/WHTM-CLGA",
    "platform": "Purple",
    "code": "KRAM",
    "ref": "Purple",
    "from": "WHTM",
    "to": "CLGA",
    "network": "Namma Metro"
   },
   "geometry": {
    "type": "Point",
    "coordinates": [
     77.6778421,
     12.9998836
    ]
   }
  },
  {
   "type": "Feature",
   "properties": {
    "@id": "platform/Purple/JTPM/WHTM-CLGA",
    "platform": "Purple",
    "code": "JTPM",
    "ref": "Purple",
    "from": "WHTM",
    "to": "CLGA",
    "network": "Namma Metro"
   },
   "geometry": {
    "type": "Point",
    "coordinates": [
     77.6684788,
     12.996496
    ]
   }
  },
  {
   "type": "Feature",
   "properties": {
    "@id": "platform/Purple/BYPH/WHTM-CLGA",
    "platform": "Purple",
    "code": "BYPH",
    "ref": "Purple",
    "from": "WHTM",
    "to": "CLGA",
    "network": "Namma Metro"
   },
   "geometry": {
    "type": "Point",
    "coordinates": [
     77.652392,
     12.9906745
    ]
   }
  },
  {
   "type": "Feature",
   "properties": {
    "@id": "platform/Purple/SVRD/WHTM-CLGA",
    "platform": "Purple",
    "code": "SVRD",
    "ref": "Purple",
    "from": "WHTM",
    "to": "CLGA",
    "network": "Namma Metro"
   },
   "geometry": {
    "type": "Point",
    "coordinates": [
     77.6449072,
     12.9859128
    ]
   }
  },
  {
   "type": "Feature",
   "properties": {
    "@id": "platform/Purple/IDN/WHTM-CLGA",
    "platform": "Purple",
    "code": "IDN",
    "ref": "Purple",
    "from": "WHTM",
    "to": "CLGA",
    "network": "Namma Metro"
   },
   "geometry": {
    "type": "Point",
    "coordinates": [
     77.6386592,
     12.9783079
    ]
   }
  },
  {
   "type": "Feature",
   "properties": {
    "@id": "platform/Purple/HLRU/WHTM-CLGA",
    "platform": "Purple",
    "code": "HLRU",
    "ref": "Purple",
    "from": "WHTM",
    "to": "CLGA",
    "network": "Namma Metro"
   },
   "geometry": {
    "type": "Point",
    "coordinates": [
     77.626705,
     12.9764915
    ]
   }
  },
  {
   "type": "Feature",
   "properties": {
    "@id": "platform/Purple/TTY/WHTM-CLGA",
    "platform": "Purple",
    "code": "TTY",
    "ref": "Purple",
    "from": "WHTM",
    "to": "CLGA",
    "network": "Namma Metro"
   },
   "geometry": {
    "type": "Point",
    "coordinates": [
     77.617013,
     12.9729953
    ]
   }
  },
  {
   "type": "Feature",
   "properties": {
    "@id": "platform/Purple/MAGR/WHTM-CLGA",
    "platform": "Purple",
    "code": "MAGR",
    "ref": "Purple",
    "from": "WHTM",
    "to": "CLGA",
    "network": "Namma Metro"
   },
   "geometry": {
    "type": "Point",
    "coordinates": [
     77.6062979,
     12.9756285
    ]
   }
  },
  {
   "type": "Feature",
   "properties": {
    "@id": "platform/Purple/CBPK/WHTM-CLGA",
    "platform": "Purple",
    "code": "CBPK",
    "ref": "Purple",
    "from": "WHTM",
    "to": "CLGA",
    "network": "Namma Metro"
   },
   "geometry": {
    "type": "Point",
    "coordinates": [
     77.597562,
     12.9808954
    ]
   }
  },
  {
   "type": "Feature",
   "properties": {
    "@id": "platform/Purple/VDSA/WHTM-CLGA",
    "platform": "Purple",
    "code": "VDSA",
    "ref": "Purple",
    "from": "WHTM",
    "to": "CLGA",
    "network": "Namma Metro"
   },
   "geometry": {
    "type": "Point",
    "coordinates": [
     77.5911088,
     12.9779727
    ]
   }
  },
  {
   "type": "Feature",
   "properties": {
    "@id": "platform/Purple/VSWA/WHTM-CLGA",
    "platform": "Purple",
    "code": "VSWA",
    "ref": "Purple",
    "from": "WHTM",
    "to": "CLGA",
    "network": "Namma Metro"
   },
   "geometry": {
    "type": "Point",
    "coordinates": [
     77.5842326,
     12.9745014
    ]
   }
  },
  {
   "type": "Feature",
   "properties": {
    "@id": "platform/Purple/KGWA/WHTM-CLGA",
    "platform": "Purple",
    "code": "KGWA",
    "ref": "Purple",
    "from": "WHTM",
    "to": "CLGA",
    "network": "Namma Metro"
   },
   "geometry": {
    "type": "Point",
    "coordinates": [
     77.5728057,
     12.9756704
    ]
   }
  },
  {
   "type": "Feature",
   "properties": {
    "@id": "platform/Purple/BRCS/WHTM-CLGA",
    "platform": "Purple",
    "code": "BRCS",
    "ref": "Purple",
    "from": "WHTM",
    "to": "CLGA",
    "network": "Namma Metro"
   },
   "geometry": {
    "type": "Point",
    "coordinates": [
     77.5653792,
     12.9758581
    ]
   }
  },
  {
   "type": "Feature",
   "properties": {
    "@id": "platform/Purple/MIRD/WHTM-CLGA",
    "platform": "Purple",
    "code": "MIRD",
    "ref": "Purple",
    "from": "WHTM",
    "to": "CLGA",
    "network": "Namma Metro"
   },
   "geometry": {
    "type": "Point",
    "coordinates": [
     77.5553564,
     12.975608
    ]
   }
  },
  {
   "type": "Feature",
   "properties": {
    "@id": "platform/Purple/HSLI/WHTM-CLGA",
    "platform": "Purple",
    "code": "HSLI",
    "ref": "Purple",
    "from": "WHTM",
    "to": "CLGA",
    "network": "Namma Metro"
   },
   "geometry": {
    "type": "Point",
    "coordinates": [
     77.5456189,
     12.9741737
    ]
   }
  },
  {
   "type": "Feature",
   "properties": {
    "@id": "platform/Purple/VJN/WHTM-CLGA",
    "platform": "Purple",
    "code": "VJN",
    "ref": "Purple",
    "from": "WHTM",
    "to": "CLGA",
    "network": "Namma Metro"
   },
   "geometry": {
    "type": "Point",
    "coordinates": [
     77.5374285,
     12.9709391
    ]
   }
  },
  {
   "type": "Feature",
   "properties": {
    "@id": "platform/Purple/AGPP/WHTM-CLGA",
    "platform": "Purple",
    "code": "AGPP",
    "ref": "Purple",
    "from": "WHTM",
    "to": "CLGA",
    "network": "Namma Metro"
   },
   "geometry": {
    "type": "Point",
    "coordinates": [
     77.5335932,
     12.9618581
    ]
   }
  },
  {
   "type": "Feature",
   "properties": {
    "@id": "platform/Purple/DJNR/WHTM-CLGA",
    "platform": "Purple",
    "code": "DJNR",
    "ref": "Purple",
    "from": "WHTM",
    "to": "CLGA",
    "network": "Namma Metro"
   },
   "geometry": {
    "type": "Point",
    "coordinates": [
     77.5370399,
     12.9520466
    ]
   }
  },
  {
   "type": "Feature",
   "properties": {
    "@id": "platform/Purple/MYRD/WHTM-CLGA",
    "platform": "Purple",
    "code": "MYRD",
    "ref": "Purple",
    "from": "WHTM",
    "to": "CLGA",
    "network": "Namma Metro"
   },
   "geometry": {
    "type": "Point",
    "coordinates": [
     77.5300896,
     12.9466619
    ]
   }
  },
  {
   "type": "Feature",
   "properties": {
    "@id": "platform/Purple/NYHM/WHTM-CLGA",
    "platform": "Purple",
    "code": "NYHM",
    "ref": "Purple",
    "from": "WHTM",
    "to": "CLGA",
    "network": "Namma Metro"
   },
   "geometry": {
    "type": "Point",
    "coordinates": [
     77.525127,
     12.9416608
    ]
   }
  },
  {
   "type": "Feature",
   "properties": {
    "@id": "platform/Purple/RRRN/WHTM-CLGA",
    "platform": "Purple",
    "code": "RRRN",
    "ref": "Purple",
    "from": "WHTM",
    "to": "CLGA",
    "network": "Namma Metro"
   },
   "geometry": {
    "type": "Point",
    "coordinates": [
     77.5196666,
     12.9366362
    ]
   }
  },
  {
   "type": "Feature",
   "properties": {
    "@id": "platform/Purple/BGUC/WHTM-CLGA",
    "platform": "Purple",
    "code": "BGUC",
    "ref": "Purple",
    "from": "WHTM",
    "to": "CLGA",
    "network": "Namma Metro"
   },
   "geometry": {
    "type": "Point",
    "coordinates": [
     77.5124194,
     12.935405
    ]
   }
  },
  {
   "type": "Feature",
   "properties": {
    "@id": "platform/Purple/PATG/WHTM-CLGA",
    "platform": "Purple",
    "code": "PATG",
    "ref": "Purple",
    "from": "WHTM",
    "to": "CLGA",
    "network": "Namma Metro"
   },
   "geometry": {
    "type": "Point",
    "coordinates": [
     77.4983713,
     12.9242399
    ]
   }
  },
  {
   "type": "Feature",
   "properties": {
    "@id": "platform/Purple/MLSD/WHTM-CLGA",
    "platform": "Purple",
    "code": "MLSD",
    "ref": "Purple",
    "from": "WHTM",
    "to": "CLGA",
    "network": "Namma Metro"
   },
   "geometry": {
    "type": "Point",
    "coordinates": [
     77.4878613,
     12.9146648
    ]
   }
  },
  {
   "type": "Feature",
   "properties": {
    "@id": "platform/Purple/KGIT/WHTM-CLGA",
    "platform": "Purple",
    "code": "KGIT",
    "ref": "Purple",
    "from": "WHTM",
    "to": "CLGA",
    "network": "Namma Metro"
   },
   "geometry": {
    "type": "Point",
    "coordinates": [
     77.4765871,
     12.9078971
    ]
   }
  },
  {
   "type": "Feature",
   "properties": {
    "@id": "platform/Purple/CLGA/WHTM-CLGA",
    "platform": "Purple",
    "code": "CLGA",
    "ref": "Purple",
    "from": "WHTM",
    "to": "CLGA",
    "network": "Namma Metro"
   },
   "geometry": {
    "type": "Point",
    "coordinates": [
     77.4612476,
     12.897289
    ]
   }
  },
  {
   "type": "Feature",
   "properties": {
    "@id": "platform/Green/APTS/APTS-BIET",
    "platform": "Green",
    "code": "APTS",
    "ref": "Green",
    "from": "APTS",
    "to": "BIET",
    "network": "Namma Metro"
   },
   "geometry": {
    "type": "Point",
    "coordinates": [
     77.5299083,
     12.8616919
    ]
   }
  },
  {
   "type": "Feature",
   "properties": {
    "@id": "platform/Green/TGTP/APTS-BIET",
    "platform": "Green",
    "code": "TGTP",
    "ref": "Green",
    "from": "APTS",
    "to": "BIET",
    "network": "Namma Metro"
   },
   "geometry": {
    "type": "Point",
    "coordinates": [
     77.5383625,
     12.8714243
    ]
   }
  },
  {
   "type": "Feature",
   "properties": {
    "@id": "platform/Green/VJRH/APTS-BIET",
    "platform": "Green",
    "code": "VJRH",
    "ref": "Green",
    "from": "APTS",
    "to": "BIET",
    "network": "Namma Metro"
   },
   "geometry": {
    "type": "Point",
    "coordinates": [
     77.544745,
     12.8775389
    ]
   }
  },
  {
   "type": "Feature",
   "properties": {
    "@id": "platform/Green/KLPK/APTS-BIET",
    "platform": "Green",
    "code": "KLPK",
    "ref": "Green",
    "from": "APTS",
    "to": "BIET",
    "network": "Namma Metro"
   },
   "geometry": {
    "type": "Point",
    "coordinates": [
     77.552751,
     12.8846862
    ]
   }
  },
  {
   "type": "Feature",
   "properties": {
    "@id": "platform/Green/APRC/APTS-BIET",
    "platform": "Green",
    "code": "APRC",
    "ref": "Green",
    "from": "APTS",
    "to": "BIET",
    "network": "Namma Metro"
   },
   "geometry": {
    "type": "Point",
    "coordinates": [
     77.5626569,
     12.8889872
    ]
   }
  },
  {
   "type": "Feature",
   "properties": {
    "@id": "platform/Green/PUTH/APTS-BIET",
    "platform": "Green",
    "code": "PUTH",
    "ref": "Green",
    "from": "APTS",
    "to": "BIET",
    "network": "Namma Metro"
   },
   "geometry": {
    "type": "Point",
    "coordinates": [
     77.5700982,
     12.8960662
    ]
   }
  },
  {
   "type": "Feature",
   "properties": {
    "@id": "platform/Green/JPN/APTS-BIET",
    "platform": "Green",
    "code": "JPN",
    "ref": "Green",
    "from": "APTS",
    "to": "BIET",
    "network": "Namma Metro"
   },
   "geometry": {
    "type": "Point",
    "coordinates": [
     77.5731076,
     12.907476
    ]
   }
  },
  {
   "type": "Feature",
   "properties": {
    "@id": "platform/Green/BSNK/APTS-BIET",
    "platform": "Green",
    "code": "BSNK",
    "ref": "Green",
    "from": "APTS",
    "to": "BIET",
    "network": "Namma Metro"
   },
   "geometry": {
    "type": "Point",
    "coordinates": [
     77.5735786,
     12.9152242
    ]
   }
  },
  {
   "type": "Feature",
   "properties": {
    "@id": "platform/Green/RVR/APTS-BIET",
    "platform": "Green",
    "code": "RVR",
    "ref": "Green",
    "from": "APTS",
    "to": "BIET",
    "network": "Namma Metro"
   },
   "geometry": {
    "type": "Point",
    "coordinates": [
     77.5802479,
     12.9213321
    ]
   }
  },
  {
   "type": "Feature",
   "properties": {
    "@id": "platform/Green/JYN/APTS-BIET",
    "platform": "Green",
    "code": "JYN",
    "ref": "Green",
    "from": "APTS",
    "to": "BIET",
    "network": "Namma Metro"
   },
   "geometry": {
    "type": "Point",
    "coordinates": [
     77.580123,
     12.9295065
    ]
   }
  },
  {
   "type": "Feature",
   "properties": {
    "@id": "platform/Green/SECE/APTS-BIET",
    "platform": "Green",
    "code": "SECE",
    "ref": "Green",
    "from": "APTS",
    "to": "BIET",
    "network": "Namma Metro"
   },
   "geometry": {
    "type": "Point",
    "coordinates": [
     77.5800349,
     12.9382617
    ]
   }
  },
  {
   "type": "Feature",
   "properties": {
    "@id": "platform/Green/LBGH/APTS-BIET",
    "platform": "Green",
    "code": "LBGH",
    "ref": "Green",
    "from": "APTS",
    "to": "BIET",
    "network": "Namma Metro"
   },
   "geometry": {
    "type": "Point",
    "coordinates": [
     77.5799954,
     12.9465339
    ]
   }
  },
  {
   "type": "Feature",
   "properties": {
    "@id": "platform/Green/NLC/APTS-BIET",
    "platform": "Green",
    "code": "NLC",
    "ref": "Green",
    "from": "APTS",
    "to": "BIET",
    "network": "Namma Metro"
   },
   "geometry": {
    "type": "Point",
    "coordinates": [
     77.5736697,
     12.9505263
    ]
   }
  },
  {
   "type": "Feature",
   "properties": {
    "@id": "platform/Green/KRMT/APTS-BIET",
    "platform": "Green",
    "code": "KRMT",
    "ref": "Green",
    "from": "APTS",
    "to": "BIET",
    "network": "Namma Metro"
   },
   "geometry": {
    "type": "Point",
    "coordinates": [
     77.5746404,
     12.960896
    ]
   }
  },
  {
   "type": "Feature",
   "properties": {
    "@id": "platform/Green/CKPE/APTS-BIET",
    "platform": "Green",
    "code": "CKPE",
    "ref": "Green",
    "from": "APTS",
    "to": "BIET",
    "network": "Namma Metro"
   },
   "geometry": {
    "type": "Point",
    "coordinates": [
     77.5745314,
     12.9669249
    ]
   }
  },
  {
   "type": "Feature",
   "properties": {
    "@id": "platform/Green/KGWA/APTS-BIET",
    "platform": "Green",
    "code": "KGWA",
    "ref": "Green",
    "from": "APTS",
    "to": "BIET",
    "network": "Namma Metro"
   },
   "geometry": {
    "type": "Point",
    "coordinates": [
     77.5728675,
     12.9759557
    ]
   }
  },
  {
   "type": "Feature",
   "properties": {
    "@id": "platform/Green/SPGD/APTS-BIET",
    "platform": "Green",
    "code": "SPGD",
    "ref": "Green",
    "from": "APTS",
    "to": "BIET",
    "network": "Namma Metro"
   },
   "geometry": {
    "type": "Point",
    "coordinates": [
     77.5706929,
     12.9904282
    ]
   }
  },
  {
   "type": "Feature",
   "properties": {
    "@id": "platform/Green/SPRU/APTS-BIET",
    "platform": "Green",
    "code": "SPRU",
    "ref": "Green",
    "from": "APTS",
    "to": "BIET",
    "network": "Namma Metro"
   },
   "geometry": {
    "type": "Point",
    "coordinates": [
     77.5632993,
     12.9964948
    ]
   }
  },
  {
   "type": "Feature",
   "properties": {
    "@id": "platform/Green/KVPR/APTS-BIET",
    "platform": "Green",
    "code": "KVPR",
    "ref": "Green",
    "from": "APTS",
    "to": "BIET",
    "network": "Namma Metro"
   },
   "geometry": {
    "type": "Point",
    "coordinates": [
     77.5568746,
     12.9984697
    ]
   }
  },
  {
   "type": "Feature",
   "properties": {
    "@id": "platform/Green/RJNR/APTS-BIET",
    "platform": "Green",
    "code": "RJNR",
    "ref": "Green",
    "from": "APTS",
    "to": "BIET",
    "network": "Namma Metro"
   },
   "geometry": {
    "type": "Point",
    "coordinates": [
     77.5496166,
     13.0005232
    ]
   }
  },
  {
   "type": "Feature",
   "properties": {
    "@id": "platform/Green/MHLI/APTS-BIET",
    "platform": "Green",
    "code": "MHLI",
    "ref": "Green",
    "from": "APTS",
    "to": "BIET",
    "network": "Namma Metro"
   },
   "geometry": {
    "type": "Point",
    "coordinates": [
     77.5487834,
     13.0080774
    ]
   }
  },
  {
   "type": "Feature",
   "properties": {
    "@id": "platform/Green/SSFY/APTS-BIET",
    "platform": "Green",
    "code": "SSFY",
    "ref": "Green",
    "from": "APTS",
    "to": "BIET",
    "network": "Namma Metro"
   },
   "geometry": {
    "type": "Point",
    "coordinates": [
     77.5539915,
     13.0147178
    ]
   }
  },
  {
   "type": "Feature",
   "properties": {
    "@id": "platform/Green/YPM/APTS-BIET",
    "platform": "Green",
    "code": "YPM",
    "ref": "Green",
    "from": "APTS",
    "to": "BIET",
    "network": "Namma Metro"
   },
   "geometry": {
    "type": "Point",
    "coordinates": [
     77.5497052,
     13.0232981
    ]
   }
  },
  {
   "type": "Feature",
   "properties": {
    "@id": "platform/Green/YPI/APTS-BIET",
    "platform": "Green",
    "code": "YPI",
    "ref": "Green",
    "from": "APTS",
    "to": "BIET",
    "network": "Namma Metro"
   },
   "geometry": {
    "type": "Point",
    "coordinates": [
     77.5404372,
     13.028613
    ]
   }
  },
  {
   "type": "Feature",
   "properties": {
    "@id": "platform/Green/PEYA/APTS-BIET",
    "platform": "Green",
    "code": "PEYA",
    "ref": "Green",
    "from": "APTS",
    "to": "BIET",
    "network": "Namma Metro"
   },
   "geometry": {
    "type": "Point",
    "coordinates": [
     77.5331801,
     13.0329814
    ]
   }
  },
  {
   "type": "Feature",
   "properties": {
    "@id": "platform/Green/PYID/APTS-BIET",
    "platform": "Green",
    "code": "PYID",
    "ref": "Green",
    "from": "APTS",
    "to": "BIET",
    "network": "Namma Metro"
   },
   "geometry": {
    "type": "Point",
    "coordinates": [
     77.5254867,
     13.0362716
    ]
   }
  },
  {
   "type": "Feature",
   "properties": {
    "@id": "platform/Green/JLHL/APTS-BIET",
    "platform": "Green",
    "code": "JLHL",
    "ref": "Green",
    "from": "APTS",
    "to": "BIET",
    "network": "Namma Metro"
   },
   "geometry": {
    "type": "Point",
    "coordinates": [
     77.5197223,
     13.0393735
    ]
   }
  },
  {
   "type": "Feature",
   "properties": {
    "@id": "platform/Green/DSH/APTS-BIET",
    "platform": "Green",
    "code": "DSH",
    "ref": "Green",
    "from": "APTS",
    "to": "BIET",
    "network": "Namma Metro"
   },
   "geometry": {
    "type": "Point",
    "coordinates": [
     77.5125345,
     13.0432196
    ]
   }
  },
  {
   "type": "Feature",
   "properties": {
    "@id": "platform/Green/NGSA/APTS-BIET",
    "platform": "Green",
    "code": "NGSA",
    "ref": "Green",
    "from": "APTS",
    "to": "BIET",
    "network": "Namma Metro"
   },
   "geometry": {
    "type": "Point",
    "coordinates": [
     77.5001342,
     13.0479383
    ]
   }
  },
  {
   "type": "Feature",
   "properties": {
    "@id": "platform/Green/MNJN/APTS-BIET",
    "platform": "Green",
    "code": "MNJN",
    "ref": "Green",
    "from": "APTS",
    "to": "BIET",
    "network": "Namma Metro"
   },
   "geometry": {
    "type": "Point",
    "coordinates": [
     77.4944407,
     13.0500685
    ]
   }
  },
  {
   "type": "Feature",
   "properties": {
    "@id": "platform/Green/JIDL/APTS-BIET",
    "platform": "Green",
    "code": "JIDL",
    "ref": "Green",
    "from": "APTS",
    "to": "BIET",
    "network": "Namma Metro"
   },
   "geometry": {
    "type": "Point",
    "coordinates": [
     77.4879101,
     13.0523412
    ]
   }
  },
  {
   "type": "Feature",
   "properties": {
    "@id": "platform/Green/BIET/APTS-BIET",
    "platform": "Green",
    "code": "BIET",
    "ref": "Green",
    "from": "APTS",
    "to": "BIET",
    "network": "Namma Metro"
   },
   "geometry": {
    "type": "Point",
    "coordinates": [
     77.4728018,
     13.0574004
    ]
   }
  },
  {
   "type": "Feature",
   "properties": {
    "@id": "platform/Purple/CLGA/CLGA-WHTM",
    "platform": "Purple",
    "code": "CLGA",
    "ref": "Purple",
    "from": "CLGA",
    "to": "WHTM",
    "network": "Namma Metro"
   },
   "geometry": {
    "type": "Point",
    "coordinates": [
     77.4612175,
     12.8973303
    ]
   }
  },
  {
   "type": "Feature",
   "properties": {
    "@id": "platform/Purple/KGIT/CLGA-WHTM",
    "platform": "Purple",
    "code": "KGIT",
    "ref": "Purple",
    "from": "CLGA",
    "to": "WHTM",
    "network": "Namma Metro"
   },
   "geometry": {
    "type": "Point",
    "coordinates": [
     77.4765748,
     12.9079284
    ]
   }
  },
  {
   "type": "Feature",
   "properties": {
    "@id": "platform/Purple/MLSD/CLGA-WHTM",
    "platform": "Purple",
    "code": "MLSD",
    "ref": "Purple",
    "from": "CLGA",
    "to": "WHTM",
    "network": "Namma Metro"
   },
   "geometry": {
    "type": "Point",
    "coordinates": [
     77.4878484,
     12.914711
    ]
   }
  },
  {
   "type": "Feature",
   "properties": {
    "@id": "platform/Purple/PATG/CLGA-WHTM",
    "platform": "Purple",
    "code": "PATG",
    "ref": "Purple",
    "from": "CLGA",
    "to": "WHTM",
    "network": "Namma Metro"
   },
   "geometry": {
    "type": "Point",
    "coordinates": [
     77.4983378,
     12.9242632
    ]
   }
  },
  {
   "type": "Feature",
   "properties": {
    "@id": "platform/Purple/BGUC/CLGA-WHTM",
    "platform": "Purple",
    "code": "BGUC",
    "ref": "Purple",
    "from": "CLGA",
    "to": "WHTM",
    "network": "Namma Metro"
   },
   "geometry": {
    "type": "Point",
    "coordinates": [
     77.5124016,
     12.9354476
    ]
   }
  },
  {
   "type": "Feature",
   "properties": {
    "@id": "platform/Purple/RRRN/CLGA-WHTM",
    "platform": "Purple",
    "code": "RRRN",
    "ref": "Purple",
    "from": "CLGA",
    "to": "WHTM",
    "network": "Namma Metro"
   },
   "geometry": {
    "type": "Point",
    "coordinates": [
     77.5196587,
     12.9366736
    ]
   }
  },
  {
   "type": "Feature",
   "properties": {
    "@id": "platform/Purple/NYHM/CLGA-WHTM",
    "platform": "Purple",
    "code": "NYHM",
    "ref": "Purple",
    "from": "CLGA",
    "to": "WHTM",
    "network": "Namma Metro"
   },
   "geometry": {
    "type": "Point",
    "coordinates": [
     77.5251045,
     12.9416831
    ]
   }
  },
  {
   "type": "Feature",
   "properties": {
    "@id": "platform/Purple/MYRD/CLGA-WHTM",
    "platform": "Purple",
    "code": "MYRD",
    "ref": "Purple",
    "from": "CLGA",
    "to": "WHTM",
    "network": "Namma Metro"
   },
   "geometry": {
    "type": "Point",
    "coordinates": [
     77.5300705,
     12.9467026
    ]
   }
  },
  {
   "type": "Feature",
   "properties": {
    "@id": "platform/Purple/DJNR/CLGA-WHTM",
    "platform": "Purple",
    "code": "DJNR",
    "ref": "Purple",
    "from": "CLGA",
    "to": "WHTM",
    "network": "Namma Metro"
   },
   "geometry": {
    "type": "Point",
    "coordinates": [
     77.5369961,
     12.9520333
    ]
   }
  },
  {
   "type": "Feature",
   "properties": {
    "@id": "platform/Purple/AGPP/CLGA-WHTM",
    "platform": "Purple",
    "code": "AGPP",
    "ref": "Purple",
    "from": "CLGA",
    "to": "WHTM",
    "network": "Namma Metro"
   },
   "geometry": {
    "type": "Point",
    "coordinates": [
     77.5335505,
     12.9618745
    ]
   }
  },
  {
   "type": "Feature",
   "properties": {
    "@id": "platform/Purple/VJN/CLGA-WHTM",
    "platform": "Purple",
    "code": "VJN",
    "ref": "Purple",
    "from": "CLGA",
    "to": "WHTM",
    "network": "Namma Metro"
   },
   "geometry": {
    "type": "Point",
    "coordinates": [
     77.5373851,
     12.9709537
    ]
   }
  },
  {
   "type": "Feature",
   "properties": {
    "@id": "platform/Purple/HSLI/CLGA-WHTM",
    "platform": "Purple",
    "code": "HSLI",
    "ref": "Purple",
    "from": "CLGA",
    "to": "WHTM",
    "network": "Namma Metro"
   },
   "geometry": {
    "type": "Point",
    "coordinates": [
     77.5456182,
     12.9742184
    ]
   }
  },
  {
   "type": "Feature",
   "properties": {
    "@id": "platform/Purple/MIRD/CLGA-WHTM",
    "platform": "Purple",
    "code": "MIRD",
    "ref": "Purple",
    "from": "CLGA",
    "to": "WHTM",
    "network": "Namma Metro"
   },
   "geometry": {
    "type": "Point",
    "coordinates": [
     77.5553548,
     12.9756527
    ]
   }
  },
  {
   "type": "Feature",
   "properties": {
    "@id": "platform/Purple/BRCS/CLGA-WHTM",
    "platform": "Purple",
    "code": "BRCS",
    "ref": "Purple",
    "from": "CLGA",
    "to": "WHTM",
    "network": "Namma Metro"
   },
   "geometry": {
    "type": "Point",
    "coordinates": [
     77.5653744,
     12.9759026
    ]
   }
  },
  {
   "type": "Feature",
   "properties": {
    "@id": "platform/Purple/KGWA/CLGA-WHTM",
    "platform": "Purple",
    "code": "KGWA",
    "ref": "Purple",
    "from": "CLGA",
    "to": "WHTM",
    "network": "Namma Metro"
   },
   "geometry": {
    "type": "Point",
    "coordinates": [
     77.5730887,
     12.9757512
    ]
   }
  },
  {
   "type": "Feature",
   "properties": {
    "@id": "platform/Purple/VSWA/CLGA-WHTM",
    "platform": "Purple",
    "code": "VSWA",
    "ref": "Purple",
    "from": "CLGA",
    "to": "WHTM",
    "network": "Namma Metro"
   },
   "geometry": {
    "type": "Point",
    "coordinates": [
     77.584209,
     12.9745398
    ]
   }
  },
  {
   "type": "Feature",
   "properties": {
    "@id": "platform/Purple/VDSA/CLGA-WHTM",
    "platform": "Purple",
    "code": "VDSA",
    "ref": "Purple",
    "from": "CLGA",
    "to": "WHTM",
    "network": "Namma Metro"
   },
   "geometry": {
    "type": "Point",
    "coordinates": [
     77.591831,
     12.978996
    ]
   }
  },
  {
   "type": "Feature",
   "properties": {
    "@id": "platform/Purple/CBPK/CLGA-WHTM",
    "platform": "Purple",
    "code": "CBPK",
    "ref": "Purple",
    "from": "CLGA",
    "to": "WHTM",
    "network": "Namma Metro"
   },
   "geometry": {
    "type": "Point",
    "coordinates": [
     77.5975758,
     12.9809794
    ]
   }
  },
  {
   "type": "Feature",
   "properties": {
    "@id": "platform/Purple/MAGR/CLGA-WHTM",
    "platform": "Purple",
    "code": "MAGR",
    "ref": "Purple",
    "from": "CLGA",
    "to": "WHTM",
    "network": "Namma Metro"
   },
   "geometry": {
    "type": "Point",
    "coordinates": [
     77.6072648,
     12.9754288
    ]
   }
  },
  {
   "type": "Feature",
   "properties": {
    "@id": "platform/Purple/TTY/CLGA-WHTM",
    "platform": "Purple",
    "code": "TTY",
    "ref": "Purple",
    "from": "CLGA",
    "to": "WHTM",
    "network": "Namma Metro"
   },
   "geometry": {
    "type": "Point",
    "coordinates": [
     77.6170235,
     12.9730388
    ]
   }
  },
  {
   "type": "Feature",
   "properties": {
    "@id": "platform/Purple/HLRU/CLGA-WHTM",
    "platform": "Purple",
    "code": "HLRU",
    "ref": "Purple",
    "from": "CLGA",
    "to": "WHTM",
    "network": "Namma Metro"
   },
   "geometry": {
    "type": "Point",
    "coordinates": [
     77.626667,
     12.9765165
    ]
   }
  },
  {
   "type": "Feature",
   "properties": {
    "@id": "platform/Purple/IDN/CLGA-WHTM",
    "platform": "Purple",
    "code": "IDN",
    "ref": "Purple",
    "from": "CLGA",
    "to": "WHTM",
    "network": "Namma Metro"
   },
   "geometry": {
    "type": "Point",
    "coordinates": [
     77.638658,
     12.9783526
    ]
   }
  },
  {
   "type": "Feature",
   "properties": {
    "@id": "platform/Purple/SVRD/CLGA-WHTM",
    "platform": "Purple",
    "code": "SVRD",
    "ref": "Purple",
    "from": "CLGA",
    "to": "WHTM",
    "network": "Namma Metro"
   },
   "geometry": {
    "type": "Point",
    "coordinates": [
     77.6448902,
     12.9859543
    ]
   }
  },
  {
   "type": "Feature",
   "properties": {
    "@id": "platform/Purple/BYPH/CLGA-WHTM",
    "platform": "Purple",
    "code": "BYPH",
    "ref": "Purple",
    "from": "CLGA",
    "to": "WHTM",
    "network": "Namma Metro"
   },
   "geometry": {
    "type": "Point",
    "coordinates": [
     77.6523733,
     12.9907136
    ]
   }
  },
  {
   "type": "Feature",
   "properties": {
    "@id": "platform/Purple/JTPM/CLGA-WHTM",
    "platform": "Purple",
    "code": "JTPM",
    "ref": "Purple",
    "from": "CLGA",
    "to": "WHTM",
    "network": "Namma Metro"
   },
   "geometry": {
    "type": "Point",
    "coordinates": [
     77.6684581,
     12.9965359
    ]
   }
  },
  {
   "type": "Feature",
   "properties": {
    "@id": "platform/Purple/KRAM/CLGA-WHTM",
    "platform": "Purple",
    "code": "KRAM",
    "ref": "Purple",
    "from": "CLGA",
    "to": "WHTM",
    "network": "Namma Metro"
   },
   "geometry": {
    "type": "Point",
    "coordinates": [
     77.6779104,
     12.9999402
    ]
   }
  },
  {
   "type": "Feature",
   "properties": {
    "@id": "platform/Purple/MDVP/CLGA-WHTM",
    "platform": "Purple",
    "code": "MDVP",
    "ref": "Purple",
    "from": "CLGA",
    "to": "WHTM",
    "network": "Namma Metro"
   },
   "geometry": {
    "type": "Point",
    "coordinates": [
     77.6930464,
     12.9964536
    ]
   }
  },
  {
   "type": "Feature",
   "properties": {
    "@id": "platform/Purple/GDCP/CLGA-WHTM",
    "platform": "Purple",
    "code": "GDCP",
    "ref": "Purple",
    "from": "CLGA",
    "to": "WHTM",
    "network": "Namma Metro"
   },
   "geometry": {
    "type": "Point",
    "coordinates": [
     77.7041125,
     12.9933397
    ]
   }
  },
  {
   "type": "Feature",
   "properties": {
    "@id": "platform/Purple/DKIA/CLGA-WHTM",
    "platform": "Purple",
    "code": "DKIA",
    "ref": "Purple",
    "from": "CLGA",
    "to": "WHTM",
    "network": "Namma Metro"
   },
   "geometry": {
    "type": "Point",
    "coordinates": [
     77.7109265,
     12.9885448
    ]
   }
  },
  {
   "type": "Feature",
   "properties": {
    "@id": "platform/Purple/VWIA/CLGA-WHTM",
    "platform": "Purple",
    "code": "VWIA",
    "ref": "Purple",
    "from": "CLGA",
    "to": "WHTM",
    "network": "Namma Metro"
   },
   "geometry": {
    "type": "Point",
    "coordinates": [
     77.7088952,
     12.980531
    ]
   }
  },
  {
   "type": "Feature",
   "properties": {
    "@id": "platform/Purple/KDNH/CLGA-WHTM",
    "platform": "Purple",
    "code": "KDNH",
    "ref": "Purple",
    "from": "CLGA",
    "to": "WHTM",
    "network": "Namma Metro"
   },
   "geometry": {
    "type": "Point",
    "coordinates": [
     77.7160828,
     12.9775256
    ]
   }
  },
  {
   "type": "Feature",
   "properties": {
    "@id": "platform/Purple/VDHP/CLGA-WHTM",
    "platform": "Purple",
    "code": "VDHP",
    "ref": "Purple",
    "from": "CLGA",
    "to": "WHTM",
    "network": "Namma Metro"
   },
   "geometry": {
    "type": "Point",
    "coordinates": [
     77.7253457,
     12.9765754
    ]
   }
  },
  {
   "type": "Feature",
   "properties": {
    "@id": "platform/Purple/SSHP/CLGA-WHTM",
    "platform": "Purple",
    "code": "SSHP",
    "ref": "Purple",
    "from": "CLGA",
    "to": "WHTM",
    "network": "Namma Metro"
   },
   "geometry": {
    "type": "Point",
    "coordinates": [
     77.7276627,
     12.9817149
    ]
   }
  },
  {
   "type": "Feature",
   "properties": {
    "@id": "platform/Purple/ITPL/CLGA-WHTM",
    "platform": "Purple",
    "code": "ITPL",
    "ref": "Purple",
    "from": "CLGA",
    "to": "WHTM",
    "network": "Namma Metro"
   },
   "geometry": {
    "type": "Point",
    "coordinates": [
     77.7383542,
     12.987637
    ]
   }
  },
  {
   "type": "Feature",
   "properties": {
    "@id": "platform/Purple/KDGD/CLGA-WHTM",
    "platform": "Purple",
    "code": "KDGD",
    "ref": "Purple",
    "from": "CLGA",
    "to": "WHTM",
    "network": "Namma Metro"
   },
   "geometry": {
    "type": "Point",
    "coordinates": [
     77.747537,
     12.9854806
    ]
   }
  },
  {
   "type": "Feature",
   "properties": {
    "@id": "platform/Purple/UWVL/CLGA-WHTM",
    "platform": "Purple",
    "code": "UWVL",
    "ref": "Purple",
    "from": "CLGA",
    "to": "WHTM",
    "network": "Namma Metro"
   },
   "geometry": {
    "type": "Point",
    "coordinates": [
     77.7539652,
     12.9875337
    ]
   }
  },
  {
   "type": "Feature",
   "properties": {
    "@id": "platform/Purple/WHTM/CLGA-WHTM",
    "platform": "Purple",
    "code": "WHTM",
    "ref": "Purple",
    "from": "CLGA",
    "to": "WHTM",
    "network": "Namma Metro"
   },
   "geometry": {
    "type": "Point",
    "coordinates": [
     77.7579756,
     12.9959639
    ]
   }
  },
  {
   "type": "Feature",
   "properties": {
    "@id": "platform/Green/BIET/BIET-APTS",
    "platform": "Green",
    "code": "BIET",
    "ref": "Green",
    "from": "BIET",
    "to": "APTS",
    "network": "Namma Metro"
   },
   "geometry": {
    "type": "Point",
    "coordinates": [
     77.4728077,
     13.0574359
    ]
   }
  },
  {
   "type": "Feature",
   "properties": {
    "@id": "platform/Green/JIDL/BIET-APTS",
    "platform": "Green",
    "code": "JIDL",
    "ref": "Green",
    "from": "BIET",
    "to": "APTS",
    "network": "Namma Metro"
   },
   "geometry": {
    "type": "Point",
    "coordinates": [
     77.4879224,
     13.0523847
    ]
   }
  },
  {
   "type": "Feature",
   "properties": {
    "@id": "platform/Green/MNJN/BIET-APTS",
    "platform": "Green",
    "code": "MNJN",
    "ref": "Green",
    "from": "BIET",
    "to": "APTS",
    "network": "Namma Metro"
   },
   "geometry": {
    "type": "Point",
    "coordinates": [
     77.4944527,
     13.0501121
    ]
   }
  },
  {
   "type": "Feature",
   "properties": {
    "@id": "platform/Green/NGSA/BIET-APTS",
    "platform": "Green",
    "code": "NGSA",
    "ref": "Green",
    "from": "BIET",
    "to": "APTS",
    "network": "Namma Metro"
   },
   "geometry": {
    "type": "Point",
    "coordinates": [
     77.5001473,
     13.0479782
    ]
   }
  },
  {
   "type": "Feature",
   "properties": {
    "@id": "platform/Green/DSH/BIET-APTS",
    "platform": "Green",
    "code": "DSH",
    "ref": "Green",
    "from": "BIET",
    "to": "APTS",
    "network": "Namma Metro"
   },
   "geometry": {
    "type": "Point",
    "coordinates": [
     77.5125628,
     13.0432956
    ]
   }
  },
  {
   "type": "Feature",
   "properties": {
    "@id": "platform/Green/JLHL/BIET-APTS",
    "platform": "Green",
    "code": "JLHL",
    "ref": "Green",
    "from": "BIET",
    "to": "APTS",
    "network": "Namma Metro"
   },
   "geometry": {
    "type": "Point",
    "coordinates": [
     77.5197626,
     13.0394442
    ]
   }
  },
  {
   "type": "Feature",
   "properties": {
    "@id": "platform/Green/PYID/BIET-APTS",
    "platform": "Green",
    "code": "PYID",
    "ref": "Green",
    "from": "BIET",
    "to": "APTS",
    "network": "Namma Metro"
   },
   "geometry": {
    "type": "Point",
    "coordinates": [
     77.525528,
     13.0363428
    ]
   }
  },
  {
   "type": "Feature",
   "properties": {
    "@id": "platform/Green/PEYA/BIET-APTS",
    "platform": "Green",
    "code": "PEYA",
    "ref": "Green",
    "from": "BIET",
    "to": "APTS",
    "network": "Namma Metro"
   },
   "geometry": {
    "type": "Point",
    "coordinates": [
     77.5332233,
     13.0330515
    ]
   }
  },
  {
   "type": "Feature",
   "properties": {
    "@id": "platform/Green/YPI/BIET-APTS",
    "platform": "Green",
    "code": "YPI",
    "ref": "Green",
    "from": "BIET",
    "to": "APTS",
    "network": "Namma Metro"
   },
   "geometry": {
    "type": "Point",
    "coordinates": [
     77.5411923,
     13.0282471
    ]
   }
  },
  {
   "type": "Feature",
   "properties": {
    "@id": "platform/Green/YPM/BIET-APTS",
    "platform": "Green",
    "code": "YPM",
    "ref": "Green",
    "from": "BIET",
    "to": "APTS",
    "network": "Namma Metro"
   },
   "geometry": {
    "type": "Point",
    "coordinates": [
     77.549748,
     13.0233685
    ]
   }
  },
  {
   "type": "Feature",
   "properties": {
    "@id": "platform/Green/SSFY/BIET-APTS",
    "platform": "Green",
    "code": "SSFY",
    "ref": "Green",
    "from": "BIET",
    "to": "APTS",
    "network": "Namma Metro"
   },
   "geometry": {
    "type": "Point",
    "coordinates": [
     77.5540284,
     13.0147177
    ]
   }
  },
  {
   "type": "Feature",
   "properties": {
    "@id": "platform/Green/MHLI/BIET-APTS",
    "platform": "Green",
    "code": "MHLI",
    "ref": "Green",
    "from": "BIET",
    "to": "APTS",
    "network": "Namma Metro"
   },
   "geometry": {
    "type": "Point",
    "coordinates": [
     77.5488245,
     13.0080714
    ]
   }
  },
  {
   "type": "Feature",
   "properties": {
    "@id": "platform/Green/RJNR/BIET-APTS",
    "platform": "Green",
    "code": "RJNR",
    "ref": "Green",
    "from": "BIET",
    "to": "APTS",
    "network": "Namma Metro"
   },
   "geometry": {
    "type": "Point",
    "coordinates": [
     77.5496996,
     13.0005359
    ]
   }
  },
  {
   "type": "Feature",
   "properties": {
    "@id": "platform/Green/KVPR/BIET-APTS",
    "platform": "Green",
    "code": "KVPR",
    "ref": "Green",
    "from": "BIET",
    "to": "APTS",
    "network": "Namma Metro"
   },
   "geometry": {
    "type": "Point",
    "coordinates": [
     77.5568794,
     12.9985238
    ]
   }
  },
  {
   "type": "Feature",
   "properties": {
    "@id": "platform/Green/SPRU/BIET-APTS",
    "platform": "Green",
    "code": "SPRU",
    "ref": "Green",
    "from": "BIET",
    "to": "APTS",
    "network": "Namma Metro"
   },
   "geometry": {
    "type": "Point",
    "coordinates": [
     77.5633115,
     12.9965408
    ]
   }
  },
  {
   "type": "Feature",
   "properties": {
    "@id": "platform/Green/SPGD/BIET-APTS",
    "platform": "Green",
    "code": "SPGD",
    "ref": "Green",
    "from": "BIET",
    "to": "APTS",
    "network": "Namma Metro"
   },
   "geometry": {
    "type": "Point",
    "coordinates": [
     77.5707615,
     12.9904754
    ]
   }
  },
  {
   "type": "Feature",
   "properties": {
    "@id": "platform/Green/KGWA/BIET-APTS",
    "platform": "Green",
    "code": "KGWA",
    "ref": "Green",
    "from": "BIET",
    "to": "APTS",
    "network": "Namma Metro"
   },
   "geometry": {
    "type": "Point",
    "coordinates": [
     77.5730388,
     12.9750646
    ]
   }
  },
  {
   "type": "Feature",
   "properties": {
    "@id": "platform/Green/CKPE/BIET-APTS",
    "platform": "Green",
    "code": "CKPE",
    "ref": "Green",
    "from": "BIET",
    "to": "APTS",
    "network": "Namma Metro"
   },
   "geometry": {
    "type": "Point",
    "coordinates": [
     77.5745737,
     12.966924
    ]
   }
  },
  {
   "type": "Feature",
   "properties": {
    "@id": "platform/Green/KRMT/BIET-APTS",
    "platform": "Green",
    "code": "KRMT",
    "ref": "Green",
    "from": "BIET",
    "to": "APTS",
    "network": "Namma Metro"
   },
   "geometry": {
    "type": "Point",
    "coordinates": [
     77.5746822,
     12.9608898
    ]
   }
  },
  {
   "type": "Feature",
   "properties": {
    "@id": "platform/Green/NLC/BIET-APTS",
    "platform": "Green",
    "code": "NLC",
    "ref": "Green",
    "from": "BIET",
    "to": "APTS",
    "network": "Namma Metro"
   },
   "geometry": {
    "type": "Point",
    "coordinates": [
     77.573712,
     12.9505258
    ]
   }
  },
  {
   "type": "Feature",
   "properties": {
    "@id": "platform/Green/LBGH/BIET-APTS",
    "platform": "Green",
    "code": "LBGH",
    "ref": "Green",
    "from": "BIET",
    "to": "APTS",
    "network": "Namma Metro"
   },
   "geometry": {
    "type": "Point",
    "coordinates": [
     77.5800377,
     12.9465345
    ]
   }
  },
  {
   "type": "Feature",
   "properties": {
    "@id": "platform/Green/SECE/BIET-APTS",
    "platform": "Green",
    "code": "SECE",
    "ref": "Green",
    "from": "BIET",
    "to": "APTS",
    "network": "Namma Metro"
   },
   "geometry": {
    "type": "Point",
    "coordinates": [
     77.5800772,
     12.938262
    ]
   }
  },
  {
   "type": "Feature",
   "properties": {
    "@id": "platform/Green/JYN/BIET-APTS",
    "platform": "Green",
    "code": "JYN",
    "ref": "Green",
    "from": "BIET",
    "to": "APTS",
    "network": "Namma Metro"
   },
   "geometry": {
    "type": "Point",
    "coordinates": [
     77.5801653,
     12.9295069
    ]
   }
  },
  {
   "type": "Feature",
   "properties": {
    "@id": "platform/Green/RVR/BIET-APTS",
    "platform": "Green",
    "code": "RVR",
    "ref": "Green",
    "from": "BIET",
    "to": "APTS",
    "network": "Namma Metro"
   },
   "geometry": {
    "type": "Point",
    "coordinates": [
     77.5802892,
     12.9213328
    ]
   }
  },
  {
   "type": "Feature",
   "properties": {
    "@id": "platform/Green/BSNK/BIET-APTS",
    "platform": "Green",
    "code": "BSNK",
    "ref": "Green",
    "from": "BIET",
    "to": "APTS",
    "network": "Namma Metro"
   },
   "geometry": {
    "type": "Point",
    "coordinates": [
     77.5736205,
     12.9152186
    ]
   }
  },
  {
   "type": "Feature",
   "properties": {
    "@id": "platform/Green/JPN/BIET-APTS",
    "platform": "Green",
    "code": "JPN",
    "ref": "Green",
    "from": "BIET",
    "to": "APTS",
    "network": "Namma Metro"
   },
   "geometry": {
    "type": "Point",
    "coordinates": [
     77.5731495,
     12.9074812
    ]
   }
  },
  {
   "type": "Feature",
   "properties": {
    "@id": "platform/Green/PUTH/BIET-APTS",
    "platform": "Green",
    "code": "PUTH",
    "ref": "Green",
    "from": "BIET",
    "to": "APTS",
    "network": "Namma Metro"
   },
   "geometry": {
    "type": "Point",
    "coordinates": [
     77.57014,
     12.8960361
    ]
   }
  },
  {
   "type": "Feature",
   "properties": {
    "@id": "platform/Green/APRC/BIET-APTS",
    "platform": "Green",
    "code": "APRC",
    "ref": "Green",
    "from": "BIET",
    "to": "APTS",
    "network": "Namma Metro"
   },
   "geometry": {
    "type": "Point",
    "coordinates": [
     77.5627011,
     12.8889432
    ]
   }
  },
  {
   "type": "Feature",
   "properties": {
    "@id": "platform/Green/KLPK/BIET-APTS",
    "platform": "Green",
    "code": "KLPK",
    "ref": "Green",
    "from": "BIET",
    "to": "APTS",
    "network": "Namma Metro"
   },
   "geometry": {
    "type": "Point",
    "coordinates": [
     77.5527796,
     12.8846245
    ]
   }
  },
  {
   "type": "Feature",
   "properties": {
    "@id": "platform/Green/VJRH/BIET-APTS",
    "platform": "Green",
    "code": "VJRH",
    "ref": "Green",
    "from": "BIET",
    "to": "APTS",
    "network": "Namma Metro"
   },
   "geometry": {
    "type": "Point",
    "coordinates": [
     77.5448072,
     12.8775221
    ]
   }
  },
  {
   "type": "Feature",
   "properties": {
    "@id": "platform/Green/TGTP/BIET-APTS",
    "platform": "Green",
    "code": "TGTP",
    "ref": "Green",
    "from": "BIET",
    "to": "APTS",
    "network": "Namma Metro"
   },
   "geometry": {
    "type": "Point",
    "coordinates": [
     77.538419,
     12.8713916
    ]
   }
  },
  {
   "type": "Feature",
   "properties": {
    "@id": "platform/Green/APTS/BIET-APTS",
    "platform": "Green",
    "code": "APTS",
    "ref": "Green",
    "from": "BIET",
    "to": "APTS",
    "network": "Namma Metro"
   },
   "geometry": {
    "type": "Point",
    "coordinates": [
     77.5299532,
     12.8616662
    ]
   }
  },
  {
   "type": "Feature",
   "properties": {
    "@id": "platform/Green/APTS/APTS-PYID",
    "platform": "Green",
    "code": "APTS",
    "ref": "Green",
    "from": "APTS",
    "to": "PYID",
    "network": "Namma Metro"
   },
   "geometry": {
    "type": "Point",
    "coordinates": [
     77.5299083,
     12.8616919
    ]
   }
  },
  {
   "type": "Feature",
   "properties": {
    "@id": "platform/Green/TGTP/APTS-PYID",
    "platform": "Green",
    "code": "TGTP",
    "ref": "Green",
    "from": "APTS",
    "to": "PYID",
    "network": "Namma Metro"
   },
   "geometry": {
    "type": "Point",
    "coordinates": [
     77.5383625,
     12.8714243
    ]
   }
  },
  {
   "type": "Feature",
   "properties": {
    "@id": "platform/Green/VJRH/APTS-PYID",
    "platform": "Green",
    "code": "VJRH",
    "ref": "Green",
    "from": "APTS",
    "to": "PYID",
    "network": "Namma Metro"
   },
   "geometry": {
    "type": "Point",
    "coordinates": [
     77.544745,
     12.8775389
    ]
   }
  },
  {
   "type": "Feature",
   "properties": {
    "@id": "platform/Green/KLPK/APTS-PYID",
    "platform": "Green",
    "code": "KLPK",
    "ref": "Green",
    "from": "APTS",
    "to": "PYID",
    "network": "Namma Metro"
   },
   "geometry": {
    "type": "Point",
    "coordinates": [
     77.552751,
     12.8846862
    ]
   }
  },
  {
   "type": "Feature",
   "properties": {
    "@id": "platform/Green/APRC/APTS-PYID",
    "platform": "Green",
    "code": "APRC",
    "ref": "Green",
    "from": "APTS",
    "to": "PYID",
    "network": "Namma Metro"
   },
   "geometry": {
    "type": "Point",
    "coordinates": [
     77.5626569,
     12.8889872
    ]
   }
  },
  {
   "type": "Feature",
   "properties": {
    "@id": "platform/Green/PUTH/APTS-PYID",
    "platform": "Green",
    "code": "PUTH",
    "ref": "Green",
    "from": "APTS",
    "to": "PYID",
    "network": "Namma Metro"
   },
   "geometry": {
    "type": "Point",
    "coordinates": [
     77.5700982,
     12.8960662
    ]
   }
  },
  {
   "type": "Feature",
   "properties": {
    "@id": "platform/Green/JPN/APTS-PYID",
    "platform": "Green",
    "code": "JPN",
    "ref": "Green",
    "from": "APTS",
    "to": "PYID",
    "network": "Namma Metro"
   },
   "geometry": {
    "type": "Point",
    "coordinates": [
     77.5731076,
     12.907476
    ]
   }
  },
  {
   "type": "Feature",
   "properties": {
    "@id": "platform/Green/BSNK/APTS-PYID",
    "platform": "Green",
    "code": "BSNK",
    "ref": "Green",
    "from": "APTS",
    "to": "PYID",
    "network": "Namma Metro"
   },
   "geometry": {
    "type": "Point",
    "coordinates": [
     77.5735786,
     12.9152242
    ]
   }
  },
  {
   "type": "Feature",
   "properties": {
    "@id": "platform/Green/RVR/APTS-PYID",
    "platform": "Green",
    "code": "RVR",
    "ref": "Green",
    "from": "APTS",
    "to": "PYID",
    "network": "Namma Metro"
   },
   "geometry": {
    "type": "Point",
    "coordinates": [
     77.5802479,
     12.9213321
    ]
   }
  },
  {
   "type": "Feature",
   "properties": {
    "@id": "platform/Green/JYN/APTS-PYID",
    "platform": "Green",
    "code": "JYN",
    "ref": "Green",
    "from": "APTS",
    "to": "PYID",
    "network": "Namma Metro"
   },
   "geometry": {
    "type": "Point",
    "coordinates": [
     77.580123,
     12.9295065
    ]
   }
  },
  {
   "type": "Feature",
   "properties": {
    "@id": "platform/Green/SECE/APTS-PYID",
    "platform": "Green",
    "code": "SECE",
    "ref": "Green",
    "from": "APTS",
    "to": "PYID",
    "network": "Namma Metro"
   },
   "geometry": {
    "type": "Point",
    "coordinates": [
     77.5800349,
     12.9382617
    ]
   }
  },
  {
   "type": "Feature",
   "properties": {
    "@id": "platform/Green/LBGH/APTS-PYID",
    "platform": "Green",
    "code": "LBGH",
    "ref": "Green",
    "from": "APTS",
    "to": "PYID",
    "network": "Namma Metro"
   },
   "geometry": {
    "type": "Point",
    "coordinates": [
     77.5799954,
     12.9465339
    ]
   }
  },
  {
   "type": "Feature",
   "properties": {
    "@id": "platform/Green/NLC/APTS-PYID",
    "platform": "Green",
    "code": "NLC",
    "ref": "Green",
    "from": "APTS",
    "to": "PYID",
    "network": "Namma Metro"
   },
   "geometry": {
    "type": "Point",
    "coordinates": [
     77.5736697,
     12.9505263
    ]
   }
  },
  {
   "type": "Feature",
   "properties": {
    "@id": "platform/Green/KRMT/APTS-PYID",
    "platform": "Green",
    "code": "KRMT",
    "ref": "Green",
    "from": "APTS",
    "to": "PYID",
    "network": "Namma Metro"
   },
   "geometry": {
    "type": "Point",
    "coordinates": [
     77.5746404,
     12.960896
    ]
   }
  },
  {
   "type": "Feature",
   "properties": {
    "@id": "platform/Green/CKPE/APTS-PYID",
    "platform": "Green",
    "code": "CKPE",
    "ref": "Green",
    "from": "APTS",
    "to": "PYID",
    "network": "Namma Metro"
   },
   "geometry": {
    "type": "Point",
    "coordinates": [
     77.5745314,
     12.9669249
    ]
   }
  },
  {
   "type": "Feature",
   "properties": {
    "@id": "platform/Green/KGWA/APTS-PYID",
    "platform": "Green",
    "code": "KGWA",
    "ref": "Green",
    "from": "APTS",
    "to": "PYID",
    "network": "Namma Metro"
   },
   "geometry": {
    "type": "Point",
    "coordinates": [
     77.5728675,
     12.9759557
    ]
   }
  },
  {
   "type": "Feature",
   "properties": {
    "@id": "platform/Green/SPGD/APTS-PYID",
    "platform": "Green",
    "code": "SPGD",
    "ref": "Green",
    "from": "APTS",
    "to": "PYID",
    "network": "Namma Metro"
   },
   "geometry": {
    "type": "Point",
    "coordinates": [
     77.5706929,
     12.9904282
    ]
   }
  },
  {
   "type": "Feature",
   "properties": {
    "@id": "platform/Green/SPRU/APTS-PYID",
    "platform": "Green",
    "code": "SPRU",
    "ref": "Green",
    "from": "APTS",
    "to": "PYID",
    "network": "Namma Metro"
   },
   "geometry": {
    "type": "Point",
    "coordinates": [
     77.5632993,
     12.9964948
    ]
   }
  },
  {
   "type": "Feature",
   "properties": {
    "@id": "platform/Green/KVPR/APTS-PYID",
    "platform": "Green",
    "code": "KVPR",
    "ref": "Green",
    "from": "APTS",
    "to": "PYID",
    "network": "Namma Metro"
   },
   "geometry": {
    "type": "Point",
    "coordinates": [
     77.5568746,
     12.9984697
    ]
   }
  },
  {
   "type": "Feature",
   "properties": {
    "@id": "platform/Green/RJNR/APTS-PYID",
    "platform": "Green",
    "code": "RJNR",
    "ref": "Green",
    "from": "APTS",
    "to": "PYID",
    "network": "Namma Metro"
   },
   "geometry": {
    "type": "Point",
    "coordinates": [
     77.5496166,
     13.0005232
    ]
   }
  },
  {
   "type": "Feature",
   "properties": {
    "@id": "platform/Green/MHLI/APTS-PYID",
    "platform": "Green",
    "code": "MHLI",
    "ref": "Green",
    "from": "APTS",
    "to": "PYID",
    "network": "Namma Metro"
   },
   "geometry": {
    "type": "Point",
    "coordinates": [
     77.5487834,
     13.0080774
    ]
   }
  },
  {
   "type": "Feature",
   "properties": {
    "@id": "platform/Green/SSFY/APTS-PYID",
    "platform": "Green",
    "code": "SSFY",
    "ref": "Green",
    "from": "APTS",
    "to": "PYID",
    "network": "Namma Metro"
   },
   "geometry": {
    "type": "Point",
    "coordinates": [
     77.5539915,
     13.0147178
    ]
   }
  },
  {
   "type": "Feature",
   "properties": {
    "@id": "platform/Green/YPM/APTS-PYID",
    "platform": "Green",
    "code": "YPM",
    "ref": "Green",
    "from": "APTS",
    "to": "PYID",
    "network": "Namma Metro"
   },
   "geometry": {
    "type": "Point",
    "coordinates": [
     77.5497052,
     13.0232981
    ]
   }
  },
  {
   "type": "Feature",
   "properties": {
    "@id": "platform/Green/YPI/APTS-PYID",
    "platform": "Green",
    "code": "YPI",
    "ref": "Green",
    "from": "APTS",
    "to": "PYID",
    "network": "Namma Metro"
   },
   "geometry": {
    "type": "Point",
    "coordinates": [
     77.5404372,
     13.028613
    ]
   }
  },
  {
   "type": "Feature",
   "properties": {
    "@id": "platform/Green/PEYA/APTS-PYID",
    "platform": "Green",
    "code": "PEYA",
    "ref": "Green",
    "from": "APTS",
    "to": "PYID",
    "network": "Namma Metro"
   },
   "geometry": {
    "type": "Point",
    "coordinates": [
     77.5331801,
     13.0329814
    ]
   }
  },
  {
   "type": "Feature",
   "properties": {
    "@id": "platform/Green/PYID/APTS-PYID",
    "platform": "Green",
    "code": "PYID",
    "ref": "Green",
    "from": "APTS",
    "to": "PYID",
    "network": "Namma Metro"
   },
   "geometry": {
    "type": "Point",
    "coordinates": [
     77.5254867,
     13.0362716
    ]
   }
  },
  {
   "type": "Feature",
   "properties": {
    "@id": "platform/Green/PYID/PYID-APTS",
    "platform": "Green",
    "code": "PYID",
    "ref": "Green",
    "from": "PYID",
    "to": "APTS",
    "network": "Namma Metro"
   },
   "geometry": {
    "type": "Point",
    "coordinates": [
     77.525528,
     13.0363428
    ]
   }
  },
  {
   "type": "Feature",
   "properties": {
    "@id": "platform/Green/PEYA/PYID-APTS",
    "platform": "Green",
    "code": "PEYA",
    "ref": "Green",
    "from": "PYID",
    "to": "APTS",
    "network": "Namma Metro"
   },
   "geometry": {
    "type": "Point",
    "coordinates": [
     77.5332233,
     13.0330515
    ]
   }
  },
  {
   "type": "Feature",
   "properties": {
    "@id": "platform/Green/YPI/PYID-APTS",
    "platform": "Green",
    "code": "YPI",
    "ref": "Green",
    "from": "PYID",
    "to": "APTS",
    "network": "Namma Metro"
   },
   "geometry": {
    "type": "Point",
    "coordinates": [
     77.5411923,
     13.0282471
    ]
   }
  },
  {
   "type": "Feature",
   "properties": {
    "@id": "platform/Green/YPM/PYID-APTS",
    "platform": "Green",
    "code": "YPM",
    "ref": "Green",
    "from": "PYID",
    "to": "APTS",
    "network": "Namma Metro"
   },
   "geometry": {
    "type": "Point",
    "coordinates": [
     77.549748,
     13.0233685
    ]
   }
  },
  {
   "type": "Feature",
   "properties": {
    "@id": "platform/Green/SSFY/PYID-APTS",
    "platform": "Green",
    "code": "SSFY",
    "ref": "Green",
    "from": "PYID",
    "to": "APTS",
    "network": "Namma Metro"
   },
   "geometry": {
    "type": "Point",
    "coordinates": [
     77.5540284,
     13.0147177
    ]
   }
  },
  {
   "type": "Feature",
   "properties": {
    "@id": "platform/Green/MHLI/PYID-APTS",
    "platform": "Green",
    "code": "MHLI",
    "ref": "Green",
    "from": "PYID",
    "to": "APTS",
    "network": "Namma Metro"
   },
   "geometry": {
    "type": "Point",
    "coordinates": [
     77.5488245,
     13.0080714
    ]
   }
  },
  {
   "type": "Feature",
   "properties": {
    "@id": "platform/Green/RJNR/PYID-APTS",
    "platform": "Green",
    "code": "RJNR",
    "ref": "Green",
    "from": "PYID",
    "to": "APTS",
    "network": "Namma Metro"
   },
   "geometry": {
    "type": "Point",
    "coordinates": [
     77.5496996,
     13.0005359
    ]
   }
  },
  {
   "type": "Feature",
   "properties": {
    "@id": "platform/Green/KVPR/PYID-APTS",
    "platform": "Green",
    "code": "KVPR",
    "ref": "Green",
    "from": "PYID",
    "to": "APTS",
    "network": "Namma Metro"
   },
   "geometry": {
    "type": "Point",
    "coordinates": [
     77.5568794,
     12.9985238
    ]
   }
  },
  {
   "type": "Feature",
   "properties": {
    "@id": "platform/Green/SPRU/PYID-APTS",
    "platform": "Green",
    "code": "SPRU",
    "ref": "Green",
    "from": "PYID",
    "to": "APTS",
    "network": "Namma Metro"
   },
   "geometry": {
    "type": "Point",
    "coordinates": [
     77.5633115,
     12.9965408
    ]
   }
  },
  {
   "type": "Feature",
   "properties": {
    "@id": "platform/Green/SPGD/PYID-APTS",
    "platform": "Green",
    "code": "SPGD",
    "ref": "Green",
    "from": "PYID",
    "to": "APTS",
    "network": "Namma Metro"
   },
   "geometry": {
    "type": "Point",
    "coordinates": [
     77.5707615,
     12.9904754
    ]
   }
  },
  {
   "type": "Feature",
   "properties": {
    "@id": "platform/Green/KGWA/PYID-APTS",
    "platform": "Green",
    "code": "KGWA",
    "ref": "Green",
    "from": "PYID",
    "to": "APTS",
    "network": "Namma Metro"
   },
   "geometry": {
    "type": "Point",
    "coordinates": [
     77.5730388,
     12.9750646
    ]
   }
  },
  {
   "type": "Feature",
   "properties": {
    "@id": "platform/Green/CKPE/PYID-APTS",
    "platform": "Green",
    "code": "CKPE",
    "ref": "Green",
    "from": "PYID",
    "to": "APTS",
    "network": "Namma Metro"
   },
   "geometry": {
    "type": "Point",
    "coordinates": [
     77.5745737,
     12.966924
    ]
   }
  },
  {
   "type": "Feature",
   "properties": {
    "@id": "platform/Green/KRMT/PYID-APTS",
    "platform": "Green",
    "code": "KRMT",
    "ref": "Green",
    "from": "PYID",
    "to": "APTS",
    "network": "Namma Metro"
   },
   "geometry": {
    "type": "Point",
    "coordinates": [
     77.5746822,
     12.9608898
    ]
   }
  },
  {
   "type": "Feature",
   "properties": {
    "@id": "platform/Green/NLC/PYID-APTS",
    "platform": "Green",
    "code": "NLC",
    "ref": "Green",
    "from": "PYID",
    "to": "APTS",
    "network": "Namma Metro"
   },
   "geometry": {
    "type": "Point",
    "coordinates": [
     77.573712,
     12.9505258
    ]
   }
  },
  {
   "type": "Feature",
   "properties": {
    "@id": "platform/Green/LBGH/PYID-APTS",
    "platform": "Green",
    "code": "LBGH",
    "ref": "Green",
    "from": "PYID",
    "to": "APTS",
    "network": "Namma Metro"
   },
   "geometry": {
    "type": "Point",
    "coordinates": [
     77.5800377,
     12.9465345
    ]
   }
  },
  {
   "type": "Feature",
   "properties": {
    "@id": "platform/Green/SECE/PYID-APTS",
    "platform": "Green",
    "code": "SECE",
    "ref": "Green",
    "from": "PYID",
    "to": "APTS",
    "network": "Namma Metro"
   },
   "geometry": {
    "type": "Point",
    "coordinates": [
     77.5800772,
     12.938262
    ]
   }
  },
  {
   "type": "Feature",
   "properties": {
    "@id": "platform/Green/JYN/PYID-APTS",
    "platform": "Green",
    "code": "JYN",
    "ref": "Green",
    "from": "PYID",
    "to": "APTS",
    "network": "Namma Metro"
   },
   "geometry": {
    "type": "Point",
    "coordinates": [
     77.5801653,
     12.9295069
    ]
   }
  },
  {
   "type": "Feature",
   "properties": {
    "@id": "platform/Green/RVR/PYID-APTS",
    "platform": "Green",
    "code": "RVR",
    "ref": "Green",
    "from": "PYID",
    "to": "APTS",
    "network": "Namma Metro"
   },
   "geometry": {
    "type": "Point",
    "coordinates": [
     77.5802892,
     12.9213328
    ]
   }
  },
  {
   "type": "Feature",
   "properties": {
    "@id": "platform/Green/BSNK/PYID-APTS",
    "platform": "Green",
    "code": "BSNK",
    "ref": "Green",
    "from": "PYID",
    "to": "APTS",
    "network": "Namma Metro"
   },
   "geometry": {
    "type": "Point",
    "coordinates": [
     77.5736205,
     12.9152186
    ]
   }
  },
  {
   "type": "Feature",
   "properties": {
    "@id": "platform/Green/JPN/PYID-APTS",
    "platform": "Green",
    "code": "JPN",
    "ref": "Green",
    "from": "PYID",
    "to": "APTS",
    "network": "Namma Metro"
   },
   "geometry": {
    "type": "Point",
    "coordinates": [
     77.5731495,
     12.9074812
    ]
   }
  },
  {
   "type": "Feature",
   "properties": {
    "@id": "platform/Green/PUTH/PYID-APTS",
    "platform": "Green",
    "code": "PUTH",
    "ref": "Green",
    "from": "PYID",
    "to": "APTS",
    "network": "Namma Metro"
   },
   "geometry": {
    "type": "Point",
    "coordinates": [
     77.57014,
     12.8960361
    ]
   }
  },
  {
   "type": "Feature",
   "properties": {
    "@id": "platform/Green/APRC/PYID-APTS",
    "platform": "Green",
    "code": "APRC",
    "ref": "Green",
    "from": "PYID",
    "to": "APTS",
    "network": "Namma Metro"
   },
   "geometry": {
    "type": "Point",
    "coordinates": [
     77.5627011,
     12.8889432
    ]
   }
  },
  {
   "type": "Feature",
   "properties": {
    "@id": "platform/Green/KLPK/PYID-APTS",
    "platform": "Green",
    "code": "KLPK",
    "ref": "Green",
    "from": "PYID",
    "to": "APTS",
    "network": "Namma Metro"
   },
   "geometry": {
    "type": "Point",
    "coordinates": [
     77.5527796,
     12.8846245
    ]
   }
  },
  {
   "type": "Feature",
   "properties": {
    "@id": "platform/Green/VJRH/PYID-APTS",
    "platform": "Green",
    "code": "VJRH",
    "ref": "Green",
    "from": "PYID",
    "to": "APTS",
    "network": "Namma Metro"
   },
   "geometry": {
    "type": "Point",
    "coordinates": [
     77.5448072,
     12.8775221
    ]
   }
  },
  {
   "type": "Feature",
   "properties": {
    "@id": "platform/Green/TGTP/PYID-APTS",
    "platform": "Green",
    "code": "TGTP",
    "ref": "Green",
    "from": "PYID",
    "to": "APTS",
    "network": "Namma Metro"
   },
   "geometry": {
    "type": "Point",
    "coordinates": [
     77.538419,
     12.8713916
    ]
   }
  },
  {
   "type": "Feature",
   "properties": {
    "@id": "platform/Green/APTS/PYID-APTS",
    "platform": "Green",
    "code": "APTS",
    "ref": "Green",
    "from": "PYID",
    "to": "APTS",
    "network": "Namma Metro"
   },
   "geometry": {
    "type": "Point",
    "coordinates": [
     77.5299532,
     12.8616662
    ]
   }
  },
  {
   "type": "Feature",
   "properties": {
    "@id": "platform/Purple/MYRD/MYRD-ITPL",
    "platform": "Purple",
    "code": "MYRD",
    "ref": "Purple",
    "from": "MYRD",
    "to": "ITPL",
    "network": "Namma Metro"
   },
   "geometry": {
    "type": "Point",
    "coordinates": [
     77.5300705,
     12.9467026
    ]
   }
  },
  {
   "type": "Feature",
   "properties": {
    "@id": "platform/Purple/DJNR/MYRD-ITPL",
    "platform": "Purple",
    "code": "DJNR",
    "ref": "Purple",
    "from": "MYRD",
    "to": "ITPL",
    "network": "Namma Metro"
   },
   "geometry": {
    "type": "Point",
    "coordinates": [
     77.5369961,
     12.9520333
    ]
   }
  },
  {
   "type": "Feature",
   "properties": {
    "@id": "platform/Purple/AGPP/MYRD-ITPL",
    "platform": "Purple",
    "code": "AGPP",
    "ref": "Purple",
    "from": "MYRD",
    "to": "ITPL",
    "network": "Namma Metro"
   },
   "geometry": {
    "type": "Point",
    "coordinates": [
     77.5335505,
     12.9618745
    ]
   }
  },
  {
   "type": "Feature",
   "properties": {
    "@id": "platform/Purple/VJN/MYRD-ITPL",
    "platform": "Purple",
    "code": "VJN",
    "ref": "Purple",
    "from": "MYRD",
    "to": "ITPL",
    "network": "Namma Metro"
   },
   "geometry": {
    "type": "Point",
    "coordinates": [
     77.5373851,
     12.9709537
    ]
   }
  },
  {
   "type": "Feature",
   "properties": {
    "@id": "platform/Purple/HSLI/MYRD-ITPL",
    "platform": "Purple",
    "code": "HSLI",
    "ref": "Purple",
    "from": "MYRD",
    "to": "ITPL",
    "network": "Namma Metro"
   },
   "geometry": {
    "type": "Point",
    "coordinates": [
     77.5456182,
     12.9742184
    ]
   }
  },
  {
   "type": "Feature",
   "properties": {
    "@id": "platform/Purple/MIRD/MYRD-ITPL",
    "platform": "Purple",
    "code": "MIRD",
    "ref": "Purple",
    "from": "MYRD",
    "to": "ITPL",
    "network": "Namma Metro"
   },
   "geometry": {
    "type": "Point",
    "coordinates": [
     77.5553548,
     12.9756527
    ]
   }
  },
  {
   "type": "Feature",
   "properties": {
    "@id": "platform/Purple/BRCS/MYRD-ITPL",
    "platform": "Purple",
    "code": "BRCS",
    "ref": "Purple",
    "from": "MYRD",
    "to": "ITPL",
    "network": "Namma Metro"
   },
   "geometry": {
    "type": "Point",
    "coordinates": [
     77.5653744,
     12.9759026
    ]
   }
  },
  {
   "type": "Feature",
   "properties": {
    "@id": "platform/Purple/KGWA/MYRD-ITPL",
    "platform": "Purple",
    "code": "KGWA",
    "ref": "Purple",
    "from": "MYRD",
    "to": "ITPL",
    "network": "Namma Metro"
   },
   "geometry": {
    "type": "Point",
    "coordinates": [
     77.5730887,
     12.9757512
    ]
   }
  },
  {
   "type": "Feature",
   "properties": {
    "@id": "platform/Purple/VSWA/MYRD-ITPL",
    "platform": "Purple",
    "code": "VSWA",
    "ref": "Purple",
    "from": "MYRD",
    "to": "ITPL",
    "network": "Namma Metro"
   },
   "geometry": {
    "type": "Point",
    "coordinates": [
     77.584209,
     12.9745398
    ]
   }
  },
  {
   "type": "Feature",
   "properties": {
    "@id": "platform/Purple/VDSA/MYRD-ITPL",
    "platform": "Purple",
    "code": "VDSA",
    "ref": "Purple",
    "from": "MYRD",
    "to": "ITPL",
    "network": "Namma Metro"
   },
   "geometry": {
    "type": "Point",
    "coordinates": [
     77.591831,
     12.978996
    ]
   }
  },
  {
   "type": "Feature",
   "properties": {
    "@id": "platform/Purple/CBPK/MYRD-ITPL",
    "platform": "Purple",
    "code": "CBPK",
    "ref": "Purple",
    "from": "MYRD",
    "to": "ITPL",
    "network": "Namma Metro"
   },
   "geometry": {
    "type": "Point",
    "coordinates": [
     77.5975758,
     12.9809794
    ]
   }
  },
  {
   "type": "Feature",
   "properties": {
    "@id": "platform/Purple/MAGR/MYRD-ITPL",
    "platform": "Purple",
    "code": "MAGR",
    "ref": "Purple",
    "from": "MYRD",
    "to": "ITPL",
    "network": "Namma Metro"
   },
   "geometry": {
    "type": "Point",
    "coordinates": [
     77.6072648,
     12.9754288
    ]
   }
  },
  {
   "type": "Feature",
   "properties": {
    "@id": "platform/Purple/TTY/MYRD-ITPL",
    "platform": "Purple",
    "code": "TTY",
    "ref": "Purple",
    "from": "MYRD",
    "to": "ITPL",
    "network": "Namma Metro"
   },
   "geometry": {
    "type": "Point",
    "coordinates": [
     77.6170235,
     12.9730388
    ]
   }
  },
  {
   "type": "Feature",
   "properties": {
    "@id": "platform/Purple/HLRU/MYRD-ITPL",
    "platform": "Purple",
    "code": "HLRU",
    "ref": "Purple",
    "from": "MYRD",
    "to": "ITPL",
    "network": "Namma Metro"
   },
   "geometry": {
    "type": "Point",
    "coordinates": [
     77.626667,
     12.9765165
    ]
   }
  },
  {
   "type": "Feature",
   "properties": {
    "@id": "platform/Purple/IDN/MYRD-ITPL",
    "platform": "Purple",
    "code": "IDN",
    "ref": "Purple",
    "from": "MYRD",
    "to": "ITPL",
    "network": "Namma Metro"
   },
   "geometry": {
    "type": "Point",
    "coordinates": [
     77.638658,
     12.9783526
    ]
   }
  },
  {
   "type": "Feature",
   "properties": {
    "@id": "platform/Purple/SVRD/MYRD-ITPL",
    "platform": "Purple",
    "code": "SVRD",
    "ref": "Purple",
    "from": "MYRD",
    "to": "ITPL",
    "network": "Namma Metro"
   },
   "geometry": {
    "type": "Point",
    "coordinates": [
     77.6448902,
     12.9859543
    ]
   }
  },
  {
   "type": "Feature",
   "properties": {
    "@id": "platform/Purple/BYPH/MYRD-ITPL",
    "platform": "Purple",
    "code": "BYPH",
    "ref": "Purple",
    "from": "MYRD",
    "to": "ITPL",
    "network": "Namma Metro"
   },
   "geometry": {
    "type": "Point",
    "coordinates": [
     77.6523733,
     12.9907136
    ]
   }
  },
  {
   "type": "Feature",
   "properties": {
    "@id": "platform/Purple/JTPM/MYRD-ITPL",
    "platform": "Purple",
    "code": "JTPM",
    "ref": "Purple",
    "from": "MYRD",
    "to": "ITPL",
    "network": "Namma Metro"
   },
   "geometry": {
    "type": "Point",
    "coordinates": [
     77.6684581,
     12.9965359
    ]
   }
  },
  {
   "type": "Feature",
   "properties": {
    "@id": "platform/Purple/KRAM/MYRD-ITPL",
    "platform": "Purple",
    "code": "KRAM",
    "ref": "Purple",
    "from": "MYRD",
    "to": "ITPL",
    "network": "Namma Metro"
   },
   "geometry": {
    "type": "Point",
    "coordinates": [
     77.6779104,
     12.9999402
    ]
   }
  },
  {
   "type": "Feature",
   "properties": {
    "@id": "platform/Purple/MDVP/MYRD-ITPL",
    "platform": "Purple",
    "code": "MDVP",
    "ref": "Purple",
    "from": "MYRD",
    "to": "ITPL",
    "network": "Namma Metro"
   },
   "geometry": {
    "type": "Point",
    "coordinates": [
     77.6930464,
     12.9964536
    ]
   }
  },
  {
   "type": "Feature",
   "properties": {
    "@id": "platform/Purple/GDCP/MYRD-ITPL",
    "platform": "Purple",
    "code": "GDCP",
    "ref": "Purple",
    "from": "MYRD",
    "to": "ITPL",
    "network": "Namma Metro"
   },
   "geometry": {
    "type": "Point",
    "coordinates": [
     77.7041125,
     12.9933397
    ]
   }
  },
  {
   "type": "Feature",
   "properties": {
    "@id": "platform/Purple/DKIA/MYRD-ITPL",
    "platform": "Purple",
    "code": "DKIA",
    "ref": "Purple",
    "from": "MYRD",
    "to": "ITPL",
    "network": "Namma Metro"
   },
   "geometry": {
    "type": "Point",
    "coordinates": [
     77.7109265,
     12.9885448
    ]
   }
  },
  {
   "type": "Feature",
   "properties": {
    "@id": "platform/Purple/VWIA/MYRD-ITPL",
    "platform": "Purple",
    "code": "VWIA",
    "ref": "Purple",
    "from": "MYRD",
    "to": "ITPL",
    "network": "Namma Metro"
   },
   "geometry": {
    "type": "Point",
    "coordinates": [
     77.7088952,
     12.980531
    ]
   }
  },
  {
   "type": "Feature",
   "properties": {
    "@id": "platform/Purple/KDNH/MYRD-ITPL",
    "platform": "Purple",
    "code": "KDNH",
    "ref": "Purple",
    "from": "MYRD",
    "to": "ITPL",
    "network": "Namma Metro"
   },
   "geometry": {
    "type": "Point",
    "coordinates": [
     77.7160828,
     12.9775256
    ]
   }
  },
  {
   "type": "Feature",
   "properties": {
    "@id": "platform/Purple/VDHP/MYRD-ITPL",
    "platform": "Purple",
    "code": "VDHP",
    "ref": "Purple",
    "from": "MYRD",
    "to": "ITPL",
    "network": "Namma Metro"
   },
   "geometry": {
    "type": "Point",
    "coordinates": [
     77.7253457,
     12.9765754
    ]
   }
  },
  {
   "type": "Feature",
   "properties": {
    "@id": "platform/Purple/SSHP/MYRD-ITPL",
    "platform": "Purple",
    "code": "SSHP",
    "ref": "Purple",
    "from": "MYRD",
    "to": "ITPL",
    "network": "Namma Metro"
   },
   "geometry": {
    "type": "Point",
    "coordinates": [
     77.7276627,
     12.9817149
    ]
   }
  },
  {
   "type": "Feature",
   "properties": {
    "@id": "platform/Purple/ITPL/MYRD-ITPL",
    "platform": "Purple",
    "code": "ITPL",
    "ref": "Purple",
    "from": "MYRD",
    "to": "ITPL",
    "network": "Namma Metro"
   },
   "geometry": {
    "type": "Point",
    "coordinates": [
     77.7383542,
     12.987637
    ]
   }
  },
  {
   "type": "Feature",
   "properties": {
    "@id": "platform/Purple/ITPL/ITPL-MYRD",
    "platform": "Purple",
    "code": "ITPL",
    "ref": "Purple",
    "from": "ITPL",
    "to": "MYRD",
    "network": "Namma Metro"
   },
   "geometry": {
    "type": "Point",
    "coordinates": [
     77.7372451,
     12.9875935
    ]
   }
  },
  {
   "type": "Feature",
   "properties": {
    "@id": "platform/Purple/SSHP/ITPL-MYRD",
    "platform": "Purple",
    "code": "SSHP",
    "ref": "Purple",
    "from": "ITPL",
    "to": "MYRD",
    "network": "Namma Metro"
   },
   "geometry": {
    "type": "Point",
    "coordinates": [
     77.7274963,
     12.9807354
    ]
   }
  },
  {
   "type": "Feature",
   "properties": {
    "@id": "platform/Purple/VDHP/ITPL-MYRD",
    "platform": "Purple",
    "code": "VDHP",
    "ref": "Purple",
    "from": "ITPL",
    "to": "MYRD",
    "network": "Namma Metro"
   },
   "geometry": {
    "type": "Point",
    "coordinates": [
     77.7243495,
     12.9766126
    ]
   }
  },
  {
   "type": "Feature",
   "properties": {
    "@id": "platform/Purple/KDNH/ITPL-MYRD",
    "platform": "Purple",
    "code": "KDNH",
    "ref": "Purple",
    "from": "ITPL",
    "to": "MYRD",
    "network": "Namma Metro"
   },
   "geometry": {
    "type": "Point",
    "coordinates": [
     77.715061,
     12.9776292
    ]
   }
  },
  {
   "type": "Feature",
   "properties": {
    "@id": "platform/Purple/VWIA/ITPL-MYRD",
    "platform": "Purple",
    "code": "VWIA",
    "ref": "Purple",
    "from": "ITPL",
    "to": "MYRD",
    "network": "Namma Metro"
   },
   "geometry": {
    "type": "Point",
    "coordinates": [
     77.7086129,
     12.9813697
    ]
   }
  },
  {
   "type": "Feature",
   "properties": {
    "@id": "platform/Purple/DKIA/ITPL-MYRD",
    "platform": "Purple",
    "code": "DKIA",
    "ref": "Purple",
    "from": "ITPL",
    "to": "MYRD",
    "network": "Namma Metro"
   },
   "geometry": {
    "type": "Point",
    "coordinates": [
     77.7118453,
     12.9891327
    ]
   }
  },
  {
   "type": "Feature",
   "properties": {
    "@id": "platform/Purple/GDCP/ITPL-MYRD",
    "platform": "Purple",
    "code": "GDCP",
    "ref": "Purple",
    "from": "ITPL",
    "to": "MYRD",
    "network": "Namma Metro"
   },
   "geometry": {
    "type": "Point",
    "coordinates": [
     77.7032966,
     12.9935165
    ]
   }
  },
  {
   "type": "Feature",
   "properties": {
    "@id": "platform/Purple/MDVP/ITPL-MYRD",
    "platform": "Purple",
    "code": "MDVP",
    "ref": "Purple",
    "from": "ITPL",
    "to": "MYRD",
    "network": "Namma Metro"
   },
   "geometry": {
    "type": "Point",
    "coordinates": [
     77.6921457,
     12.9966967
    ]
   }
  },
  {
   "type": "Feature",
   "properties": {
    "@id": "platform/Purple/KRAM/ITPL-MYRD",
    "platform": "Purple",
    "code": "KRAM",
    "ref": "Purple",
    "from": "ITPL",
    "to": "MYRD",
    "network": "Namma Metro"
   },
   "geometry": {
    "type": "Point",
    "coordinates": [
     77.6778421,
     12.9998836
    ]
   }
  },
  {
   "type": "Feature",
   "properties": {
    "@id": "platform/Purple/JTPM/ITPL-MYRD",
    "platform": "Purple",
    "code": "JTPM",
    "ref": "Purple",
    "from": "ITPL",
    "to": "MYRD",
    "network": "Namma Metro"
   },
   "geometry": {
    "type": "Point",
    "coordinates": [
     77.6684788,
     12.996496
    ]
   }
  },
  {
   "type": "Feature",
   "properties": {
    "@id": "platform/Purple/BYPH/ITPL-MYRD",
    "platform": "Purple",
    "code": "BYPH",
    "ref": "Purple",
    "from": "ITPL",
    "to": "MYRD",
    "network": "Namma Metro"
   },
   "geometry": {
    "type": "Point",
    "coordinates": [
     77.652392,
     12.9906745
    ]
   }
  },
  {
   "type": "Feature",
   "properties": {
    "@id": "platform/Purple/SVRD/ITPL-MYRD",
    "platform": "Purple",
    "code": "SVRD",
    "ref": "Purple",
    "from": "ITPL",
    "to": "MYRD",
    "network": "Namma Metro"
   },
   "geometry": {
    "type": "Point",
    "coordinates": [
     77.6449072,
     12.9859128
    ]
   }
  },
  {
   "type": "Feature",
   "properties": {
    "@id": "platform/Purple/IDN/ITPL-MYRD",
    "platform": "Purple",
    "code": "IDN",
    "ref": "Purple",
    "from": "ITPL",
    "to": "MYRD",
    "network": "Namma Metro"
   },
   "geometry": {
    "type": "Point",
    "coordinates": [
     77.6386592,
     12.9783079
    ]
   }
  },
  {
   "type": "Feature",
   "properties": {
    "@id": "platform/Purple/HLRU/ITPL-MYRD",
    "platform": "Purple",
    "code": "HLRU",
    "ref": "Purple",
    "from": "ITPL",
    "to": "MYRD",
    "network": "Namma Metro"
   },
   "geometry": {
    "type": "Point",
    "coordinates": [
     77.626705,
     12.9764915
    ]
   }
  },
  {
   "type": "Feature",
   "properties": {
    "@id": "platform/Purple/TTY/ITPL-MYRD",
    "platform": "Purple",
    "code": "TTY",
    "ref": "Purple",
    "from": "ITPL",
    "to": "MYRD",
    "network": "Namma Metro"
   },
   "geometry": {
    "type": "Point",
    "coordinates": [
     77.617013,
     12.9729953
    ]
   }
  },
  {
   "type": "Feature",
   "properties": {
    "@id": "platform/Purple/MAGR/ITPL-MYRD",
    "platform": "Purple",
    "code": "MAGR",
    "ref": "Purple",
    "from": "ITPL",
    "to": "MYRD",
    "network": "Namma Metro"
   },
   "geometry": {
    "type": "Point",
    "coordinates": [
     77.6062979,
     12.9756285
    ]
   }
  },
  {
   "type": "Feature",
   "properties": {
    "@id": "platform/Purple/CBPK/ITPL-MYRD",
    "platform": "Purple",
    "code": "CBPK",
    "ref": "Purple",
    "from": "ITPL",
    "to": "MYRD",
    "network": "Namma Metro"
   },
   "geometry": {
    "type": "Point",
    "coordinates": [
     77.597562,
     12.9808954
    ]
   }
  },
  {
   "type": "Feature",
   "properties": {
    "@id": "platform/Purple/VDSA/ITPL-MYRD",
    "platform": "Purple",
    "code": "VDSA",
    "ref": "Purple",
    "from": "ITPL",
    "to": "MYRD",
    "network": "Namma Metro"
   },
   "geometry": {
    "type": "Point",
    "coordinates": [
     77.5911088,
     12.9779727
    ]
   }
  },
  {
   "type": "Feature",
   "properties": {
    "@id": "platform/Purple/VSWA/ITPL-MYRD",
    "platform": "Purple",
    "code": "VSWA",
    "ref": "Purple",
    "from": "ITPL",
    "to": "MYRD",
    "network": "Namma Metro"
   },
   "geometry": {
    "type": "Point",
    "coordinates": [
     77.5842326,
     12.9745014
    ]
   }
  },
  {
   "type": "Feature",
   "properties": {
    "@id": "platform/Purple/KGWA/ITPL-MYRD",
    "platform": "Purple",
    "code": "KGWA",
    "ref": "Purple",
    "from": "ITPL",
    "to": "MYRD",
    "network": "Namma Metro"
   },
   "geometry": {
    "type": "Point",
    "coordinates": [
     77.5728057,
     12.9756704
    ]
   }
  },
  {
   "type": "Feature",
   "properties": {
    "@id": "platform/Purple/BRCS/ITPL-MYRD",
    "platform": "Purple",
    "code": "BRCS",
    "ref": "Purple",
    "from": "ITPL",
    "to": "MYRD",
    "network": "Namma Metro"
   },
   "geometry": {
    "type": "Point",
    "coordinates": [
     77.5653792,
     12.9758581
    ]
   }
  },
  {
   "type": "Feature",
   "properties": {
    "@id": "platform/Purple/MIRD/ITPL-MYRD",
    "platform": "Purple",
    "code": "MIRD",
    "ref": "Purple",
    "from": "ITPL",
    "to": "MYRD",
    "network": "Namma Metro"
   },
   "geometry": {
    "type": "Point",
    "coordinates": [
     77.5553564,
     12.975608
    ]
   }
  },
  {
   "type": "Feature",
   "properties": {
    "@id": "platform/Purple/HSLI/ITPL-MYRD",
    "platform": "Purple",
    "code": "HSLI",
    "ref": "Purple",
    "from": "ITPL",
    "to": "MYRD",
    "network": "Namma Metro"
   },
   "geometry": {
    "type": "Point",
    "coordinates": [
     77.5456189,
     12.9741737
    ]
   }
  },
  {
   "type": "Feature",
   "properties": {
    "@id": "platform/Purple/VJN/ITPL-MYRD",
    "platform": "Purple",
    "code": "VJN",
    "ref": "Purple",
    "from": "ITPL",
    "to": "MYRD",
    "network": "Namma Metro"
   },
   "geometry": {
    "type": "Point",
    "coordinates": [
     77.5374285,
     12.9709391
    ]
   }
  },
  {
   "type": "Feature",
   "properties": {
    "@id": "platform/Purple/AGPP/ITPL-MYRD",
    "platform": "Purple",
    "code": "AGPP",
    "ref": "Purple",
    "from": "ITPL",
    "to": "MYRD",
    "network": "Namma Metro"
   },
   "geometry": {
    "type": "Point",
    "coordinates": [
     77.5335932,
     12.9618581
    ]
   }
  },
  {
   "type": "Feature",
   "properties": {
    "@id": "platform/Purple/DJNR/ITPL-MYRD",
    "platform": "Purple",
    "code": "DJNR",
    "ref": "Purple",
    "from": "ITPL",
    "to": "MYRD",
    "network": "Namma Metro"
   },
   "geometry": {
    "type": "Point",
    "coordinates": [
     77.5370399,
     12.9520466
    ]
   }
  },
  {
   "type": "Feature",
   "properties": {
    "@id": "platform/Purple/MYRD/ITPL-MYRD",
    "platform": "Purple",
    "code": "MYRD",
    "ref": "Purple",
    "from": "ITPL",
    "to": "MYRD",
    "network": "Namma Metro"
   },
   "geometry": {
    "type": "Point",
    "coordinates": [
     77.5300896,
     12.9466619
    ]
   }
  },
  {
   "type": "Feature",
   "properties": {
    "@id": "platform/Yellow/BMSD/BMSD-RVR",
    "platform": "Yellow",
    "code": "BMSD",
    "ref": "Yellow",
    "from": "BMSD",
    "to": "RVR",
    "network": "Namma Metro"
   },
   "geometry": {
    "type": "Point",
    "coordinates": [
     77.6879957,
     12.8197552
    ]
   }
  },
  {
   "type": "Feature",
   "properties": {
    "@id": "platform/Yellow/HBGI/BMSD-RVR",
    "platform": "Yellow",
    "code": "HBGI",
    "ref": "Yellow",
    "from": "BMSD",
    "to": "RVR",
    "network": "Namma Metro"
   },
   "geometry": {
    "type": "Point",
    "coordinates": [
     77.6812303,
     12.8294441
    ]
   }
  },
  {
   "type": "Feature",
   "properties": {
    "@id": "platform/Yellow/HSKR/BMSD-RVR",
    "platform": "Yellow",
    "code": "HSKR",
    "ref": "Yellow",
    "from": "BMSD",
    "to": "RVR",
    "network": "Namma Metro"
   },
   "geometry": {
    "type": "Point",
    "coordinates": [
     77.6771361,
     12.839432
    ]
   }
  },
  {
   "type": "Feature",
   "properties": {
    "@id": "platform/Yellow/ECTN/BMSD-RVR",
    "platform": "Yellow",
    "code": "ECTN",
    "ref": "Yellow",
    "from": "BMSD",
    "to": "RVR",
    "network": "Namma Metro"
   },
   "geometry": {
    "type": "Point",
    "coordinates": [
     77.6709184,
     12.8467985
    ]
   }
  },
  {
   "type": "Feature",
   "properties": {
    "@id": "platform/Yellow/ETCT/BMSD-RVR",
    "platform": "Yellow",
    "code": "ETCT",
    "ref": "Yellow",
    "from": "BMSD",
    "to": "RVR",
    "network": "Namma Metro"
   },
   "geometry": {
    "type": "Point",
    "coordinates": [
     77.6632379,
     12.8567984
    ]
   }
  },
  {
   "type": "Feature",
   "properties": {
    "@id": "platform/Yellow/HOSR/BMSD-RVR",
    "platform": "Yellow",
    "code": "HOSR",
    "ref": "Yellow",
    "from": "BMSD",
    "to": "RVR",
    "network": "Namma Metro"
   },
   "geometry": {
    "type": "Point",
    "coordinates": [
     77.6575832,
     12.8642294
    ]
   }
  },
  {
   "type": "Feature",
   "properties": {
    "@id": "platform/Yellow/BSRD/BMSD-RVR",
    "platform": "Yellow",
    "code": "BSRD",
    "ref": "Yellow",
    "from": "BMSD",
    "to": "RVR",
    "network": "Namma Metro"
   },
   "geometry": {
    "type": "Point",
    "coordinates": [
     77.6521471,
     12.8710849
    ]
   }
  },
  {
   "type": "Feature",
   "properties": {
    "@id": "platform/Yellow/CKBR/BMSD-RVR",
    "platform": "Yellow",
    "code": "CKBR",
    "ref": "Yellow",
    "from": "BMSD",
    "to": "RVR",
    "network": "Namma Metro"
   },
   "geometry": {
    "type": "Point",
    "coordinates": [
     77.6446126,
     12.8811794
    ]
   }
  },
  {
   "type": "Feature",
   "properties": {
    "@id": "platform/Yellow/MSRN/BMSD-RVR",
    "platform": "Yellow",
    "code": "MSRN",
    "ref": "Yellow",
    "from": "BMSD",
    "to": "RVR",
    "network": "Namma Metro"
   },
   "geometry": {
    "type": "Point",
    "coordinates": [
     77.6389484,
     12.8903178
    ]
   }
  },
  {
   "type": "Feature",
   "properties": {
    "@id": "platform/Yellow/OFDC/BMSD-RVR",
    "platform": "Yellow",
    "code": "OFDC",
    "ref": "Yellow",
    "from": "BMSD",
    "to": "RVR",
    "network": "Namma Metro"
   },
   "geometry": {
    "type": "Point",
    "coordinates": [
     77.6316985,
     12.9021241
    ]
   }
  },
  {
   "type": "Feature",
   "properties": {
    "@id": "platform/Yellow/HSRL/BMSD-RVR",
    "platform": "Yellow",
    "code": "HSRL",
    "ref": "Yellow",
    "from": "BMSD",
    "to": "RVR",
    "network": "Namma Metro"
   },
   "geometry": {
    "type": "Point",
    "coordinates": [
     77.6261256,
     12.9111955
    ]
   }
  },
  {
   "type": "Feature",
   "properties": {
    "@id": "platform/Yellow/SBJT/BMSD-RVR",
    "platform": "Yellow",
    "code": "SBJT",
    "ref": "Yellow",
    "from": "BMSD",
    "to": "RVR",
    "network": "Namma Metro"
   },
   "geometry": {
    "type": "Point",
    "coordinates": [
     77.620117,
     12.9164026
    ]
   }
  },
  {
   "type": "Feature",
   "properties": {
    "@id": "platform/Yellow/BTML/BMSD-RVR",
    "platform": "Yellow",
    "code": "BTML",
    "ref": "Yellow",
    "from": "BMSD",
    "to": "RVR",
    "network": "Namma Metro"
   },
   "geometry": {
    "type": "Point",
    "coordinates": [
     77.6076327,
     12.916573
    ]
   }
  },
  {
   "type": "Feature",
   "properties": {
    "@id": "platform/Yellow/JDHP/BMSD-RVR",
    "platform": "Yellow",
    "code": "JDHP",
    "ref": "Yellow",
    "from": "BMSD",
    "to": "RVR",
    "network": "Namma Metro"
   },
   "geometry": {
    "type": "Point",
    "coordinates": [
     77.5997303,
     12.9167282
    ]
   }
  },
  {
   "type": "Feature",
   "properties": {
    "@id": "platform/Yellow/RGDT/BMSD-RVR",
    "platform": "Yellow",
    "code": "RGDT",
    "ref": "Yellow",
    "from": "BMSD",
    "to": "RVR",
    "network": "Namma Metro"
   },
   "geometry": {
    "type": "Point",
    "coordinates": [
     77.5877835,
     12.9170748
    ]
   }
  },
  {
   "type": "Feature",
   "properties": {
    "@id": "platform/Yellow/RVR/BMSD-RVR",
    "platform": "Yellow",
    "code": "RVR",
    "ref": "Yellow",
    "from": "BMSD",
    "to": "RVR",
    "network": "Namma Metro"
   },
   "geometry": {
    "type": "Point",
    "coordinates": [
     77.5800478,
     12.92186
    ]
   }
  },
  {
   "type": "Feature",
   "properties": {
    "@id": "platform/Yellow/RVR/RVR-BMSD",
    "platform": "Yellow",
    "code": "RVR",
    "ref": "Yellow",
    "from": "RVR",
    "to": "BMSD",
    "network": "Namma Metro"
   },
   "geometry": {
    "type": "Point",
    "coordinates": [
     77.5800946,
     12.9209601
    ]
   }
  },
  {
   "type": "Feature",
   "properties": {
    "@id": "platform/Yellow/RGDT/RVR-BMSD",
    "platform": "Yellow",
    "code": "RGDT",
    "ref": "Yellow",
    "from": "RVR",
    "to": "BMSD",
    "network": "Namma Metro"
   },
   "geometry": {
    "type": "Point",
    "coordinates": [
     77.588698,
     12.9170892
    ]
   }
  },
  {
   "type": "Feature",
   "properties": {
    "@id": "platform/Yellow/JDHP/RVR-BMSD",
    "platform": "Yellow",
    "code": "JDHP",
    "ref": "Yellow",
    "from": "RVR",
    "to": "BMSD",
    "network": "Namma Metro"
   },
   "geometry": {
    "type": "Point",
    "coordinates": [
     77.6004425,
     12.9167643
    ]
   }
  },
  {
   "type": "Feature",
   "properties": {
    "@id": "platform/Yellow/BTML/RVR-BMSD",
    "platform": "Yellow",
    "code": "BTML",
    "ref": "Yellow",
    "from": "RVR",
    "to": "BMSD",
    "network": "Namma Metro"
   },
   "geometry": {
    "type": "Point",
    "coordinates": [
     77.6086222,
     12.916598
    ]
   }
  },
  {
   "type": "Feature",
   "properties": {
    "@id": "platform/Yellow/SBJT/RVR-BMSD",
    "platform": "Yellow",
    "code": "SBJT",
    "ref": "Yellow",
    "from": "RVR",
    "to": "BMSD",
    "network": "Namma Metro"
   },
   "geometry": {
    "type": "Point",
    "coordinates": [
     77.6210257,
     12.9167339
    ]
   }
  },
  {
   "type": "Feature",
   "properties": {
    "@id": "platform/Yellow/HSRL/RVR-BMSD",
    "platform": "Yellow",
    "code": "HSRL",
    "ref": "Yellow",
    "from": "RVR",
    "to": "BMSD",
    "network": "Namma Metro"
   },
   "geometry": {
    "type": "Point",
    "coordinates": [
     77.6267043,
     12.910304
    ]
   }
  },
  {
   "type": "Feature",
   "properties": {
    "@id": "platform/Yellow/OFDC/RVR-BMSD",
    "platform": "Yellow",
    "code": "OFDC",
    "ref": "Yellow",
    "from": "RVR",
    "to": "BMSD",
    "network": "Namma Metro"
   },
   "geometry": {
    "type": "Point",
    "coordinates": [
     77.6322415,
     12.9013317
    ]
   }
  },
  {
   "type": "Feature",
   "properties": {
    "@id": "platform/Yellow/MSRN/RVR-BMSD",
    "platform": "Yellow",
    "code": "MSRN",
    "ref": "Yellow",
    "from": "RVR",
    "to": "BMSD",
    "network": "Namma Metro"
   },
   "geometry": {
    "type": "Point",
    "coordinates": [
     77.63947,
     12.8895614
    ]
   }
  },
  {
   "type": "Feature",
   "properties": {
    "@id": "platform/Yellow/CKBR/RVR-BMSD",
    "platform": "Yellow",
    "code": "CKBR",
    "ref": "Yellow",
    "from": "RVR",
    "to": "BMSD",
    "network": "Namma Metro"
   },
   "geometry": {
    "type": "Point",
    "coordinates": [
     77.6451067,
     12.8804315
    ]
   }
  },
  {
   "type": "Feature",
   "properties": {
    "@id": "platform/Yellow/BSRD/RVR-BMSD",
    "platform": "Yellow",
    "code": "BSRD",
    "ref": "Yellow",
    "from": "RVR",
    "to": "BMSD",
    "network": "Namma Metro"
   },
   "geometry": {
    "type": "Point",
    "coordinates": [
     77.6527461,
     12.8703997
    ]
   }
  },
  {
   "type": "Feature",
   "properties": {
    "@id": "platform/Yellow/HOSR/RVR-BMSD",
    "platform": "Yellow",
    "code": "HOSR",
    "ref": "Yellow",
    "from": "RVR",
    "to": "BMSD",
    "network": "Namma Metro"
   },
   "geometry": {
    "type": "Point",
    "coordinates": [
     77.6581956,
     12.8635659
    ]
   }
  },
  {
   "type": "Feature",
   "properties": {
    "@id": "platform/Yellow/ETCT/RVR-BMSD",
    "platform": "Yellow",
    "code": "ETCT",
    "ref": "Yellow",
    "from": "RVR",
    "to": "BMSD",
    "network": "Namma Metro"
   },
   "geometry": {
    "type": "Point",
    "coordinates": [
     77.6637352,
     12.8562795
    ]
   }
  },
  {
   "type": "Feature",
   "properties": {
    "@id": "platform/Yellow/ECTN/RVR-BMSD",
    "platform": "Yellow",
    "code": "ECTN",
    "ref": "Yellow",
    "from": "RVR",
    "to": "BMSD",
    "network": "Namma Metro"
   },
   "geometry": {
    "type": "Point",
    "coordinates": [
     77.6714519,
     12.8460892
    ]
   }
  },
  {
   "type": "Feature",
   "properties": {
    "@id": "platform/Yellow/HSKR/RVR-BMSD",
    "platform": "Yellow",
    "code": "HSKR",
    "ref": "Yellow",
    "from": "RVR",
    "to": "BMSD",
    "network": "Namma Metro"
   },
   "geometry": {
    "type": "Point",
    "coordinates": [
     77.6777338,
     12.8387166
    ]
   }
  },
  {
   "type": "Feature",
   "properties": {
    "@id": "platform/Yellow/HBGI/RVR-BMSD",
    "platform": "Yellow",
    "code": "HBGI",
    "ref": "Yellow",
    "from": "RVR",
    "to": "BMSD",
    "network": "Namma Metro"
   },
   "geometry": {
    "type": "Point",
    "coordinates": [
     77.6815497,
     12.8285866
    ]
   }
  },
  {
   "type": "Feature",
   "properties": {
    "@id": "platform/Yellow/BMSD/RVR-BMSD",
    "platform": "Yellow",
    "code": "BMSD",
    "ref": "Yellow",
    "from": "RVR",
    "to": "BMSD",
    "network": "Namma Metro"
   },
   "geometry": {
    "type": "Point",
    "coordinates": [
     77.688657,
     12.8190878
    ]
   }
  }
 ]
}